time,waist,shoulder,elbow,wrist_angle,wrist_rotate,ee_x,ee_y,ee_z,fk_x,fk_y,fk_z,qd_cmd_waist,qd_cmd_shoulder,qd_cmd_elbow,qd_cmd_wrist_angle,qd_cmd_wrist_rotate,qd_act_waist,qd_act_shoulder,qd_act_elbow,qd_act_wrist_angle,qd_act_wrist_rotate,dist,sigma
0.450347900390625,-0.2577087879180908,1.196505069732666,-0.552233099937439,0.19634954631328583,-0.2485048919916153,0.4545862740740312,-0.11981515721434916,-0.10686160488550288,0.45458627407403135,-0.11981515721434916,-0.10686160488550286,0.032012873229760826,-0.21026072621326408,0.16057882450789338,0.11877558108325038,1.2182932402782952e-18,0.0,0.0,0.0,0.0,0.0,0.34562697402820586,0.10205061458940405
0.4704301357269287,-0.2577087879180908,1.196505069732666,-0.552233099937439,0.19788353145122528,-0.2485048919916153,0.4545862740740312,-0.11981515721434916,-0.10686160488550288,0.45441090230562214,-0.11976893453407642,-0.10702371466725205,0.03201759244170987,-0.2101945172582731,0.16034886896824596,0.11896951841709226,-2.630967430266604e-18,0.0,0.0,0.0,0.0,0.0,0.34570188829073567,0.10217456270565672
0.4904296398162842,-0.2577087879180908,1.196505069732666,-0.552233099937439,0.19788353145122528,-0.2485048919916153,0.4544109023056221,-0.11976893453407642,-0.10702371466725209,0.45441090230562214,-0.11976893453407642,-0.10702371466725205,0.03201759244170987,-0.2101945172582731,0.16034886896824596,0.11896951841709226,-2.630967430266604e-18,0.0,0.0,0.0,0.0,0.0,0.34570188829073567,0.10217456270565672
0.510427713394165,-0.2577087879180908,1.196505069732666,-0.552233099937439,0.19788353145122528,-0.2485048919916153,0.4544109023056221,-0.11976893453407642,-0.10702371466725209,0.45441090230562214,-0.11976893453407642,-0.10702371466725205,0.03201759244170987,-0.2101945172582731,0.16034886896824596,0.11896951841709226,-2.630967430266604e-18,0.0,0.0,0.0,0.0,0.0,0.34570188829073567,0.10217456270565672
0.5304305553436279,-0.25617480278015137,1.196505069732666,-0.552233099937439,0.19788353145122528,-0.2485048919916153,0.4545940913597244,-0.11907173432206296,-0.10702371466725204,0.4545940913597245,-0.11907173432206296,-0.10702371466725213,0.03184830226475454,-0.2102497332298371,0.16034293290786528,0.1189721531898265,-2.0989046144709754e-17,0.0,0.0,0.0,0.0,0.0,0.3455163718695666,0.1021745627056569
0.5504708290100098,-0.25617480278015137,1.196505069732666,-0.552233099937439,0.19788353145122528,-0.2485048919916153,0.4545940913597244,-0.11907173432206296,-0.10702371466725204,0.4545940913597245,-0.11907173432206296,-0.10702371466725213,0.03184830226475454,-0.2102497332298371,0.16034293290786528,0.1189721531898265,-2.0989046144709754e-17,0.0,0.0,0.0,0.0,0.0,0.3455163718695666,0.1021745627056569
0.5704257488250732,-0.2577087879180908,1.1949710845947266,-0.552233099937439,0.19941750168800354,-0.2485048919916153,0.4545492385097985,-0.1198053957626641,-0.10646470882423499,0.4545492385097984,-0.1198053957626641,-0.10646470882423494,0.03204936003143663,-0.21011891694658436,0.16013896648917397,0.11917327786065243,2.104306508102611e-17,0.0,0.0,0.0,0.0,0.0,0.3452600380605181,0.10229856378342188
0.5904946327209473,-0.2577087879180908,1.1949710845947266,-0.552233099937439,0.19941750168800354,-0.2485048919916153,0.4545492385097985,-0.1198053957626641,-0.10646470882423499,0.4545492385097984,-0.1198053957626641,-0.10646470882423494,0.03204936003143663,-0.21011891694658436,0.16013896648917397,0.11917327786065243,2.104306508102611e-17,0.0,0.0,0.0,0.0,0.0,0.3452600380605181,0.10229856378342188
0.6104843616485596,-0.25617480278015137,1.1949710845947266,-0.5506991147994995,0.200951486825943,-0.2485048919916153,0.4545492385097985,-0.1198053957626641,-0.10646470882423499,0.4542028057969584,-0.1189692449772622,-0.10703352971139164,0.031887558760719005,-0.21008654843589206,0.15980267550915492,0.11922928334233567,2.351588734036086e-17,0.0,0.0,0.0,0.0,0.0,0.3453715308960113,0.10256864068204745
0.6304857730865479,-0.2577087879180908,1.196505069732666,-0.552233099937439,0.20248547196388245,-0.2485048919916153,0.4543736264882479,-0.11975910975894857,-0.10662654021306998,0.45388334883277337,-0.11962988743588342,-0.10750837055094972,0.032031986788652655,-0.2099941424155013,0.1596594093164647,0.11954490086433764,-6.519877519419259e-18,0.0,0.0,0.0,0.0,0.0,0.3459255094547582,0.10254672888386838
0.6504781246185303,-0.2577087879180908,1.1949710845947266,-0.552233099937439,0.20555342733860016,-0.2485048919916153,0.4538453547399337,-0.1196198733451235,-0.10711035863854752,0.45384535473993354,-0.1196198733451235,-0.10711035863854759,0.032068692165223386,-0.20984978515909697,0.15921933670538807,0.1199336262875438,1.0714966510534894e-17,0.0,0.0,0.0,0.0,0.0,0.3455568609986834,0.10279510357157547
0.6704659461975098,-0.2577087879180908,1.1949710845947266,-0.552233099937439,0.20862139761447906,-0.2485048919916153,0.45349197874993685,-0.11952673414974527,-0.10743150636063607,0.4534919787499368,-0.11952673414974527,-0.10743150636063606,0.032078595244001494,-0.20971352236185056,0.15875996756890642,0.12030744676261158,-2.317323316869491e-17,0.0,0.0,0.0,0.0,0.0,0.3457041523401926,0.10304368637758524
0.6904268264770508,-0.25617480278015137,1.1949710845947266,-0.552233099937439,0.21015536785125732,-0.2485048919916153,0.45349197874993685,-0.11952673414974527,-0.10743150636063607,0.4534976828477366,-0.11878455227212166,-0.10759165785017787,0.03191391795498286,-0.2097000628913303,0.15852405602521571,0.12049545068802153,-5.041046110105306e-18,0.0,0.0,0.0,0.0,0.0,0.3455924886225972,0.10316805295864809
0.710468053817749,-0.25617480278015137,1.1949710845947266,-0.5506991147994995,0.21322333812713623,-0.2485048919916153,0.4534976828477363,-0.11878455227212165,-0.10759165785017775,0.4527868391995046,-0.11859836114549784,-0.10831586608716187,0.03192708541151522,-0.20954111889178864,0.15796608948459753,0.12072151115609116,-2.7404579571764183e-18,0.0,0.0,0.0,0.0,0.0,0.3459615280057878,0.10356227475069749
0.7304413318634033,-0.25617480278015137,1.1949710845947266,-0.5506991147994995,0.21475732326507568,-0.2485048919916153,0.4526087756937068,-0.11855172100903813,-0.10847489268946288,0.4526087756937069,-0.11855172100903812,-0.10847489268946277,0.03193220320849731,-0.20947170904712628,0.15773688029172822,0.12090334061342577,3.1001497021594725e-17,0.0,0.0,0.0,0.0,0.0,0.34603443589235716,0.1036867057085438
0.7504653930664062,-0.25617480278015137,1.1949710845947266,-0.5506991147994995,0.2178252786397934,-0.2485048919916153,0.4522519435149858,-0.11845825603184244,-0.1087920963378227,0.4522519435149859,-0.11845825603184243,-0.10879209633782262,0.03194255675359348,-0.20933209451989668,0.15727872625654343,0.12126390209962044,1.7917709278795926e-17,0.0,0.0,0.0,0.0,0.0,0.34617968908560265,0.10393571211241935
0.7704715728759766,-0.25617480278015137,1.1949710845947266,-0.5491651296615601,0.21935926377773285,-0.2485048919916153,0.45171573390574987,-0.11831780676216341,-0.10935332257413745,0.45171573390575004,-0.11831780676216341,-0.10935332257413755,0.031951090749190635,-0.20924087574114977,0.15695135639857932,0.12130000497818767,1.3814620417137096e-17,0.0,0.0,0.0,0.0,0.0,0.34647463414895524,0.1042051651955275
0.7904913425445557,-0.25617480278015137,1.193437099456787,-0.5476311445236206,0.2208932340145111,-0.2485048919916153,0.45171573390574987,-0.11831780676216341,-0.10935332257413745,0.45149635051627485,-0.1182603437173004,-0.10919742708926852,0.03198633405142654,-0.20913937075843467,0.15664095502929445,0.12134360671307066,-3.345817902443427e-18,0.0,0.0,0.0,0.0,0.0,0.3462514505137561,0.10447437775609189
0.8104925155639648,-0.25617480278015137,1.1903691291809082,-0.5430291891098022,0.22396120429039001,-0.2485048919916153,0.45091776191406935,-0.11810879412694497,-0.10944322469004121,0.45069674679688604,-0.11805090368398802,-0.10928660519971778,0.03206070191161493,-0.2089131270920921,0.15591902828604431,0.12128171391063683,1.0851056417376157e-19,0.0,0.0,0.0,0.0,0.0,0.34602608981411864,0.10515624479112948
0.8304388523101807,-0.25617480278015137,1.1873011589050293,-0.5384272933006287,0.22702915966510773,-0.2485048919916153,0.44989284414221936,-0.11784033763146642,-0.10937317479800433,0.4498928441422194,-0.11784033763146644,-0.1093731747980043,0.032135825670618255,-0.20868411502127066,0.15519373092024938,0.12121133654096698,-1.601156129498222e-17,0.0,0.0,0.0,0.0,0.0,0.3457986216984045,0.10583621020888662
0.8504843711853027,-0.25617480278015137,1.1842331886291504,-0.5322913527488708,0.23009712994098663,-0.2485048919916153,0.44989284414221936,-0.11784033763146642,-0.10937317479800433,0.44872318023486363,-0.11753396781129076,-0.10985593276069201,0.03221549879125339,-0.20843027147359816,0.15436346126290296,0.1209888507814275,0.0,0.0,0.0,0.0,0.0,0.0,0.3457906866474998,0.10665727443102709
0.8704872131347656,-0.25617480278015137,1.1780972480773926,-0.5276893973350525,0.2316311001777649,-0.2485048919916153,0.44881580306701213,-0.11755822849014998,-0.10898590185462782,0.4487266788959829,-0.1175348842148587,-0.10836016997773501,0.03234043428325469,-0.20824669723424002,0.15388706307817132,0.12075303159869223,2.4589473647155457e-17,0.0,0.0,0.0,0.0,0.0,0.3444523197220893,0.10720921015476113
0.8905398845672607,-0.25617480278015137,1.1750292778015137,-0.5230874419212341,0.23316508531570435,-0.2485048919916153,0.44813773333830903,-0.11738062182934524,-0.1086000629482914,0.4480920108955074,-0.11736864575956052,-0.10828737587706636,0.032412128771539185,-0.2080831776581311,0.1533769835540036,0.12049882623878093,0.0,0.0,0.0,0.0,0.0,0.0,0.3441490196617232,0.10775960178554347
0.9105846881866455,-0.2546408176422119,1.1688933372497559,-0.52001953125,0.23623304069042206,-0.2485048919916153,0.44844349504739695,-0.11672590364800997,-0.1065490260795587,0.4484434950473971,-0.11672590364801,-0.10654902607955864,0.032368179538168305,-0.20790133045401837,0.15276400605205376,0.1205639591973443,-1.296709477427951e-18,0.0,0.0,0.0,0.0,0.0,0.3424738876030074,0.10829005345416153
0.9305362701416016,-0.2546408176422119,1.164291501045227,-0.5169515609741211,0.2377670258283615,-0.2485048919916153,0.4484771335895314,-0.11673465946512272,-0.10536777843541907,0.4484771335895314,-0.11673465946512272,-0.1053677784354192,0.03246488085182506,-0.20774746806411093,0.15236959314513265,0.12045536374260422,5.8377727984068244e-18,0.0,0.0,0.0,0.0,0.0,0.34142965112454987,0.10869628028721057
0.9504375457763672,-0.25310683250427246,1.1581555604934692,-0.5138835906982422,0.24236896634101868,-0.2485048919916153,0.44863014775513765,-0.11603996238537578,-0.10378377725116585,0.44863014775513765,-0.11603996238537574,-0.10378377725116589,0.032428108550629414,-0.2074890881460082,0.1515281985445758,0.1206651428632035,2.6671379165218255e-18,0.0,0.0,0.0,0.0,0.0,0.3398201910387105,0.10934787607282466
0.9704768657684326,-0.25310683250427246,1.1535536050796509,-0.5108156204223633,0.24543693661689758,-0.2485048919916153,0.44863014775513765,-0.11603996238537578,-0.10378377725116585,0.4484703864714974,-0.11599863949738656,-0.10275688881010353,0.03253264790765954,-0.20725800559758714,0.1509042828834117,0.12070046678528537,1.0932978036324629e-17,0.0,0.0,0.0,0.0,0.0,0.33884190280876436,0.109875222211431
0.9905266761779785,-0.251572847366333,1.147417664527893,-0.5092816352844238,0.24697090685367584,-0.2485048919916153,0.4490800359870233,-0.11542164907846675,-0.10148862308309257,0.44933190675873763,-0.11548638439844607,-0.10046584619811232,0.03248198713334184,-0.20717193090811836,0.15062760419538102,0.12074182913461821,-9.447141417601294e-18,0.0,0.0,0.0,0.0,0.0,0.3368733551548711,0.11013849845450137
1.0105013847351074,-0.251572847366333,1.1412817239761353,-0.5062136650085449,0.2485048919916153,-0.2485048919916153,0.44964631268258987,-0.11556719237765471,-0.09857408617213394,0.4496463126825897,-0.1155671923776547,-0.09857408617213394,0.03261209636888334,-0.207003961779656,0.1502482279597182,0.12063077434143253,-8.226140223062476e-18,0.0,0.0,0.0,0.0,0.0,0.3353082887714158,0.11054141983693808
1.0304419994354248,-0.25003886222839355,1.133611798286438,-0.5046796798706055,0.25003886222839355,-0.2485048919916153,0.4507841387849937,-0.1151227489105012,-0.09556646294005032,0.4507841387849939,-0.11512274891050121,-0.09556646294005042,0.03259399596616882,-0.20690921269757354,0.14999729426651592,0.1206843445622737,8.185258661801398e-18,0.0,0.0,0.0,0.0,0.0,0.33282160981858644,0.11080395173072319
1.0504372119903564,-0.25003886222839355,1.1274758577346802,-0.503145694732666,0.25310683250427246,-0.2485048919916153,0.451250659465101,-0.11524189050954306,-0.09342470165020746,0.4512506594651012,-0.11524189050954309,-0.09342470165020744,0.032731061372365006,-0.20669010557689213,0.14950804702780415,0.1208681354064689,-5.8889031589340094e-18,0.0,0.0,0.0,0.0,0.0,0.3311048850573556,0.11118894177770952
1.0705394744873047,-0.25003886222839355,1.121340036392212,-0.5016117095947266,0.25617480278015137,-0.2485048919916153,0.451250659465101,-0.11524189050954306,-0.09342470165020746,0.45170622385563675,-0.1153582340550049,-0.09128176240870622,0.03287033991244509,-0.20646996845711751,0.14902116342910457,0.12104850724984144,2.3210157727177687e-18,0.0,0.0,0.0,0.0,0.0,0.32938843824151476,0.11157358291746976
1.090486764907837,-0.2485048919916153,1.1167380809783936,-0.5000777244567871,0.2592427730560303,-0.2485048919916153,0.45181624157080935,-0.11538633074410683,-0.09072228031003866,0.45203854567126495,-0.11470475361468788,-0.0898532222658705,0.03280051097892728,-0.20631886003316152,0.14850815326255443,0.121217311378516,-1.0309517544309681e-17,0.0,0.0,0.0,0.0,0.0,0.327999902076847,0.11195787006947874
1.110476016998291,-0.2485048919916153,1.1121361255645752,-0.49854376912117004,0.2623107135295868,-0.2485048919916153,0.4521888250144091,-0.11474288698891845,-0.0884244887239767,0.45218882501440905,-0.11474288698891846,-0.08842448872397654,0.0329107925719375,-0.2061068472239549,0.14800116976733071,0.12137689012955717,-8.064278017520286e-18,0.0,0.0,0.0,0.0,0.0,0.3267983656141268,0.11234179312641907
1.1304423809051514,-0.24697090685367584,1.1075341701507568,-0.49547579884529114,0.26384469866752625,-0.2485048919916153,0.4523382685785697,-0.11404253662206386,-0.08724684636066675,0.4523382685785696,-0.11404253662206383,-0.0872468463606671,0.03283797084678721,-0.20600634070222992,0.1475992445609917,0.12124701257383498,-2.009735715040706e-18,0.0,0.0,0.0,0.0,0.0,0.3255603970371748,0.11274087338425078
1.15053129196167,-0.24697090685367584,1.1029322147369385,-0.49087387323379517,0.26384469866752625,-0.2485048919916153,0.4523382685785697,-0.11404253662206386,-0.08724684636066675,0.4521369947555902,-0.11399179190528287,-0.08632110953585122,0.032942588284644705,-0.2058956330566485,0.14730856493728361,0.12082050264879379,-5.820945401297395e-18,0.0,0.0,0.0,0.0,0.0,0.32466270510380724,0.11315453140886601
1.1704535484313965,-0.24697090685367584,1.0998642444610596,-0.48780590295791626,0.26691266894340515,-0.2485048919916153,0.4518876901609176,-0.11392893777521487,-0.086168358254323,0.4516376957258246,-0.1138659097240862,-0.08601542794187003,0.03302479543658469,-0.20566364103169762,0.14665414037171812,0.12080037722990099,-5.767958574951485e-18,0.0,0.0,0.0,0.0,0.0,0.32419205975859455,0.1136738482165449
1.1905395984649658,-0.24697090685367584,1.0952622890472412,-0.48473793268203735,0.26998063921928406,-0.2485048919916153,0.45138701203857523,-0.11380270790020888,-0.08586231895835374,0.4514185167354543,-0.11381065079559748,-0.08499511716452648,0.03314092066639714,-0.20542097803278944,0.1460231319320706,0.12078850137562909,-3.690379477747175e-18,0.0,0.0,0.0,0.0,0.0,0.3232039550793883,0.11419204105748082
1.2105309963226318,-0.24543693661689758,1.0937283039093018,-0.4801360070705414,0.2730485796928406,-0.2485048919916153,0.45053003497782046,-0.11358664871480653,-0.08596069649736633,0.45045066884860135,-0.11283202380894211,-0.08580676486793837,0.03301064975751596,-0.2052309594908506,0.14521431510075636,0.1205920577981106,-1.5493528343351078e-17,0.0,0.0,0.0,0.0,0.0,0.32327528410509526,0.11484541601513262
1.2304856777191162,-0.24543693661689758,1.0906603336334229,-0.47860202193260193,0.27458256483078003,-0.2485048919916153,0.45047981112925417,-0.11283932357056281,-0.08494050077221448,0.4504798111292543,-0.11283932357056284,-0.08494050077221449,0.03308580343865795,-0.20510395800996112,0.14490921329526696,0.12058765046015864,-2.0646730166580726e-18,0.0,0.0,0.0,0.0,0.0,0.32252130839489224,0.11510329710454115
1.2504808902740479,-0.24543693661689758,1.0891263484954834,-0.475534051656723,0.2791845202445984,-0.2485048919916153,0.45047981112925417,-0.11283932357056281,-0.08494050077221448,0.44950367001376124,-0.11259481293887538,-0.0854966312057057,0.03314284126355534,-0.20479938464795652,0.1440007400954994,0.12065749078407363,-1.889277461718416e-17,0.0,0.0,0.0,0.0,0.0,0.32262501247850356,0.11573977972868058
1.270514726638794,-0.24390295147895813,1.087592363357544,-0.4724660813808441,0.28071850538253784,-0.2485048919916153,0.4494315095056332,-0.11257673767173909,-0.08518926608354725,0.4490639210834231,-0.11175286331818371,-0.0857445415174434,0.03300346388034137,-0.2047156823800497,0.14354217297403069,0.12048283955725476,-1.1314623311701564e-18,0.0,0.0,0.0,0.0,0.0,0.32241635493139814,0.11613193827695983
1.2904736995697021,-0.24390295147895813,1.087592363357544,-0.47093212604522705,0.2822524607181549,-0.2485048919916153,0.44870753294492,-0.11166417350575283,-0.08614681153456723,0.44852290296257286,-0.11161822697517451,-0.08629836931716804,0.03301241490468377,-0.2046083229735918,0.14319118355389418,0.12044638272205745,2.7122556360088217e-17,0.0,0.0,0.0,0.0,0.0,0.3226951305410785,0.11638836717214604
1.3104846477508545,-0.24390295147895813,1.087592363357544,-0.4693981409072876,0.28378644585609436,-0.2485048919916153,0.44798060019291436,-0.11148327093785024,-0.08685076755763603,0.4479806001929144,-0.11148327093785027,-0.08685076755763597,0.03302153204598652,-0.20450110423757129,0.14284086246686847,0.12040920609905552,-1.9633353367372445e-17,0.0,0.0,0.0,0.0,0.0,0.32297380785687685,0.11664450824510088
1.3304409980773926,-0.24390295147895813,1.087592363357544,-0.4663301706314087,0.28685441613197327,-0.2485048919916153,0.4468921877632501,-0.11121241149050781,-0.08795122931657144,0.4468921877632501,-0.11121241149050781,-0.08795122931657132,0.033040265546982486,-0.20428712263749446,0.14214225765284855,0.12033274828827259,1.620435953218191e-17,0.0,0.0,0.0,0.0,0.0,0.32353084394537657,0.11715590751149242
1.350440263748169,-0.24390295147895813,1.087592363357544,-0.46479618549346924,0.2883884012699127,-0.2485048919916153,0.4468921877632501,-0.11121241149050781,-0.08795122931657144,0.44634608590648694,-0.11107651002238404,-0.08849928600306015,0.033049882603933926,-0.204180373322014,0.14179397963472817,0.12029349309753769,1.091180017545727e-17,0.0,0.0,0.0,0.0,0.0,0.32380919902394445,0.11741116348214839
1.3704726696014404,-0.24236896634101868,1.0860583782196045,-0.46019425988197327,0.2914563715457916,-0.2485048919916153,0.44543741995025854,-0.11085038180846898,-0.08944300110927723,0.4453468916745825,-0.11010266612186037,-0.08928377564657698,0.03291998811335565,-0.20398961499380394,0.14098747262725386,0.12007143559109502,-3.303379914937818e-17,0.0,0.0,0.0,0.0,0.0,0.32388073374544146,0.11805428079271028
1.3904740810394287,-0.24236896634101868,1.084524393081665,-0.45712628960609436,0.29452431201934814,-0.2485048919916153,0.444627609873399,-0.11064885460803249,-0.08982745734874363,0.4445356495875897,-0.10990210355295527,-0.08966746495419359,0.03297274178461873,-0.2037653883467177,0.14031135048484414,0.11999666550012465,1.3630516374715258e-17,0.0,0.0,0.0,0.0,0.0,0.3239177390346213,0.11856224391262542
1.4105422496795654,-0.24390295147895813,1.0799225568771362,-0.452524334192276,0.29759228229522705,-0.2485048919916153,0.44419973506075006,-0.10981905574082158,-0.0892004428315742,0.44376787229123943,-0.11043490258027491,-0.0890402053704382,0.03328133073802462,-0.2034314969326164,0.13955287586793996,0.1197756699719608,-1.7248342037069867e-17,0.0,0.0,0.0,0.0,0.0,0.3233148958871615,0.11920145312135547
1.4305055141448975,-0.24236896634101868,1.0768545866012573,-0.44792240858078003,0.2991262674331665,-0.2485048919916153,0.44323375695391165,-0.1095802379406606,-0.0889674150664244,0.44323375695391176,-0.10958023794066062,-0.08896741506642436,0.033177890098904345,-0.20330982666687772,0.1389838305990745,0.11944117677270144,2.4934064631132348e-17,0.0,0.0,0.0,0.0,0.0,0.32280416501811754,0.11971818091635036
1.450441598892212,-0.24236896634101868,1.072252631187439,-0.4448544383049011,0.30066025257110596,-0.2485048919916153,0.44323375695391165,-0.1095802379406606,-0.0889674150664244,0.44317979628335935,-0.10956689729810845,-0.0878002575853575,0.033291480335099294,-0.2031415422142089,0.1385608653705362,0.11926473110775608,-9.701237407717013e-18,0.0,0.0,0.0,0.0,0.0,0.3217395960790974,0.12010168806495322
1.4705383777618408,-0.24236896634101868,1.0676506757736206,-0.4417864680290222,0.3021942377090454,-0.2485048919916153,0.4435560568129949,-0.1089382035224505,-0.08679378797018018,0.4431213629367041,-0.10955245088032171,-0.08663391905683718,0.03340616571720293,-0.20297291146921062,0.13813698611009087,0.11908702332601798,0.0,0.0,0.0,0.0,0.0,0.0,0.32067480612445404,0.1204842852477422
1.4904744625091553,-0.24083499610424042,1.0615147352218628,-0.4387185275554657,0.3037281930446625,-0.2485048919916153,0.4432102626483007,-0.10885327582388404,-0.08632821459760341,0.44350893815634046,-0.10892663109157175,-0.08476807762293373,0.03336728953803163,-0.20285320456518152,0.13772241868680993,0.1189220951980168,-3.926256181228469e-18,0.0,0.0,0.0,0.0,0.0,0.3189071816518827,0.12086596342118798
1.5104894638061523,-0.24083499610424042,1.055378794670105,-0.43718454241752625,0.3067961633205414,-0.2485048919916153,0.4435211779185252,-0.10892963720023255,-0.0839084834465773,0.4438928584955728,-0.1090209226504611,-0.08265299740311696,0.03352319844913107,-0.2026178687410602,0.1372216591505207,0.11901215731438529,1.2302765710173966e-17,0.0,0.0,0.0,0.0,0.0,0.3171658042617362,0.12123586646837838
1.5304455757141113,-0.23930101096630096,1.0492428541183472,-0.4356505572795868,0.3067961633205414,-0.2485048919916153,0.44480938194867803,-0.10852280506167325,-0.08024324916006607,0.44480938194867825,-0.10852280506167328,-0.08024324916006596,0.033476604023826274,-0.20260700645698468,0.13716344567463407,0.11890267122841,-1.0537769839668935e-17,0.0,0.0,0.0,0.0,0.0,0.315122669485607,0.12136624023929218
1.5504696369171143,-0.23930101096630096,1.0446408987045288,-0.4356505572795868,0.3098641335964203,-0.2485048919916153,0.4452568109711298,-0.10863196699609501,-0.07843003118128918,0.44525681097112974,-0.108631966996095,-0.07843003118128908,0.033598277794072054,-0.20241031284927857,0.13677883241685293,0.1191398399818681,3.057297419595535e-17,0.0,0.0,0.0,0.0,0.0,0.3136846291316229,0.12160531572209755
1.5704801082611084,-0.2377670258283615,1.0385050773620605,-0.4356505572795868,0.31139811873435974,-0.2485048919916153,0.4452568109711298,-0.10863196699609501,-0.07843003118128918,0.4463201716949673,-0.10816627056762033,-0.0757630719494562,0.03355917478438615,-0.20234809956304384,0.13663830762046533,0.11929619972221778,-6.1775078028624884e-18,0.0,0.0,0.0,0.0,0.0,0.31148481409991174,0.1217248784359204
1.5904581546783447,-0.2377670258283615,1.0323691368103027,-0.4356505572795868,0.3129321038722992,-0.2485048919916153,0.44666959415982593,-0.10825095355367664,-0.07450220831581157,0.44720218342879825,-0.10838002725148936,-0.07309132798596152,0.03371465956966022,-0.20222307769794232,0.13651015914888254,0.11945010764025106,-7.786291275395693e-18,0.0,0.0,0.0,0.0,0.0,0.3094727260866381,0.12184445735220639
1.6104373931884766,-0.23623304069042206,1.023165225982666,-0.43411657214164734,0.3160000443458557,-0.2485048919916153,0.44821849653156354,-0.10789865820352965,-0.06955596276044725,0.4482184965315636,-0.10789865820352962,-0.06955596276044736,0.03376442395540857,-0.20203369989090694,0.13607551082590766,0.119579038967578,6.111604684492602e-18,0.0,0.0,0.0,0.0,0.0,0.30651168095645975,0.12221331661979194
1.6304211616516113,-0.23623304069042206,1.0154953002929688,-0.4325825870037079,0.31753402948379517,-0.2485048919916153,0.4489714578917652,-0.10807991694468724,-0.06657395056098571,0.44897145789176535,-0.10807991694468726,-0.06657395056098583,0.03396715955389704,-0.20187205922233795,0.13585240031190454,0.11959233994619978,-2.0257099125072133e-17,0.0,0.0,0.0,0.0,0.0,0.3042010667990547,0.12246226556209887
1.6504237651824951,-0.23623304069042206,1.009359359741211,-0.43104860186576843,0.3190680146217346,-0.2485048919916153,0.4494533531355139,-0.10819592253258133,-0.0642982142849733,0.44945335313551427,-0.10819592253258137,-0.06429821428497332,0.03413400629974327,-0.20172048044371563,0.13560509122122413,0.11959069207229157,-9.599000707729366e-18,0.0,0.0,0.0,0.0,0.0,0.3024084542085412,0.12271089557314804
1.6704282760620117,-0.23623304069042206,1.0016894340515137,-0.4279806613922119,0.3221359848976135,-0.2485048919916153,0.4494533531355139,-0.10819592253258133,-0.0642982142849733,0.4496415069622135,-0.10824121639170099,-0.061873697982710446,0.03435205653058954,-0.20144640365055122,0.13502291269476585,0.11953262843124923,-6.360063811459576e-18,0.0,0.0,0.0,0.0,0.0,0.30037047879376516,0.12320719204015931
1.6904206275939941,-0.2346990704536438,0.9970875382423401,-0.424912691116333,0.3221359848976135,-0.2485048919916153,0.44995655452146655,-0.10758710795046642,-0.06086454288809155,0.44985748174352785,-0.10756341909973642,-0.06056515919522036,0.03427931051430636,-0.20142875914747843,0.13483026088575165,0.1192644924307856,-2.858756197148699e-19,0.0,0.0,0.0,0.0,0.0,0.299057867268218,0.1234641828169851
1.710493564605713,-0.2346990704536438,0.9909515976905823,-0.42337870597839355,0.32520392537117004,-0.2485048919916153,0.4498193689318141,-0.10755430611505615,-0.059708802995940766,0.45012405991613347,-0.10762715941942985,-0.05844181982068346,0.03446016430402271,-0.2011936117648234,0.13436244363153674,0.11935330342298009,-2.7453911243022694e-18,0.0,0.0,0.0,0.0,0.0,0.2973223958113675,0.12383028797254414
1.730422019958496,-0.2346990704536438,0.9863497018814087,-0.42031073570251465,0.3267379105091095,-0.2485048919916153,0.4499790206694727,-0.1075924797310672,-0.0572877275255818,0.4499790206694728,-0.1075924797310672,-0.057287727525581894,0.0345944495906602,-0.2010220267990911,0.133944409252631,0.11916349594323815,-1.7042306435645e-17,0.0,0.0,0.0,0.0,0.0,0.2962581998932436,0.12420477219294468
1.750422716140747,-0.2346990704536438,0.9832817316055298,-0.41724279522895813,0.32827189564704895,-0.2485048919916153,0.4495889374064261,-0.10749920865920627,-0.056844094248161225,0.44958893740642614,-0.10749920865920626,-0.05684409424816125,0.03468719877730362,-0.20085996956193986,0.13349111629868957,0.11895191007219319,-3.975856864694344e-17,0.0,0.0,0.0,0.0,0.0,0.295707499171487,0.12457830252802107
1.7704217433929443,-0.2346990704536438,0.9786797761917114,-0.4141748249530792,0.33133986592292786,-0.2485048919916153,0.4492522561658607,-0.10741870630712444,-0.05584429921045567,0.44925225616586084,-0.10741870630712448,-0.05584429921045557,0.034830750755089276,-0.2006040128196744,0.13284308778293513,0.11884347785383731,1.3730637258477938e-17,0.0,0.0,0.0,0.0,0.0,0.2946966139221811,0.12506925993546059
1.7904255390167236,-0.23316508531570435,0.9756118059158325,-0.4111068546772003,0.3328738510608673,-0.2485048919916153,0.4492522561658607,-0.10741870630712444,-0.05584429921045567,0.44902137758988553,-0.10663559699954663,-0.055401731494328824,0.03472393832296135,-0.20051419426047531,0.1323854499445579,0.11863868833105796,-2.4527527578215158e-17,0.0,0.0,0.0,0.0,0.0,0.2939497035507089,0.12544069173000644
1.8104238510131836,-0.23316508531570435,0.9725438356399536,-0.4080389142036438,0.33594179153442383,-0.2485048919916153,0.44873048038684166,-0.10656651343591189,-0.05525632851233492,0.44843891723037177,-0.10649727171869097,-0.05511079559865531,0.03482550378175766,-0.2002684278877546,0.13170168652986342,0.11850345860157675,2.2408514982868973e-17,0.0,0.0,0.0,0.0,0.0,0.29345086017933497,0.12592917233036083
1.830418348312378,-0.23316508531570435,0.9710098505020142,-0.4049709439277649,0.3374757766723633,-0.2485048919916153,0.44780099854050903,-0.10634577594649453,-0.0553749022010569,0.447800998540509,-0.10634577594649453,-0.055374902201056744,0.03487678540673843,-0.20011703303808673,0.13121094918314746,0.11826508019962403,0.0,0.0,0.0,0.0,0.0,0.0,0.2934123379331243,0.12629848231249843
1.850419282913208,-0.2316311001777649,0.9694758653640747,-0.401902973651886,0.33900976181030273,-0.2485048919916153,0.4473237257521493,-0.10550780631993478,-0.05563775251372083,0.4473237257521493,-0.10550780631993478,-0.05563775251372091,0.03472562578251918,-0.2000382184224477,0.1307171441054338,0.11803624971721206,-7.307754003726363e-18,0.0,0.0,0.0,0.0,0.0,0.2931799196721884,0.1266668179591406
1.8704183101654053,-0.2316311001777649,0.9679418802261353,-0.39730104804039,0.3405437469482422,-0.2485048919916153,0.4463340455164241,-0.10527437584303803,-0.05630686391864291,0.44633404551642425,-0.10527437584303803,-0.05630686391864277,0.034777516418321885,-0.1998597560925863,0.13007710923434954,0.11762879074774552,7.302605149644418e-18,0.0,0.0,0.0,0.0,0.0,0.2933532870559173,0.12715880261360482
1.890418529510498,-0.23009712994098663,0.9664078950881958,-0.3942330777645111,0.34207773208618164,-0.2485048919916153,0.4463340455164241,-0.10527437584303803,-0.05630686391864291,0.44585062261568636,-0.10443864450875742,-0.056566349153258394,0.03462546469596737,-0.19978158393320694,0.12958214575422136,0.11739901255547765,4.373283910188512e-18,0.0,0.0,0.0,0.0,0.0,0.293122950040547,0.12752477901852208
1.9104588031768799,-0.23009712994098663,0.9648739695549011,-0.3911651074886322,0.3436117172241211,-0.2485048919916153,0.4455009755809425,-0.1043567411525371,-0.056972482496895904,0.4452045133548797,-0.10428729611541591,-0.05682459516113107,0.034677263562844174,-0.19963240093106105,0.1290903307702894,0.11715919096920933,-8.62633470205561e-18,0.0,0.0,0.0,0.0,0.0,0.29308465018469115,0.12788976648999942
1.9304320812225342,-0.22856314480304718,0.9633399844169617,-0.38963112235069275,0.34821364283561707,-0.2485048919916153,0.4450163610016062,-0.10424322221321582,-0.05697232890346178,0.4446896384180932,-0.10344736925089917,-0.05697113577496021,0.034538885856783885,-0.19941601142303078,0.1282952509616841,0.11724502047698072,-1.712906730143051e-17,0.0,0.0,0.0,0.0,0.0,0.2927484422676817,0.12836410885625066
1.950420618057251,-0.22702915966510773,0.9633399844169617,-0.38656318187713623,0.3497476279735565,-0.2485048919916153,0.44414927582106534,-0.10332166564938744,-0.05752207867610348,0.44395504636973016,-0.10255886343474672,-0.0579256139775009,0.034341952436731604,-0.19934958284979667,0.12777118351797667,0.11699455759427034,1.4534382283810082e-17,0.0,0.0,0.0,0.0,0.0,0.2930383823887854,0.12872711962945202
1.9704856872558594,-0.22702915966510773,0.9618059992790222,-0.3834952116012573,0.3497476279735565,-0.2485048919916153,0.4434927567574556,-0.10245206906986613,-0.05803299798728158,0.4434927567574554,-0.10245206906986612,-0.058032997987281745,0.03438624769135163,-0.19928496138452795,0.1275030028052183,0.11667864494163395,-1.446931383285565e-17,0.0,0.0,0.0,0.0,0.0,0.2929476917012829,0.12897262423614542
1.9904217720031738,-0.22702915966510773,0.9587380290031433,-0.3804272413253784,0.35128161311149597,-0.2485048919916153,0.4434927567574556,-0.10245206906986613,-0.05803299798728158,0.44308264818291304,-0.1023573291415021,-0.05758796156273756,0.0344815974803278,-0.1991266065470227,0.12703879684431577,0.11645235514153847,-9.020846034503774e-18,0.0,0.0,0.0,0.0,0.0,0.2923917922305141,0.12933382456155912
2.01041841506958,-0.22549518942832947,0.9572040438652039,-0.3773592710494995,0.3528155982494354,-0.2485048919916153,0.4427818019767408,-0.10228783011175577,-0.05743823165134625,0.44258421579295537,-0.10152729604639515,-0.05784006548015462,0.034326704423813637,-0.19905023575677666,0.12654161242656795,0.11621801039465095,2.0603862080783266e-17,0.0,0.0,0.0,0.0,0.0,0.2921662681133798,0.12969401522487103
2.030419111251831,-0.22549518942832947,0.954136073589325,-0.374291330575943,0.35588353872299194,-0.2485048919916153,0.4422823953974204,-0.10145805948630815,-0.057689903484299906,0.4419799148188651,-0.10138867148250809,-0.05753962192187548,0.03443025159821229,-0.1988102666750478,0.1258537134411907,0.11606049952284798,-3.600528978861045e-18,0.0,0.0,0.0,0.0,0.0,0.2916618320842414,0.13016910633507797
2.0504746437072754,-0.22549518942832947,0.9495341181755066,-0.3712233603000641,0.35895150899887085,-0.2485048919916153,0.44161476821434476,-0.10130490810800312,-0.05654385615474712,0.441614768214345,-0.10130490810800313,-0.05654385615474708,0.03457832939284949,-0.1985587957097796,0.1251918469597175,0.11591486181714318,7.560607447195048e-18,0.0,0.0,0.0,0.0,0.0,0.29063843567650627,0.13064279279474317
2.0704243183135986,-0.22549518942832947,0.9449321627616882,-0.3681553900241852,0.36201947927474976,-0.2485048919916153,0.441245064492056,-0.10122009934636436,-0.05554913674849156,0.4412450644920562,-0.10122009934636435,-0.0555491367484916,0.034727901338753815,-0.198307230111612,0.12452928114986787,0.11576559722030183,7.518781915763639e-18,0.0,0.0,0.0,0.0,0.0,0.28961445336644825,0.1311150616792972
2.090420961380005,-0.22396120429039001,0.9387962818145752,-0.36508744955062866,0.36201947927474976,-0.2485048919916153,0.4416455907968455,-0.10059910046149564,-0.0535734510447379,0.4416455907968458,-0.10059910046149567,-0.05357345104473796,0.03469711194091667,-0.1982800406074705,0.1243311899553933,0.11550600633664711,-1.4450959649336955e-17,0.0,0.0,0.0,0.0,0.0,0.2877821891655269,0.1313552384687086
2.1104331016540527,-0.22396120429039001,0.9341943264007568,-0.36201947927474976,0.3635534644126892,-0.2485048919916153,0.4414566506545835,-0.10055606321908066,-0.0524379257405663,0.44145665065458345,-0.10055606321908066,-0.05243792574056644,0.034841267348888004,-0.19811088976832886,0.12388844168481307,0.11528793368349112,0.0,0.0,0.0,0.0,0.0,0.0,0.28670672672833125,0.13170991488187975
2.1304306983947754,-0.22396120429039001,0.928058385848999,-0.3604854941368103,0.36508744955062866,-0.2485048919916153,0.4414566506545835,-0.10055606321908066,-0.0524379257405663,0.44184800345032516,-0.10064520650508896,-0.05020607687016361,0.03503291400381854,-0.19795545532614783,0.12362831334081058,0.11525327132753653,6.939983812410193e-18,0.0,0.0,0.0,0.0,0.0,0.28490102532813244,0.13194437852612226
2.1504173278808594,-0.22396120429039001,0.9234564304351807,-0.35895150899887085,0.3666214048862457,-0.2485048919916153,0.4415377418321488,-0.10057453436356487,-0.050059372329617574,0.4419989763096043,-0.10067959546799057,-0.048669323068588705,0.035180657703926164,-0.19781162401787733,0.1233408011344424,0.11520190397689166,1.002252874581551e-17,0.0,0.0,0.0,0.0,0.0,0.2836135131142441,0.13217847969914728
2.1704251766204834,-0.22396120429039001,0.9173205494880676,-0.35895150899887085,0.36968937516212463,-0.2485048919916153,0.44252968847647356,-0.1008004823684908,-0.04617713227698933,0.44252968847647367,-0.1008004823684908,-0.04617713227698923,0.03538623192119043,-0.19759906874095567,0.12302048225492719,0.11540047267886351,-5.4315542303653684e-18,0.0,0.0,0.0,0.0,0.0,0.2816481154763794,0.13240834204452667
2.1904196739196777,-0.22396120429039001,0.9127185940742493,-0.35588353872299194,0.37275734543800354,-0.2485048919916153,0.44252968847647356,-0.1008004823684908,-0.04617713227698933,0.44212861818194465,-0.10070912560711426,-0.045192674331749075,0.035545728187282855,-0.19734560442180696,0.1223551770956698,0.11523878640481074,1.7632640239643274e-17,0.0,0.0,0.0,0.0,0.0,0.2806233379721281,0.1328750606357514
2.210420846939087,-0.22396120429039001,0.9065826535224915,-0.3543495833873749,0.37275734543800354,-0.2485048919916153,0.4425752919103728,-0.1008108700289222,-0.043800788752800426,0.4426717757646993,-0.10083284735453477,-0.042815360985730536,0.03574034845585472,-0.19727216834784303,0.12232874947781339,0.11514727259778955,2.1923535811942614e-17,0.0,0.0,0.0,0.0,0.0,0.2787734217238728,0.13299324342745267
2.2304279804229736,-0.22396120429039001,0.9019807577133179,-0.3528155982494354,0.374291330575943,-0.2485048919916153,0.44292225178079014,-0.10088990138706899,-0.04156862326413188,0.44279565023018996,-0.10086106377978207,-0.04128029313462413,0.03589633574905272,-0.19712727900613217,0.1220473764676842,0.11509605065064617,1.277257824413627e-18,0.0,0.0,0.0,0.0,0.0,0.27748903896111493,0.13322579372930707
2.2504236698150635,-0.22396120429039001,0.8973788022994995,-0.3528155982494354,0.37582531571388245,-0.2485048919916153,0.44325789334977683,-0.10096635463515108,-0.03933627250852989,0.44325789334977694,-0.1009663546351511,-0.03933627250852981,0.036055313768548376,-0.1970086107572031,0.1219299546710876,0.11521781606216308,5.631743737689061e-18,0.0,0.0,0.0,0.0,0.0,0.2759947296211048,0.13334031992588322
2.2704224586486816,-0.22396120429039001,0.8912428617477417,-0.3497476279735565,0.37889325618743896,-0.2485048919916153,0.4430512002876961,-0.10091927358973762,-0.037661938464343014,0.44305120028769596,-0.1009192735897376,-0.037661938464343,0.03627327625015269,-0.19674127139094516,0.12130020404779235,0.11507139339563312,-2.419434230111769e-17,0.0,0.0,0.0,0.0,0.0,0.2744565952049438,0.1338041140594315
2.2904746532440186,-0.22242721915245056,0.8866409063339233,-0.34821364283561707,0.38196122646331787,-0.2485048919916153,0.4431216433908124,-0.10022055816353342,-0.036276030305260734,0.44312164339081245,-0.10022055816353345,-0.03627603030526069,0.03622442922402409,-0.19659215592690166,0.12079582100116736,0.11508667676733078,1.2109508251854645e-17,0.0,0.0,0.0,0.0,0.0,0.2730241074396697,0.134149676461889
2.3105461597442627,-0.22242721915245056,0.8805050253868103,-0.3466796576976776,0.3834952116012573,-0.2485048919916153,0.4431216433908124,-0.10022055816353342,-0.036276030305260734,0.44342937009242434,-0.10029015652835575,-0.03404636949512717,0.03644046870490777,-0.19643506132048727,0.12055895260848735,0.11505839207304276,7.652317032583856e-18,0.0,0.0,0.0,0.0,0.0,0.2712284383433988,0.1343805489611273
2.3304266929626465,-0.22242721915245056,0.8774370551109314,-0.34514567255973816,0.3850291967391968,-0.2485048919916153,0.4432962954951053,-0.100260059125939,-0.033761075838606755,0.44331485841956314,-0.1002642574915076,-0.033211760768687204,0.036552952203746145,-0.19630100144394286,0.12024491546949007,0.11498244733500501,3.2063314311206194e-18,0.0,0.0,0.0,0.0,0.0,0.2704594414935774,0.13461105060806955
2.3504879474639893,-0.22242721915245056,0.872835099697113,-0.34207773208618164,0.38656318187713623,-0.2485048919916153,0.44338651954773156,-0.10028046504618426,-0.032229713487370124,0.44306347279226455,-0.10020740175390612,-0.03209329524054695,0.03671797106880891,-0.19612835600265371,0.11980241591354182,0.11475373055263734,-4.431417450853317e-18,0.0,0.0,0.0,0.0,0.0,0.2693875109021222,0.13495713849506544
2.3704240322113037,-0.2208932340145111,0.8682331442832947,-0.33900976181030273,0.38963112235069275,-0.2485048919916153,0.4428928663966908,-0.09945491923241657,-0.03195679016514111,0.44277241267016754,-0.09942787044352981,-0.031124244000452456,0.036670051647668976,-0.1959546389952195,0.11913157161059929,0.1145873259953899,6.824177623066044e-18,0.0,0.0,0.0,0.0,0.0,0.2681623354208415,0.1354157398119631
2.390425443649292,-0.21935926377773285,0.8636311888694763,-0.3374757766723633,0.3911651074886322,-0.2485048919916153,0.44300360055426247,-0.09876620906492813,-0.029596230902865797,0.4430036005542627,-0.09876620906492817,-0.02959623090286573,0.03661563291966582,-0.19589221831856368,0.11885689597598173,0.11454794325273313,1.2755424431848826e-17,0.0,0.0,0.0,0.0,0.0,0.26668120108833315,0.13564447881526084
2.4104726314544678,-0.21935926377773285,0.8605632185935974,-0.3344078063964844,0.39269909262657166,-0.2485048919916153,0.44300360055426247,-0.09876620906492813,-0.029596230902865797,0.44253886712227153,-0.0986625982607585,-0.029178282586476822,0.03672890580992791,-0.1957317588380374,0.11837058755670003,0.11429053286917398,5.566553667420993e-18,0.0,0.0,0.0,0.0,0.0,0.26612109167280273,0.13598756063462394
2.4304792881011963,-0.2178252786397934,0.8574953079223633,-0.33133986592292786,0.3942330777645111,-0.2485048919916153,0.44240017352906497,-0.09863167697613356,-0.02889578524429437,0.44222288610906135,-0.09788031265823878,-0.02876092720675188,0.03661672294152036,-0.19565532950187867,0.1178819715405476,0.11404678381638947,1.0643697404294354e-17,0.0,0.0,0.0,0.0,0.0,0.2653623525386605,0.1363295544953289
2.450468063354492,-0.2178252786397934,0.8528933525085449,-0.32827189564704895,0.39576706290245056,-0.2485048919916153,0.4419531013587979,-0.09782059929528152,-0.02764993054464565,0.4419531013587976,-0.09782059929528147,-0.027649930544645675,0.03678650241904277,-0.1954836624334788,0.11743444954248505,0.11381284125476601,9.316782058265303e-18,0.0,0.0,0.0,0.0,0.0,0.26428910944829215,0.1366704603096215
2.4704649448394775,-0.21629129350185394,0.849825382232666,-0.32520392537117004,0.39730104804039,-0.2485048919916153,0.4419531013587979,-0.09782059929528152,-0.02764993054464565,0.44163122907761815,-0.09703895331416428,-0.027234458867912373,0.03667340004161305,-0.19540822052245976,0.11694298378121736,0.11356720006053228,8.488132039728524e-18,0.0,0.0,0.0,0.0,0.0,0.26353052935016175,0.1370102713031896
2.4904608726501465,-0.21629129350185394,0.8452234268188477,-0.32520392537117004,0.401902973651886,-0.2485048919916153,0.4417877198949311,-0.09636316915741955,-0.026687826989507557,0.4416532233204744,-0.09704378607544828,-0.025594533763228036,0.03686800158653692,-0.19512134978356035,0.11639012608217426,0.1137740553099428,-3.069616983382119e-18,0.0,0.0,0.0,0.0,0.0,0.26212726570263223,0.13734813412816363
2.5104634761810303,-0.21475732326507568,0.8421554565429688,-0.3221359848976135,0.40343695878982544,-0.2485048919916153,0.4413255785346442,-0.09626236643233121,-0.025180989526980446,0.44132557853464427,-0.09626236643233126,-0.02518098952698056,0.03675410712273673,-0.19504698030155126,0.11589725080473123,0.11352488961253047,-3.0601650585125908e-18,0.0,0.0,0.0,0.0,0.0,0.261368097766713,0.13768619875537286
2.5305347442626953,-0.21475732326507568,0.8390874862670898,-0.3190680146217346,0.4049709439277649,-0.2485048919916153,0.4413255785346442,-0.09626236643233121,-0.025180989526980446,0.44084768632263877,-0.09615812811607503,-0.02476805800933118,0.036870654664946524,-0.1948876663032104,0.11540390693788635,0.11325956104992223,-1.6749156802123765e-17,0.0,0.0,0.0,0.0,0.0,0.2608071464018004,0.13802315933358597
2.550541639328003,-0.21322333812713623,0.8360195755958557,-0.31753402948379517,0.4049709439277649,-0.2485048919916153,0.44104138721936886,-0.09620037834494513,-0.0240757788530582,0.4410432426160927,-0.09549227753548714,-0.023796606626777333,0.03675038276351478,-0.19492393489510995,0.11531156594610135,0.1131480429683235,-3.037779265377852e-18,0.0,0.0,0.0,0.0,0.0,0.2597933182986578,0.13813518545434605
2.570465087890625,-0.21322333812713623,0.8329516053199768,-0.3160000443458557,0.40650492906570435,-0.2485048919916153,0.4408976286525345,-0.09546074999424502,-0.02351766261753037,0.44089999173348443,-0.09546126163564453,-0.02297235606945836,0.03687108177947306,-0.19479079310446548,0.11499365543715749,0.11306121671916892,-1.267546460470676e-17,0.0,0.0,0.0,0.0,0.0,0.2590218765691073,0.13835900908086024
2.590512990951538,-0.21322333812713623,0.8298836350440979,-0.3129321038722992,0.40957286953926086,-0.2485048919916153,0.44022695517272703,-0.09531553943010716,-0.022708402335548564,0.4402269551727269,-0.09531553943010716,-0.022708402335548664,0.03699779338435251,-0.1945478119365351,0.11427055915946842,0.11283176583507173,1.128772549156665e-17,0.0,0.0,0.0,0.0,0.0,0.2585052958208907,0.13880548378623958
2.610466957092285,-0.21168935298919678,0.8252816796302795,-0.31139811873435974,0.41264083981513977,-0.2485048919916153,0.4402250894582374,-0.09460841387528618,-0.021341143726520656,0.44022508945823713,-0.09460841387528615,-0.021341143726520736,0.03695284750611765,-0.19440559661227375,0.11376751319179448,0.11282167527248502,2.9929499705075795e-18,0.0,0.0,0.0,0.0,0.0,0.25706656851856224,0.13913976221879015
2.630479574203491,-0.21168935298919678,0.8222137093544006,-0.30833014845848083,0.4141748249530792,-0.2485048919916153,0.4402250894582374,-0.09460841387528618,-0.021341143726520656,0.43973725271765823,-0.0945035732804144,-0.020932672642466444,0.03707227803604887,-0.19424677164158966,0.11326866210165408,0.11255018671103047,1.5459104332882033e-17,0.0,0.0,0.0,0.0,0.0,0.2565052547785771,0.1394722665814548
2.6504669189453125,-0.21168935298919678,0.8191457390785217,-0.3067961633205414,0.41724279522895813,-0.2485048919916153,0.4397350826258306,-0.09450310690775485,-0.020388524736531466,0.4393947788908543,-0.09442997251043649,-0.020257551969107872,0.03720504004887509,-0.19402964187425445,0.11272239336248947,0.11249305972450488,-7.24920528620044e-18,0.0,0.0,0.0,0.0,0.0,0.2557769250747432,0.1398050243480801
2.6704907417297363,-0.21168935298919678,0.8160778284072876,-0.3067961633205414,0.4187767803668976,-0.2485048919916153,0.4395776296714678,-0.09446926882212783,-0.01902411477765792,0.43957762967146763,-0.0944692688221278,-0.019024114777657957,0.03733393441419244,-0.19392131501289658,0.11258347754325718,0.1125811943124469,1.5456280973356483e-17,0.0,0.0,0.0,0.0,0.0,0.25479434323289585,0.13991629998777147
2.690534830093384,-0.21168935298919678,0.8114758729934692,-0.3067961633205414,0.4187767803668976,-0.2485048919916153,0.4395776296714678,-0.09446926882212783,-0.01902411477765792,0.44013019838289225,-0.09458802091190381,-0.016953706110666353,0.03751625160700887,-0.193884835198424,0.11271953895686182,0.11266551665849443,1.2641473267963789e-17,0.0,0.0,0.0,0.0,0.0,0.2532572939832605,0.13991629998777158
2.7104651927948,-0.21168935298919678,0.8084079027175903,-0.30526217818260193,0.42031073570251465,-0.2485048919916153,0.4396051117481124,-0.09447517497273944,-0.017514935995317157,0.4399699991068907,-0.09455359261653988,-0.016134873138683743,0.03764369345235467,-0.19375055720768353,0.11240108928381712,0.11257243013012541,7.310216665934394e-18,0.0,0.0,0.0,0.0,0.0,0.25248616992354933,0.14013714722736847
2.73046875,-0.21168935298919678,0.8053399324417114,-0.3037281930446625,0.42337870597839355,-0.2485048919916153,0.439617926165344,-0.0944779289086646,-0.015463323964803904,0.43961792616534373,-0.09447792890866458,-0.015463323964803936,0.03778100990046273,-0.19353180650377066,0.11185444701425874,0.1125096105224309,1.937392015094178e-17,0.0,0.0,0.0,0.0,0.0,0.25175761302294264,0.14046863621969755
2.750467300415039,-0.21168935298919678,0.8007379770278931,-0.3021942377090454,0.42644667625427246,-0.2485048919916153,0.439617926165344,-0.0944779289086646,-0.015463323964803904,0.43944246894695405,-0.09444022154138283,-0.01410285814410019,0.03798228460704977,-0.19330012558510573,0.11135461969478647,0.11247319097697052,-9.744842187219171e-19,0.0,0.0,0.0,0.0,0.0,0.25051735381323387,0.14079948374817539
2.7704644203186035,-0.21015536785125732,0.7976700067520142,-0.3021942377090454,0.42644667625427246,-0.2485048919916153,0.43976472424763746,-0.09380395994373805,-0.013413229046261826,0.4399415919223452,-0.0938416866811475,-0.012723321720871279,0.03786766562449601,-0.19336731612308244,0.11145141077677374,0.11255140600176874,-1.5514603315456354e-17,0.0,0.0,0.0,0.0,0.0,0.2492929275383673,0.14079948374817544
2.79046630859375,-0.21015536785125732,0.79460209608078,-0.2991262674331665,0.42951464653015137,-0.2485048919916153,0.4392495101801923,-0.09369406227100463,-0.012470934042611903,0.4392495101801924,-0.09369406227100464,-0.012470934042611796,0.038002939491589706,-0.1931223636813952,0.11071687000223032,0.11229721691929279,-2.358510700702946e-17,0.0,0.0,0.0,0.0,0.0,0.24877288876641496,0.14123792781865677
2.810462236404419,-0.20862139761447906,0.7915341258049011,-0.29759228229522705,0.42951464653015137,-0.2485048919916153,0.4392495101801923,-0.09369406227100463,-0.012470934042611903,0.4394108883055056,-0.09302400347125965,-0.011509546472713298,0.037882669515368214,-0.19316479594156657,0.11062708316078036,0.11219067190501433,1.3800850384833168e-17,0.0,0.0,0.0,0.0,0.0,0.24775806832168634,0.14134598754231859
2.830470323562622,-0.20862139761447906,0.7869321703910828,-0.2960582971572876,0.4325825870037079,-0.2485048919916153,0.439063200434502,-0.09295039738051421,-0.011384049269117458,0.4392202068386222,-0.09298363589296486,-0.010153462869706299,0.03808888320058143,-0.19293319095731365,0.11012827276231894,0.11215010387791652,2.101703893473565e-17,0.0,0.0,0.0,0.0,0.0,0.2465170984096864,0.14167476246669872
2.850486993789673,-0.2070874124765396,0.7838642001152039,-0.2929903268814087,0.43411657214164734,-0.2485048919916153,0.43887129217219123,-0.09290977008762168,-0.010028713438417186,0.43885386713683505,-0.09220294267377802,-0.009757665510387165,0.03797161049546955,-0.19286655408521952,0.10961938545052195,0.11188270196959356,2.3251076605217372e-17,0.0,0.0,0.0,0.0,0.0,0.2457532717650811,0.1419997785089632
2.8704276084899902,-0.2070874124765396,0.7792622447013855,-0.2899223864078522,0.43718454241752625,-0.2485048919916153,0.43836197145105676,-0.0928019460582411,-0.0096331097930418,0.43832424866922326,-0.09209167014124509,-0.008821585956793904,0.038174964241865735,-0.19260948255157542,0.10892854491896596,0.11165036298609693,1.9953710165380883e-17,0.0,0.0,0.0,0.0,0.0,0.24472127691293488,0.14243361294839668
2.890479326248169,-0.20555342733860016,0.7761942744255066,-0.28685441613197327,0.43718454241752625,-0.2485048919916153,0.43799247580762374,-0.09202196485566026,-0.009238219345172785,0.4381423805534788,-0.09135191355318042,-0.00828175229309314,0.038047403258467796,-0.1926282809236795,0.1086455726672881,0.11135713054045394,7.918661610252153e-18,0.0,0.0,0.0,0.0,0.0,0.24391707545340782,0.14264632922159703
2.9104268550872803,-0.20555342733860016,0.7731263637542725,-0.2853204309940338,0.44025251269340515,-0.2485048919916153,0.43776859918438116,-0.09127398079699632,-0.007618007785571548,0.4377685991843811,-0.0912739807969963,-0.00761800778557151,0.038192322952420185,-0.19240924647281107,0.10809410230495113,0.11127734090009872,-1.2692897935983132e-17,0.0,0.0,0.0,0.0,0.0,0.24318615036668645,0.14297169031450468
2.9304263591766357,-0.20555342733860016,0.7685244083404541,-0.2822524607181549,0.44332045316696167,-0.2485048919916153,0.4372290520477931,-0.09116148617066688,-0.006686216089020827,0.43722905204779305,-0.09116148617066688,-0.006686216089020997,0.03839951707426327,-0.19215212023934933,0.10739889517839714,0.11103796619474533,-9.854088326933876e-18,0.0,0.0,0.0,0.0,0.0,0.24215390974171525,0.14340167676584095
2.9504621028900146,-0.20555342733860016,0.7639224529266357,-0.2791845202445984,0.4448544383049011,-0.2485048919916153,0.43687619602467825,-0.09108791631221222,-0.0056108552434936815,0.43687619602467836,-0.09108791631221223,-0.005610855243493754,0.038599538807862314,-0.19197886465152852,0.10693154428038856,0.11077573228883054,-1.0638562590685721e-17,0.0,0.0,0.0,0.0,0.0,0.24108153336118443,0.1437208677592602
2.9704740047454834,-0.2040194571018219,0.7593204975128174,-0.2761165499687195,0.4463884234428406,-0.2485048919916153,0.43687619602467825,-0.09108791631221222,-0.0056108552434936815,0.436658407413977,-0.09034379155948762,-0.004537609332983156,0.038548704970950254,-0.19190217177609203,0.1064631839595514,0.11053218855811199,-2.6177528473653266e-17,0.0,0.0,0.0,0.0,0.0,0.2398068261758264,0.144038879407714
2.9904661178588867,-0.2040194571018219,0.7531846165657043,-0.2730485796928406,0.44792240858078003,-0.2485048919916153,0.4367943496733528,-0.09037191775363992,-0.003315020795082113,0.43645954368796075,-0.09030264703391133,-0.0027829389509632686,0.03882138753278665,-0.19171534314125946,0.10604434949791613,0.11030020007606926,1.3253637711701022e-17,0.0,0.0,0.0,0.0,0.0,0.23822414043428025,0.14435570487380625
3.0104260444641113,-0.20248547196388245,0.748582661151886,-0.2715145945549011,0.44792240858078003,-0.2485048919916153,0.43675004131863615,-0.0896643242817514,-0.0011498972865010143,0.43675004131863626,-0.0896643242817514,-0.0011498972865009484,0.03876905912920478,-0.19174965691072063,0.10600499380324149,0.1102298397948185,7.077567393458088e-18,0.0,0.0,0.0,0.0,0.0,0.2366992646715618,0.14445938170326564
3.0304675102233887,-0.20248547196388245,0.7424467206001282,-0.26998063921928406,0.452524334192276,-0.2485048919916153,0.43675004131863615,-0.0896643242817514,-0.0011498972865010143,0.4364828181632565,-0.08960946364891159,0.0007265852665115473,0.03907392188872356,-0.1914182659425077,0.10532522864082516,0.11022155585700266,5.14334802429205e-18,0.0,0.0,0.0,0.0,0.0,0.2349872924914226,0.1448882264277918
3.0504679679870605,-0.20248547196388245,0.7378447651863098,-0.2684466540813446,0.4555923044681549,-0.2485048919916153,0.4361215760013087,-0.08953530101287535,0.0008441379846674119,0.4362418302550508,-0.08955998908473276,0.002063991087524069,0.0393017230334376,-0.19118343232191037,0.1048234180613443,0.11016055088784178,7.05003886620107e-18,0.0,0.0,0.0,0.0,0.0,0.23374624821544882,0.14520781849598094
3.0704352855682373,-0.20248547196388245,0.7317088842391968,-0.26691266894340515,0.45712628960609436,-0.2485048919916153,0.43670044935519436,-0.08965414310379802,0.0041145078994298465,0.4363374914767004,-0.08957962823295877,0.0042295247964145265,0.03959648676894797,-0.19101904853744706,0.10461189492621073,0.11012137434594627,2.6193638375514153e-18,0.0,0.0,0.0,0.0,0.0,0.23195851178666005,0.14541856554997032
3.0904653072357178,-0.200951486825943,0.725572943687439,-0.2653786838054657,0.4586602747440338,-0.2485048919916153,0.4364482332903987,-0.08960236341087657,0.005449146291041235,0.4365591929761378,-0.08892746192798749,0.006393828090682823,0.039634031702372265,-0.1909584774577832,0.10440774525410158,0.11010800429548433,-9.740450322873801e-18,0.0,0.0,0.0,0.0,0.0,0.22996507816408565,0.1456288908153271
3.11053729057312,-0.200951486825943,0.7209709882736206,-0.2653786838054657,0.4586602747440338,-0.2485048919916153,0.43699842937149647,-0.08901693473821366,0.008445146726457624,0.4369984293714967,-0.0890169347382137,0.008445146726457627,0.03986058274912527,-0.19091893100833274,0.10459014358400338,0.1102240085228376,-1.5039550555114604e-17,0.0,0.0,0.0,0.0,0.0,0.22844255994876053,0.14562889081532707
3.1304666996002197,-0.200951486825943,0.7163690328598022,-0.26384469866752625,0.46172821521759033,-0.2485048919916153,0.43673177280357184,-0.08896261657890449,0.009775731416913208,0.4367317728035719,-0.0889626165789045,0.009775731416913205,0.04010067789228827,-0.19068094731266913,0.10409348980170181,0.11016169298446998,1.4281555445380863e-17,0.0,0.0,0.0,0.0,0.0,0.2272047973089167,0.1459467017235611
3.150524854660034,-0.200951486825943,0.7117670774459839,-0.2623107135295868,0.4632622003555298,-0.2485048919916153,0.43673177280357184,-0.08896261657890449,0.009775731416913208,0.4366486380458719,-0.08894568196128745,0.011253261558224505,0.04033402878509667,-0.19052788630478845,0.10383383635877187,0.11009018712675606,1.5833985254103783e-17,0.0,0.0,0.0,0.0,0.0,0.2259306355658104,0.1461560546767796
3.1705453395843506,-0.200951486825943,0.7086991667747498,-0.2623107135295868,0.4663301706314087,-0.2485048919916153,0.43660029940214984,-0.08893583534032881,0.011787993113637318,0.4365511624767204,-0.08892582610873848,0.012322674935697605,0.040510661576766464,-0.19032807942093422,0.10348810131152562,0.1101848614899967,-2.3000800988411562e-17,0.0,0.0,0.0,0.0,0.0,0.2249926323648956,0.14637157606330006
3.1905412673950195,-0.200951486825943,0.7056311964988708,-0.26077672839164734,0.46786415576934814,-0.2485048919916153,0.43618295531636964,-0.08885082201133195,0.012431818722406458,0.4363213198221016,-0.08887900697344853,0.013114766027346385,0.040669388051698174,-0.19018756826333807,0.10316520590363185,0.11007108557292368,1.1344450374818384e-17,0.0,0.0,0.0,0.0,0.0,0.22422519665155688,0.14658025093199606
3.210463047027588,-0.200951486825943,0.7025632262229919,-0.2592427730560303,0.4693981409072876,-0.2485048919916153,0.4360895197841265,-0.08883178911758016,0.013905940166278968,0.4360895197841267,-0.08883178911758025,0.01390594016627891,0.040829346554839836,-0.19004662517294957,0.10284192058108305,0.10995647017606683,0.0,0.0,0.0,0.0,0.0,0.0,0.22345803024256783,0.14678849693218293
3.230463981628418,-0.19941750168800354,0.699495255947113,-0.25617480278015137,0.4693981409072876,-0.2485048919916153,0.43586265232364785,-0.08808944299271722,0.014418934805289677,0.4358626523236479,-0.08808944299271723,0.014418934805289604,0.04070082809306596,-0.1900768873119277,0.10254393277967207,0.10966152962386251,7.537189008912422e-19,0.0,0.0,0.0,0.0,0.0,0.22264877450734413,0.1469892027127413
3.2504806518554688,-0.19941750168800354,0.6979612708091736,-0.25310683250427246,0.4724660813808441,-0.2485048919916153,0.43586265232364785,-0.08808944299271722,0.014418934805289677,0.43498464679804255,-0.08791199485100842,0.01395298406924268,0.04078113730162523,-0.1898381768644261,0.10169811021126093,0.10930436972887196,-4.9831354212832254e-18,0.0,0.0,0.0,0.0,0.0,0.22263063842789305,0.1474032044598173
3.2704663276672363,-0.19788353145122528,0.6948933005332947,-0.25003886222839355,0.475534051656723,-0.2485048919916153,0.43493157165858815,-0.0879012681703755,0.014485808843833263,0.43437476766426597,-0.08709541611924725,0.014169094149372601,0.040670728986453866,-0.1896966674197979,0.10092007883732958,0.10901200703005655,-1.3949397016204122e-17,0.0,0.0,0.0,0.0,0.0,0.2218960082936339,0.14781548344540937
3.290465831756592,-0.19788353145122528,0.6918253302574158,-0.2485048919916153,0.4770680367946625,-0.2485048919916153,0.43451060748793857,-0.08712265302813116,0.014848787211451948,0.43413742878967526,-0.08704782788534751,0.01495627898236344,0.04083287802558541,-0.18955585253919052,0.1005918108688095,0.1088919834894927,4.950227580702007e-18,0.0,0.0,0.0,0.0,0.0,0.221128039721216,0.14802097264795652
3.310476064682007,-0.19634954631328583,0.6918253302574158,-0.24543693661689758,0.4801360070705414,-0.2485048919916153,0.433250235306553,-0.0861788324335294,0.013815621367971043,0.43325023530655304,-0.08617883243352939,0.013815621367970859,0.040558240111494503,-0.18944424009286392,0.09968458823790165,0.10851477117665252,-2.1315912429975505e-17,0.0,0.0,0.0,0.0,0.0,0.22140915899031277,0.14843064832812114
3.330462694168091,-0.19634954631328583,0.6902913451194763,-0.24236896634101868,0.48166999220848083,-0.2485048919916153,0.433250235306553,-0.0861788324335294,0.013815621367971043,0.4325542606524465,-0.0860403944634916,0.013502023904245913,0.040628612510599245,-0.18929359647610913,0.09907427573423368,0.10815138146915035,-4.3359040518802314e-18,0.0,0.0,0.0,0.0,0.0,0.2213586468135315,0.1487324626437417
3.3504724502563477,-0.19481556117534637,0.6887574195861816,-0.23930101096630096,0.48166999220848083,-0.2485048919916153,0.4322324371635746,-0.08597637978961374,0.013080244840013605,0.43217944937975444,-0.0852768620595243,0.0133345709176339,0.04041312797550987,-0.18933836802424406,0.098701901930024,0.10781345407343967,-9.247131223351607e-18,0.0,0.0,0.0,0.0,0.0,0.22106466818011106,0.14892713348880646
3.3704729080200195,-0.19481556117534637,0.6872234344482422,-0.2377670258283615,0.4832039475440979,-0.2485048919916153,0.4318031336875099,-0.08520260813230862,0.01344358286947165,0.4318031336875103,-0.08520260813230868,0.013443582869471542,0.04049379146716011,-0.18921333681726074,0.09830768293714617,0.10765023843825791,-6.551250907706689e-19,0.0,0.0,0.0,0.0,0.0,0.2208042886499811,0.1491299546089487
3.3905389308929443,-0.19328159093856812,0.6856894493103027,-0.23316508531570435,0.4862719178199768,-0.2485048919916153,0.4318031336875099,-0.08520260813230862,0.01344358286947165,0.43071697282181987,-0.08430206472589051,0.012567899304544699,0.04028581162879786,-0.18906339217563845,0.09724388064117365,0.10710992114799309,1.266992960588017e-17,0.0,0.0,0.0,0.0,0.0,0.22080049861736714,0.1496303902136432
3.4105381965637207,-0.19328159093856812,0.6841554641723633,-0.23009712994098663,0.4893398880958557,-0.2485048919916153,0.4301994631268793,-0.08420077515860615,0.012005281563264254,0.4298207518391799,-0.08412665190481632,0.012115820962918782,0.04036594544074054,-0.18883040155201267,0.09639687607603079,0.10674408676035022,6.351082562198077e-19,0.0,0.0,0.0,0.0,0.0,0.22079200782031055,0.15003232220534582
3.4305496215820312,-0.19328159093856812,0.6810874938964844,-0.22702915966510773,0.4924078583717346,-0.2485048919916153,0.4290615347753931,-0.08397805417105848,0.012336926562726926,0.42906153477539305,-0.08397805417105847,0.012336926562726832,0.040527901396822226,-0.18858241914097712,0.09560494475857668,0.10641095921616739,1.8178784302401672e-18,0.0,0.0,0.0,0.0,0.0,0.2202736230131091,0.1504324753970119
3.450479745864868,-0.19174760580062866,0.676485538482666,-0.22549518942832947,0.4939418137073517,-0.2485048919916153,0.42908544204639104,-0.0832995124159416,0.013788070861121958,0.42908544204639126,-0.08329951241594162,0.013788070861121934,0.04049246358467937,-0.18853517873311887,0.09531814972616055,0.1063353571354558,-3.046862053958828e-17,0.0,0.0,0.0,0.0,0.0,0.21878802176085707,0.15063187910684422
3.4704670906066895,-0.19174760580062866,0.6734175682067871,-0.22242721915245056,0.4939418137073517,-0.2485048919916153,0.42908544204639104,-0.0832995124159416,0.013788070861121958,0.42870926207785326,-0.08322648358557531,0.014291244664113394,0.0406356266232385,-0.18845526103269747,0.09499165018755948,0.10600678039212498,-2.4588733321082488e-18,0.0,0.0,0.0,0.0,0.0,0.2181960983044024,0.15082037423303055
3.4904658794403076,-0.19174760580062866,0.6688156127929688,-0.22242721915245056,0.49547579884529114,-0.2485048919916153,0.4287866988779008,-0.08324151660011025,0.015488541702344504,0.42892072354339944,-0.08326753516935954,0.016158678865710634,0.040897005491988304,-0.18832219392491276,0.09492608918081058,0.10610772123661122,-2.437858373210225e-18,0.0,0.0,0.0,0.0,0.0,0.21670162522278216,0.15092487137246868
3.510465145111084,-0.19174760580062866,0.6657477021217346,-0.22242721915245056,0.4970097839832306,-0.2485048919916153,0.42853771841496985,-0.08319318135232295,0.01626596166895388,0.4289929614437893,-0.083281558907503,0.017355998782481476,0.04107689291957926,-0.1882048090105143,0.09480604226884985,0.10617422426717196,-3.0184983842428132e-18,0.0,0.0,0.0,0.0,0.0,0.215718652861705,0.1510293475041679
3.5304665565490723,-0.19174760580062866,0.6626797318458557,-0.22242721915245056,0.5000777244567871,-0.2485048919916153,0.42886904013093147,-0.08325750172931078,0.018409713901482404,0.42886904013093147,-0.08325750172931076,0.018409713901482393,0.04126902569249812,-0.18800180979828535,0.09444998129915168,0.10623301712950296,2.410110636954202e-18,0.0,0.0,0.0,0.0,0.0,0.21477236575202627,0.15123823390601546
3.550431966781616,-0.19174760580062866,0.6565437912940979,-0.22242721915245056,0.503145694732666,-0.2485048919916153,0.42899701226354736,-0.08328234530405172,0.02080335836743024,0.4289970122635475,-0.08328234530405174,0.020803358367430257,0.04163804162035471,-0.18776431632740215,0.09421732631711914,0.10636754608265339,1.6263026672484847e-17,0.0,0.0,0.0,0.0,0.0,0.21280957064545292,0.15144703588131744
3.5704665184020996,-0.1902136206626892,0.6519418358802795,-0.22242721915245056,0.5046796798706055,-0.2485048919916153,0.429307439231775,-0.08265944185395423,0.022670568892172248,0.4293074392317751,-0.08265944185395424,0.02267056889217225,0.04162467152054419,-0.1877454620709615,0.0941703875454517,0.1065041838068878,-2.1148355630111547e-17,0.0,0.0,0.0,0.0,0.0,0.21111129856579153,0.15155140394465572
3.5904672145843506,-0.1902136206626892,0.647339940071106,-0.2208932340145111,0.5062136650085449,-0.2485048919916153,0.42916645744166515,-0.08263229702715388,0.02411352039483946,0.4291664574416652,-0.08263229702715387,0.024113520394839588,0.04189035691599809,-0.18758454784385714,0.0938946047204821,0.10640769866086311,-1.1973404420399998e-17,0.0,0.0,0.0,0.0,0.0,0.20983678944299375,0.151748788358523
3.610459327697754,-0.1902136206626892,0.6427379846572876,-0.2208932340145111,0.5077476501464844,-0.2485048919916153,0.42916645744166515,-0.08263229702715388,0.02411352039483946,0.42933533261772233,-0.08266481248465643,0.025979995517938403,0.04217337651510971,-0.1874480156244739,0.09385365357709916,0.10652169870830504,-2.9843380887598256e-18,0.0,0.0,0.0,0.0,0.0,0.2083519334794491,0.15185299849667455
3.630479574203491,-0.1902136206626892,0.6381360292434692,-0.22242721915245056,0.5092816352844238,-0.2485048919916153,0.4297674018752654,-0.08274800369078758,0.02707692043535205,0.4298089552512131,-0.08275600443465807,0.02827346743915952,0.04247499258667051,-0.18733661523852474,0.09405482873234047,0.10685196321849717,1.8720162627911615e-17,0.0,0.0,0.0,0.0,0.0,0.20665920640912347,0.15186437403037464
3.6504807472229004,-0.1902136206626892,0.6335340738296509,-0.22242721915245056,0.5123496055603027,-0.2485048919916153,0.42976969833056333,-0.08274844585343333,0.029994573830338177,0.42976969833056333,-0.08274844585343331,0.029994573830338055,0.04277799332428282,-0.18711102776893873,0.09378207439110597,0.1069568270407429,-1.0297571806354583e-17,0.0,0.0,0.0,0.0,0.0,0.20521295034679476,0.15207290700190731
3.670552968978882,-0.18867963552474976,0.630466103553772,-0.2208932340145111,0.5154175758361816,-0.2485048919916153,0.42976969833056333,-0.08274844585343333,0.029994573830338177,0.4294283597399806,-0.08199976770633881,0.03061560975230222,0.04267765301532662,-0.18700063247217047,0.0932038803774189,0.10683030839747608,2.221242564097687e-18,0.0,0.0,0.0,0.0,0.0,0.2042642844318646,0.15237370571744072
3.6904664039611816,-0.1871456652879715,0.6258642077445984,-0.21935926377773285,0.5169515609741211,-0.2485048919916153,0.42934012031480967,-0.08198291830130432,0.031528690265721006,0.4293847961873228,-0.08130896870615813,0.032052405369939155,0.042660442426122575,-0.1869616091949746,0.0929443610595783,0.10676907271182047,2.2341011444000425e-18,0.0,0.0,0.0,0.0,0.0,0.20277940921056317,0.1525698170549098
3.710541248321533,-0.1871456652879715,0.62126225233078,-0.2178252786397934,0.5169515609741211,-0.2485048919916153,0.42929326898451264,-0.08129163697356041,0.03296427894927231,0.4294010723828647,-0.08131205079170406,0.03363459545223964,0.04293434895548368,-0.18688440006023635,0.09292763586556244,0.10669715569869022,1.1834131948218887e-17,0.0,0.0,0.0,0.0,0.0,0.20147860365269946,0.1526616531218557
3.7305431365966797,-0.18561168015003204,0.6166602969169617,-0.21475732326507568,0.5184855461120605,-0.2485048919916153,0.4291996407431469,-0.08127390738505422,0.03387538072501273,0.42903790535362013,-0.08056174121959846,0.034638269327612076,0.042903123401253296,-0.18681960284822613,0.09242518157503322,0.10641873014367731,7.82117600675799e-18,0.0,0.0,0.0,0.0,0.0,0.2002041123503429,0.15294830107279694
3.7505338191986084,-0.18561168015003204,0.6120583415031433,-0.21322333812713623,0.52001953125,-0.2485048919916153,0.4288542891075109,-0.08052726304338563,0.03606934631938072,0.42885428910751094,-0.08052726304338564,0.036069346319380816,0.043193692641191085,-0.18665310319410214,0.09216226247402877,0.10632608676138408,9.512649343855588e-18,0.0,0.0,0.0,0.0,0.0,0.1989369202035275,0.15314286101318292
3.770479440689087,-0.18561168015003204,0.6089903712272644,-0.21015536785125732,0.5230874419212341,-0.2485048919916153,0.42806609081198477,-0.08037926067268236,0.03625222723164413,0.42806609081198466,-0.08037926067268232,0.03625222723164406,0.04338187451637975,-0.1863865325190003,0.09132124129131297,0.10593550869679563,9.509468053583961e-18,0.0,0.0,0.0,0.0,0.0,0.19841490157634126,0.15353059859321308
3.790471315383911,-0.1840776950120926,0.6043884754180908,-0.20862139761447906,0.526155412197113,-0.2485048919916153,0.42806609081198477,-0.08037926067268236,0.03625222723164413,0.4278079051570917,-0.07965158594891941,0.037531801261848505,0.043380708260272426,-0.18626059225792316,0.09081284843950026,0.10584825361362521,-1.6828379042945383e-18,0.0,0.0,0.0,0.0,0.0,0.19696284129330732,0.1538267913696756
3.810469388961792,-0.1840776950120926,0.5997865200042725,-0.2070874124765396,0.5276893973350525,-0.2485048919916153,0.4278186501280997,-0.07965358650564462,0.03871973293619268,0.42761242224330875,-0.07961518988442172,0.038956382321461286,0.04367996612758974,-0.1860910120371572,0.09054791411356065,0.10575151528363153,-2.1752451855850012e-18,0.0,0.0,0.0,0.0,0.0,0.19569699369637114,0.15401936936503474
3.8304641246795654,-0.1840776950120926,0.5967185497283936,-0.20555342733860016,0.5292233824729919,-0.2485048919916153,0.4273141058930443,-0.07955964773541832,0.039712247770001714,0.4273141058930444,-0.07955964773541835,0.03971224777000179,0.043879480059321026,-0.18593807538865734,0.0902028036428819,0.10560233820706831,1.1741419638410789e-17,0.0,0.0,0.0,0.0,0.0,0.19493427618756545,0.1542114839046425
3.850464344024658,-0.18254372477531433,0.5921165943145752,-0.20248547196388245,0.5307573676109314,-0.2485048919916153,0.4269273306892103,-0.07881023306138196,0.04070203763781148,0.42692733068921024,-0.07881023306138196,0.0407020376378114,0.043852686328667276,-0.18587328920467414,0.08968865130908142,0.10531468629107876,1.6531002885992234e-17,0.0,0.0,0.0,0.0,0.0,0.193661322557969,0.15449186372847692
3.8704636096954346,-0.18254372477531433,0.5890486240386963,-0.20248547196388245,0.5322913527488708,-0.2485048919916153,0.4269273306892103,-0.07881023306138196,0.04070203763781148,0.4269287414957416,-0.07881049349444293,0.04188653094086883,0.044073867577044186,-0.18574763346279813,0.08960007743423205,0.10539052035653927,1.3866610552969084e-17,0.0,0.0,0.0,0.0,0.0,0.1926888534681472,0.154594317717311
3.8904707431793213,-0.18254372477531433,0.5859806537628174,-0.200951486825943,0.5353593230247498,-0.2485048919916153,0.4267196146778382,-0.07877188895434065,0.04212058827583558,0.4264334026008103,-0.07871905457510532,0.04249112626450367,0.04428972656171167,-0.18550324270564478,0.0889992618287578,0.10520636424752121,-1.2181103659393883e-17,0.0,0.0,0.0,0.0,0.0,0.19195780758218847,0.1548873229124922
3.9104623794555664,-0.18254372477531433,0.5829127430915833,-0.19941750168800354,0.5368933081626892,-0.2485048919916153,0.4261264828866583,-0.07866239759283998,0.04324200435482802,0.4261264828866584,-0.07866239759284001,0.04324200435482807,0.044496007224706036,-0.18534732452036098,0.08865068090071972,0.10505205846105893,3.7500923405760555e-18,0.0,0.0,0.0,0.0,0.0,0.19119645234794105,0.15507743219954231
3.930537223815918,-0.18100973963737488,0.5798447728157043,-0.19941750168800354,0.5384272933006287,-0.2485048919916153,0.4261264828866583,-0.07866239759283998,0.04324200435482802,0.42624039817359666,-0.07800748972997143,0.0444239872303044,0.044403654082817864,-0.18535873630879188,0.08857257274153117,0.10516526987820837,1.1689826889785775e-17,0.0,0.0,0.0,0.0,0.0,0.19000437499425285,0.15517955146571577
3.9505503177642822,-0.18100973963737488,0.5767768025398254,-0.19788353145122528,0.5414952039718628,-0.2485048919916153,0.4259506378219739,-0.07795445984882873,0.0447935932805342,0.425738994863962,-0.07791572645813118,0.045025357855808495,0.0446241871195181,-0.1851119915085613,0.08796795499500147,0.10497411374622649,5.068881070795643e-18,0.0,0.0,0.0,0.0,0.0,0.18927333536507937,0.15547099582450805
3.970428228378296,-0.18100973963737488,0.5737088322639465,-0.19634954631328583,0.5445631742477417,-0.2485048919916153,0.4256384123067989,-0.07789731855304162,0.04554191215098909,0.425235531039155,-0.07782358608544167,0.04562586828222026,0.0448466927642758,-0.18486413486693448,0.0873615806154093,0.104779457670987,1.3593197501011267e-17,0.0,0.0,0.0,0.0,0.0,0.1885424838744844,0.15576166288233065
3.990467071533203,-0.18100973963737488,0.5706408619880676,-0.19328159093856812,0.5460971593856812,-0.2485048919916153,0.42483207950715385,-0.0777497492521101,0.045709790306919455,0.4246190417075097,-0.07771076058740577,0.045940230307795885,0.04503873773593704,-0.18467676500476277,0.08674322544903909,0.10438692578351191,1.1463352606057475e-17,0.0,0.0,0.0,0.0,0.0,0.18799302203548715,0.15603623786137208
4.010466814041138,-0.18100973963737488,0.5675728917121887,-0.1902136206626892,0.5476311445236206,-0.2485048919916153,0.42400093825320556,-0.0775976396841073,0.04625355578905561,0.4240009382532056,-0.07759763968410731,0.0462535557890556,0.04523196289256509,-0.18448848061533268,0.08612186513379193,0.10399236725688518,-7.92339511851832e-18,0.0,0.0,0.0,0.0,0.0,0.18744466291257358,0.15630946497085133
4.0304646492004395,-0.17947575449943542,0.5629709362983704,-0.1871456652879715,0.5491651296615601,-0.2485048919916153,0.42400093825320556,-0.0775976396841073,0.04625355578905561,0.4235870273631875,-0.07685053697446291,0.047226164778156735,0.04521179354695436,-0.18442130150108982,0.08558796823295949,0.10368811731601489,-1.1782568912061452e-19,0.0,0.0,0.0,0.0,0.0,0.18617438158297914,0.15658133721046127
4.050464630126953,-0.17947575449943542,0.5599030256271362,-0.18561168015003204,0.552233099937439,-0.2485048919916153,0.42348242864333147,-0.07683155984044199,0.04774004221817246,0.42307565157121485,-0.07675775909962225,0.04782188911236793,0.04544072344249886,-0.18416964028554328,0.0849720578070124,0.10348144564124528,9.262107566823438e-18,0.0,0.0,0.0,0.0,0.0,0.18544536086912955,0.15686802194194843
4.070444107055664,-0.17947575449943542,0.5568350553512573,-0.1840776950120926,0.5553010702133179,-0.2485048919916153,0.4229699366720725,-0.0767385794594527,0.04833529226693709,0.42256225154433585,-0.07666461397193983,0.0484167644204265,0.04567171292035525,-0.18391671419555114,0.08435420258459603,0.10327112830063996,-5.588984206750606e-18,0.0,0.0,0.0,0.0,0.0,0.1847165956091182,0.15715391080665972
4.0904693603515625,-0.17947575449943542,0.5553010702133179,-0.18254372477531433,0.5568350553512573,-0.2485048919916153,0.4226468938523315,-0.07667997045455145,0.049075616550934786,0.42215400627482846,-0.07659054685903924,0.04849820210430798,0.045776761476299985,-0.18377548938833993,0.08390888420841047,0.1030473092372729,-2.1201842873584254e-17,0.0,0.0,0.0,0.0,0.0,0.18445895818664318,0.15733851631123297
4.110467195510864,-0.17947575449943542,0.552233099937439,-0.18254372477531433,0.5583690404891968,-0.2485048919916153,0.42213057745303983,-0.07658629621532534,0.049668812497436064,0.42213057745303956,-0.07658629621532535,0.04966881249743604,0.04602144734664881,-0.18363970067638835,0.08381843702897797,0.10311082658266109,0.0,0.0,0.0,0.0,0.0,0.0,0.18348772958326545,0.15743900030682687
4.130463123321533,-0.17947575449943542,0.5491651296615601,-0.18100973963737488,0.5583690404891968,-0.2485048919916153,0.42213057745303983,-0.07658629621532534,0.049668812497436064,0.42199541043116434,-0.07656177313614368,0.05055272199398331,0.04623351413683473,-0.18356491952633594,0.08371468022118841,0.10298310070104978,0.0,0.0,0.0,0.0,0.0,0.0,0.18270066538551463,0.15752264202624983
4.150467395782471,-0.17794176936149597,0.5460971593856812,-0.17947575449943542,0.5599030256271362,-0.2485048919916153,0.42189403750334387,-0.07587508491416865,0.05077811381573805,0.4217838316387736,-0.07585526505754826,0.05128948909071131,0.04612370903537362,-0.18354764807087687,0.08335853073663713,0.10285114630628646,6.378565836422174e-18,0.0,0.0,0.0,0.0,0.0,0.18171889218404447,0.15770628611617485
4.170466423034668,-0.17794176936149597,0.5430291891098022,-0.17947575449943542,0.5629709362983704,-0.2485048919916153,0.4216728538483652,-0.07583530637474571,0.05180069199775785,0.4215611118310079,-0.0758152102503595,0.05231172701087203,0.04638655590337992,-0.1833192208288686,0.08301103055908662,0.10286902102765648,9.251544287168484e-18,0.0,0.0,0.0,0.0,0.0,0.18077821995557825,0.15790663751533865
4.190465688705444,-0.17794176936149597,0.5399612784385681,-0.17794176936149597,0.5660389065742493,-0.2485048919916153,0.4211499057480035,-0.07574125732926629,0.0523898017501924,0.42103704387662155,-0.07572095980592285,0.05290028816207991,0.04662804587998874,-0.183059933073634,0.08238443285894016,0.10264453044634488,5.063792026367622e-18,0.0,0.0,0.0,0.0,0.0,0.1800506889169224,0.1581894928602017
4.210466384887695,-0.1764077991247177,0.5368933081626892,-0.17794176936149597,0.5675728917121887,-0.2485048919916153,0.4211161910115818,-0.07506850416999802,0.05406673303028224,0.4211161910115816,-0.075068504169998,0.0540667330302821,0.04654295664333096,-0.18307289900388507,0.08230648032084785,0.10275047238965594,2.6661142781650275e-18,0.0,0.0,0.0,0.0,0.0,0.17885556002196784,0.15828944939382975
4.230536460876465,-0.1764077991247177,0.5353593230247498,-0.1764077991247177,0.5691068768501282,-0.2485048919916153,0.4211161910115818,-0.07506850416999802,0.05406673303028224,0.4207035257332851,-0.07499494213219034,0.0541434382359848,0.04665261376790083,-0.18292753608273468,0.08185078523043696,0.10251476133841547,1.6033229361177468e-17,0.0,0.0,0.0,0.0,0.0,0.17859833847532813,0.15847153906920217
4.250464677810669,-0.17487381398677826,0.5307573676109314,-0.17487381398677826,0.5706408619880676,-0.2485048919916153,0.42096920920928366,-0.07437620391680248,0.05545472755489663,0.4205556427151978,-0.07430313561341026,0.05553009438031184,0.04666492476255377,-0.18288771858903516,0.08158010508226353,0.1024352820200433,0.0,0.0,0.0,0.0,0.0,0.0,0.17711749860107298,0.1586531436590233
4.27046799659729,-0.17487381398677826,0.5276893973350525,-0.1733398288488388,0.5721748471260071,-0.2485048919916153,0.42062961224921147,-0.0743162044389326,0.05618526975300312,0.4202153772572952,-0.0742430180263536,0.05625994341768312,0.04690029534039155,-0.1827170777545486,0.08121097405828885,0.10225393960073284,9.82876334686245e-18,0.0,0.0,0.0,0.0,0.0,0.17636164207483843,0.15883426134545992
4.290534019470215,-0.17487381398677826,0.5246214270591736,-0.1733398288488388,0.575242817401886,-0.2485048919916153,0.4200968325624103,-0.0742220737287491,0.05676833779982051,0.4199775200320525,-0.07420099377113323,0.05727654692170124,0.04717659901070102,-0.18248309840068966,0.08086301655021705,0.10226279023829782,6.789848600358112e-18,0.0,0.0,0.0,0.0,0.0,0.17542127819923503,0.159033197540415
4.310533761978149,-0.17487381398677826,0.52001953125,-0.1702718734741211,0.5783107876777649,-0.2485048919916153,0.41921716876364223,-0.07406665605770782,0.0580773096491859,0.41921716876364234,-0.0740666560577078,0.05807730964918581,0.04753026992135151,-0.182160703992736,0.08002785978730441,0.10183296086322574,1.718260608241399e-17,0.0,0.0,0.0,0.0,0.0,0.17441025207148353,0.15939337370464118
4.33046293258667,-0.1733398288488388,0.5169515609741211,-0.16873788833618164,0.5798447728157043,-0.2485048919916153,0.41921716876364223,-0.07406665605770782,0.0580773096491859,0.4189835435376185,-0.07336278151642694,0.05880292666203338,0.0474208045423866,-0.18214469446041634,0.07966211561592734,0.10169030560522058,-9.108616031790678e-18,0.0,0.0,0.0,0.0,0.0,0.17342848817319673,0.1595727268639298
4.350467920303345,-0.1733398288488388,0.5123496055603027,-0.1672039031982422,0.5813787579536438,-0.2485048919916153,0.4187580068865612,-0.0733232907146743,0.059021057054554515,0.41870299137610406,-0.07331365766121449,0.06017930329315106,0.04779538392611491,-0.18194297977593737,0.07938012757526225,0.10156067728310303,3.5943623730259245e-18,0.0,0.0,0.0,0.0,0.0,0.1721767134408118,0.15975158845309353
4.370465993881226,-0.1733398288488388,0.5108156204223633,-0.16413594782352448,0.5829127430915833,-0.2485048919916153,0.41799041944519255,-0.07318888841982422,0.05981615280959457,0.4179904194451928,-0.07318888841982424,0.059816152809594514,0.04788258228453939,-0.18176041062242443,0.07861565097507181,0.10105961191233828,-4.2775858437123744e-18,0.0,0.0,0.0,0.0,0.0,0.17213605530964654,0.16000927396280354
4.390465259552002,-0.17180585861206055,0.5062136650085449,-0.16260196268558502,0.5829127430915833,-0.2485048919916153,0.4180087166863909,-0.07253139729096417,0.061334268407359324,0.4180087166863909,-0.07253139729096418,0.06133426840735928,0.047892291841131154,-0.18181153761647384,0.07860715700115066,0.10103288840486106,2.8443634730094136e-18,0.0,0.0,0.0,0.0,0.0,0.17062876151584688,0.1600883646724143
4.410467624664307,-0.17180585861206055,0.5016117095947266,-0.16106799244880676,0.5859806537628174,-0.2485048919916153,0.4180087166863909,-0.07253139729096417,0.061334268407359324,0.4175268722081933,-0.07244778933762373,0.06255823234834959,0.04828947214792244,-0.18151090954230079,0.07805125193150522,0.10083726195941853,-2.8821043688624952e-18,0.0,0.0,0.0,0.0,0.0,0.16940720216490396,0.16036383575132537
4.430468559265137,-0.17180585861206055,0.49854376912117004,-0.1595340073108673,0.5890486240386963,-0.2485048919916153,0.41739874801233157,-0.0724255576793313,0.06306208201864968,0.41697781981418636,-0.072352519703921,0.06313035361008104,0.04855602373079567,-0.1812346503771892,0.07739757675078905,0.10057648783615877,-1.8965033162170563e-18,0.0,0.0,0.0,0.0,0.0,0.168683773841675,0.16063848177780102
4.450468063354492,-0.1702718734741211,0.4939418137073517,-0.15800002217292786,0.5905826091766357,-0.2485048919916153,0.4170208561097568,-0.0717011980689474,0.06428268864335954,0.416790634982163,-0.07166161460345061,0.06449585185360765,0.04858441511491876,-0.18119088353720172,0.0771186916936905,0.10048700880507161,1.4534089515195697e-17,0.0,0.0,0.0,0.0,0.0,0.16720571190534572,0.1608143725008094
4.470465421676636,-0.1702718734741211,0.49087387323379517,-0.1564660519361496,0.5921165943145752,-0.2485048919916153,0.4163683069110794,-0.07158900090024803,0.06456269636860172,0.4164286856289519,-0.07159938221894205,0.06521081826149834,0.04884292833706172,-0.18100639170015728,0.07673360878256007,0.10028634402472535,-2.6172819524057442e-18,0.0,0.0,0.0,0.0,0.0,0.16645529526650427,0.1609897637407667
4.490465402603149,-0.1702718734741211,0.4862719178199768,-0.1533980816602707,0.5936505794525146,-0.2485048919916153,0.4158331872561086,-0.07149699418209592,0.06613587442314364,0.4158331872561087,-0.07149699418209593,0.06613587442314371,0.04921262892192837,-0.18075758274208176,0.0761362673090809,0.09988634739059644,-4.5137146873653426e-18,0.0,0.0,0.0,0.0,0.0,0.16542500668831447,0.1612415461678127
4.510544300079346,-0.1702718734741211,0.48166999220848083,-0.1533980816602707,0.5967185497283936,-0.2485048919916153,0.4158331872561086,-0.07149699418209592,0.06613587442314364,0.41562178613515255,-0.07146064656680617,0.0677845964535678,0.049665808086397006,-0.18047630596149905,0.075880714501112,0.09993496588213034,4.001161069186262e-18,0.0,0.0,0.0,0.0,0.0,0.16399315765683523,0.16143651534457618
4.530481338500977,-0.16873788833618164,0.4770680367946625,-0.15186409652233124,0.598252534866333,-0.2485048919916153,0.415306139992632,-0.07075064107721911,0.06784826434565876,0.41541601764155045,-0.07076935959195421,0.06914094000330183,0.04970488493057711,-0.18043049161020994,0.07560222644272505,0.09984403990629646,1.8348686706456654e-18,0.0,0.0,0.0,0.0,0.0,0.16251661824058,0.16161025268459941
4.550461769104004,-0.16873788833618164,0.4724660813808441,-0.14879614114761353,0.5997865200042725,-0.2485048919916153,0.4149905153168408,-0.07069687195126202,0.06920322347024604,0.4148091532937751,-0.07066597551568514,0.07005712354755314,0.05008890928318408,-0.1801723628995507,0.07499576527371378,0.0994341515112122,-1.8248895537921866e-18,0.0,0.0,0.0,0.0,0.0,0.16149011606589217,0.1618592060271754
4.570461273193359,-0.16873788833618164,0.46786415576934814,-0.1457281857728958,0.6013205051422119,-0.2485048919916153,0.41419901842018786,-0.07056203427982807,0.07097015456338268,0.41419901842018786,-0.07056203427982807,0.07097015456338272,0.050477765289376156,-0.17991015768493865,0.07438417077380934,0.09901990517490568,3.4305558331063566e-18,0.0,0.0,0.0,0.0,0.0,0.16046562143094886,0.16210671760274947
4.5905420780181885,-0.16873788833618164,0.4632622003555298,-0.14419420063495636,0.6028544902801514,-0.2485048919916153,0.41419901842018786,-0.07056203427982807,0.07097015456338268,0.41387188984409684,-0.07050630537470394,0.07231812422994029,0.05090764011753915,-0.1796788238277267,0.07409074883526563,0.0988704687890686,1.579965750434731e-17,0.0,0.0,0.0,0.0,0.0,0.15922756925233902,0.16227823624397006
4.610461950302124,-0.1672039031982422,0.4586602747440338,-0.1426602154970169,0.6043884754180908,-0.2485048919916153,0.41359993749608737,-0.06980727702144199,0.07302018661994937,0.41364755856443464,-0.06981531449149167,0.07366365323526138,0.05095869610232828,-0.179629168749626,0.07380876200681323,0.09877555987992714,5.737637690692756e-18,0.0,0.0,0.0,0.0,0.0,0.15775316910483705,0.1624492471555822
4.630468845367432,-0.16566993296146393,0.4555923044681549,-0.1426602154970169,0.6089903712272644,-0.2485048919916153,0.41327404033099713,-0.06910043129162331,0.07450849099616014,0.413274040330997,-0.0691004312916233,0.07450849099616004,0.050919124534445484,-0.17945266972958018,0.0731782699118326,0.09872496351916772,-1.2995876870610046e-17,0.0,0.0,0.0,0.0,0.0,0.15660968238444853,0.162738430984556
4.65046501159668,-0.16566993296146393,0.45099037885665894,-0.14112623035907745,0.6105243563652039,-0.2485048919916153,0.4129337885679405,-0.06904354036385994,0.07584962903953438,0.41293378856794066,-0.06904354036385996,0.07584962903953432,0.05136349310313514,-0.17921553830676282,0.0728850984648464,0.09857225783146978,-7.855262047624078e-18,0.0,0.0,0.0,0.0,0.0,0.15537370053877028,0.16290847032448744
4.6704652309417725,-0.16413594782352448,0.44792240858078003,-0.1395922601222992,0.6120583415031433,-0.2485048919916153,0.41265181625260444,-0.06834586187735293,0.0765466459872789,0.41265181625260466,-0.06834586187735296,0.07654664598727894,0.05126022337678806,-0.17920006595690255,0.07249353835000434,0.09840656098953805,-6.081161118496924e-18,0.0,0.0,0.0,0.0,0.0,0.15439280272246692,0.1630779983094335
4.6904613971710205,-0.16413594782352448,0.44332045316696167,-0.1395922601222992,0.6120583415031433,-0.2485048919916153,0.41265181625260444,-0.06834586187735293,0.0765466459872789,0.4127758329268414,-0.06836640226068352,0.07847181439591948,0.0517401945954002,-0.17909710888674157,0.07283067067342015,0.09862070049423619,6.125823538669148e-18,0.0,0.0,0.0,0.0,0.0,0.15291785394108873,0.16307799830943345
4.710460901260376,-0.16260196268558502,0.44025251269340515,-0.13805827498435974,0.6135923266410828,-0.2485048919916153,0.41244857349908537,-0.06766231828936332,0.07852447693417808,0.41248789990237983,-0.06766876979820068,0.07916564226486379,0.051637579095188416,-0.17908339364315853,0.07244026854353307,0.09845618831718055,-2.1912072115886294e-18,0.0,0.0,0.0,0.0,0.0,0.15193663827225676,0.16324701532843278
4.730465650558472,-0.16260196268558502,0.43718454241752625,-0.1365242898464203,0.6166602969169617,-0.2485048919916153,0.4120939251303372,-0.06760413811285437,0.07985812025087363,0.4119034488282915,-0.06757289041555663,0.07971008736791198,0.05195034594885389,-0.1787723303877131,0.07174069418643605,0.09813917994117291,1.5154213628438288e-17,0.0,0.0,0.0,0.0,0.0,0.1512210156591507,0.1635112260831365
4.750422239303589,-0.16106799244880676,0.43411657214164734,-0.1365242898464203,0.6197282671928406,-0.2485048919916153,0.4118536374437871,-0.06691610778698781,0.08020238348771694,0.4116999106947647,-0.06689113096325211,0.08069444127972639,0.051901919803955227,-0.17869597626056496,0.07139761464025847,0.09816573332994372,0.0,0.0,0.0,0.0,0.0,0.0,0.15005038727987857,0.1637025320487434
4.770460844039917,-0.1595340073108673,0.42951464653015137,-0.13499031960964203,0.6227962374687195,-0.2485048919916153,0.411248569643225,-0.06617045742854319,0.08187551034525165,0.41124856964322504,-0.06617045742854318,0.0818755103452516,0.05197694072938562,-0.17854475083182225,0.07082259111812117,0.09797661374021782,-1.7079468712208145e-18,0.0,0.0,0.0,0.0,0.0,0.1486045483013168,0.1639654973819623
4.79046106338501,-0.15800002217292786,0.42644667625427246,-0.13345633447170258,0.6243302226066589,-0.2485048919916153,0.411248569643225,-0.06617045742854319,0.08187551034525165,0.4109488920784454,-0.06547568816892269,0.08256339034155528,0.05186981645787807,-0.17853117429928908,0.0704237102905354,0.09780408652526443,6.535161107331949e-18,0.0,0.0,0.0,0.0,0.0,0.14762516883937477,0.16413234833155613
4.81048583984375,-0.15800002217292786,0.424912691116333,-0.13192234933376312,0.6258642077445984,-0.2485048919916153,0.4109488920784453,-0.06547568816892266,0.08256339034155533,0.4105133901760085,-0.0654063004973397,0.08261219692792407,0.052008619602410565,-0.178350758423522,0.06988939704667417,0.09748997123906178,-4.577542852843196e-18,0.0,0.0,0.0,0.0,0.0,0.14737622211683482,0.16429868234639783
4.830466032028198,-0.1564660519361496,0.42031073570251465,-0.13192234933376312,0.6258642077445984,-0.2485048919916153,0.4107098637374047,-0.0647917516390582,0.0845254180532683,0.4107098637374047,-0.0647917516390582,0.08452541805326838,0.05210185663120844,-0.1784490027073076,0.07026720960973627,0.09778723913670832,-9.076682503064116e-18,0.0,0.0,0.0,0.0,0.0,0.14566412637037332,0.16429868234639786
4.850477695465088,-0.15493206679821014,0.41724279522895813,-0.1288543939590454,0.6273981332778931,-0.2485048919916153,0.4107098637374047,-0.0647917516390582,0.0845254180532683,0.41012606820671904,-0.06405502589491432,0.08476674353818242,0.05194631933402192,-0.17839259489363915,0.06950303327096603,0.09731364700509572,-1.22053527545027e-17,0.0,0.0,0.0,0.0,0.0,0.14490304970977044,0.16453497534546063
4.870529890060425,-0.15493206679821014,0.4141748249530792,-0.1288543939590454,0.630466103553772,-0.2485048919916153,0.4098366618077392,-0.06465399920710346,0.08461871064946833,0.4098041924841218,-0.06400475413863205,0.08574339140582309,0.052320640170948514,-0.1781124928482918,0.06914323738656326,0.09726890798607589,4.361359690036236e-18,0.0,0.0,0.0,0.0,0.0,0.14397125615367665,0.16472456990755946
4.890460968017578,-0.15493206679821014,0.41264083981513977,-0.1288543939590454,0.6335340738296509,-0.2485048919916153,0.40945143447908156,-0.06394965907177544,0.08608330649824461,0.4094514344790817,-0.06394965907177544,0.08608330649824457,0.0525232228471863,-0.17786567623197716,0.06865837284242393,0.09714136529374288,-1.667890331863473e-18,0.0,0.0,0.0,0.0,0.0,0.1435306413815174,0.16491401650962356
4.910459995269775,-0.1533980816602707,0.40957286953926086,-0.1288543939590454,0.6366020441055298,-0.2485048919916153,0.40922265977622085,-0.06327102750195848,0.08705844481417302,0.40922265977622074,-0.0632710275019585,0.08705844481417296,0.0524738067459383,-0.17779111206648548,0.0683119166233855,0.09715813518871207,5.493095325773207e-18,0.0,0.0,0.0,0.0,0.0,0.14235990039304186,0.1651033138905644
4.930460691452026,-0.15186409652233124,0.40650492906570435,-0.1288543939590454,0.6381360292434692,-0.2485048919916153,0.40922265977622085,-0.06327102750195848,0.08705844481417302,0.4091806119361802,-0.0626219966046676,0.08818058583947956,0.05240951375694687,-0.17782461352291626,0.06827482133890447,0.09728339558168338,1.540126579321235e-17,0.0,0.0,0.0,0.0,0.0,0.1411645871707836,0.16519790623008457
4.950419902801514,-0.15186409652233124,0.4049709439277649,-0.1288543939590454,0.6396700143814087,-0.2485048919916153,0.4092053689304119,-0.06262578547531175,0.08881559032647812,0.40901479277337294,-0.0625966192364654,0.08866726152433503,0.052602919719036474,-0.17768184867708386,0.06809502165250181,0.0972578576528948,-2.189906884743125e-18,0.0,0.0,0.0,0.0,0.0,0.14069847604864097,0.16529246079317148
4.970460414886475,-0.15033012628555298,0.40036898851394653,-0.1288543939590454,0.6396700143814087,-0.2485048919916153,0.4090618687172473,-0.06260382385347674,0.08993679122914594,0.4091795191162819,-0.06197960915894819,0.09057160937879666,0.05270740175040392,-0.17779049733818902,0.06851001095994645,0.09758682234700282,1.626999874948973e-18,0.0,0.0,0.0,0.0,0.0,0.13899014392494533,0.1652924607931714
4.990477800369263,-0.15033012628555298,0.39730104804039,-0.1288543939590454,0.6412039995193481,-0.2485048919916153,0.40901071182759136,-0.061954039429068186,0.09105724660554043,0.4090311115453375,-0.0619571294335132,0.09169182349290114,0.05308948412672389,-0.17760998985490647,0.06846941285443783,0.09765144074803143,0.0,0.0,0.0,0.0,0.0,0.0,0.13803629637241097,0.16538697742327596
5.010554790496826,-0.14879614114761353,0.3942330777645111,-0.1288543939590454,0.6427379846572876,-0.2485048919916153,0.40897405900840317,-0.06130688179441707,0.09281128999981328,0.4089740590084031,-0.06130688179441706,0.09281128999981333,0.05302843431527979,-0.1776503111585917,0.06845221760022803,0.0977926983223927,7.068614754561096e-18,0.0,0.0,0.0,0.0,0.0,0.13684258453707077,0.16548145596408767
5.0304625034332275,-0.14879614114761353,0.3911651074886322,-0.1288543939590454,0.6458059549331665,-0.2485048919916153,0.40897405900840317,-0.06130688179441707,0.09281128999981328,0.4086297440511089,-0.06125526757605302,0.09378018394152722,0.053432920683068326,-0.17735771898816177,0.06810025431283173,0.09774326267470396,-3.847159877569998e-18,0.0,0.0,0.0,0.0,0.0,0.13591285449437146,0.16567029815378245
5.0504231452941895,-0.1457281857728958,0.38656318187713623,-0.1257864236831665,0.6488738656044006,-0.2485048919916153,0.4082044881404482,-0.0611915199781969,0.09445152039843259,0.4079480641153214,-0.05987397451703139,0.0944889050223556,0.05301491333465668,-0.17737917846722623,0.0671419901951973,0.09728654185355601,-1.591187936031548e-18,0.0,0.0,0.0,0.0,0.0,0.1344450152387995,0.16599583980290264
5.070468187332153,-0.14879614114761353,0.38196122646331787,-0.12271846830844879,0.6504078507423401,-0.2485048919916153,0.4075053127936832,-0.059808992516426386,0.09452620127732414,0.4070819214634583,-0.06102324264848207,0.09534374342082616,0.054418428927049296,-0.17659383316182933,0.06641432148231892,0.09663370087880968,0.0,0.0,0.0,0.0,0.0,0.0,0.1339220442737558,0.16622552037296962
5.090555429458618,-0.1457281857728958,0.37889325618743896,-0.11811652034521103,0.653475821018219,-0.2485048919916153,0.4065552853287982,-0.05966955829617494,0.09493445805800516,0.40611095315715795,-0.059604344276396284,0.09497077170418344,0.05374995330999418,-0.17659677409389304,0.06489195802334308,0.09573776382057785,-8.087390729952992e-18,0.0,0.0,0.0,0.0,0.0,0.1331625161869462,0.16661389079372937
5.1105382442474365,-0.1457281857728958,0.374291330575943,-0.11504856497049332,0.653475821018219,-0.2485048919916153,0.4056164221742377,-0.059531762646346235,0.09596832295797028,0.4056164221742379,-0.05953176264634625,0.09596832295797017,0.05422889563209996,-0.17637153827791174,0.06450775814174016,0.09534900212274591,1.3069973345876306e-17,0.0,0.0,0.0,0.0,0.0,0.13213556299278847,0.16674657344180607
5.130426406860352,-0.14419420063495636,0.3712233603000641,-0.11351457983255386,0.6550098061561584,-0.2485048919916153,0.4056164221742377,-0.059531762646346235,0.09596832295797028,0.40527463132431607,-0.058846663925786497,0.09663125399379409,0.054114076323613695,-0.17635648793870867,0.0640759208710989,0.09514782854690922,2.168845424360726e-18,0.0,0.0,0.0,0.0,0.0,0.13116139818608613,0.1669054994081687
5.1504225730896,-0.1426602154970169,0.3681553900241852,-0.11044661700725555,0.6565437912940979,-0.2485048919916153,0.4051088325113855,-0.05818819748930757,0.09681382535424714,0.4046623513655619,-0.0581240667397325,0.09684737386142214,0.053937248914785366,-0.176284992363653,0.0632314764396175,0.09460895509343205,-1.065709826126408e-17,0.0,0.0,0.0,0.0,0.0,0.13041029127512233,0.16712911800140512
5.170427322387695,-0.14112623035907745,0.36508744955062866,-0.11044661700725555,0.6565437912940979,-0.2485048919916153,0.4047733633883559,-0.05750642453498196,0.09810163072874814,0.4047733633883559,-0.05750642453498196,0.09810163072874814,0.05386190016696461,-0.176442283734471,0.06353399868666638,0.09487151257562935,-7.468630371855156e-18,0.0,0.0,0.0,0.0,0.0,0.129191283993197,0.16712911800140504
5.190477132797241,-0.1395922601222992,0.36201947927474976,-0.1089126393198967,0.6596117615699768,-0.2485048919916153,0.4047733633883559,-0.05750642453498196,0.09810163072874814,0.4042330448009077,-0.056797201215410265,0.09861124119307914,0.053750571272554774,-0.1763116012623993,0.06276221786566905,0.09453076701888044,-1.0028602477548285e-17,0.0,0.0,0.0,0.0,0.0,0.12824517779117092,0.16737907813706016
5.210470676422119,-0.13805827498435974,0.3604854941368103,-0.10737866163253784,0.6611457467079163,-0.2485048919916153,0.4042420082907166,-0.05679846064024161,0.09923742669722208,0.4038715485693546,-0.05611478069112498,0.09864280389157193,0.05341766158207094,-0.17633376737688858,0.06217280319860611,0.09422548172537915,1.2461372111760687e-17,0.0,0.0,0.0,0.0,0.0,0.12776655884947258,0.16753586791674308
5.23045539855957,-0.1365242898464203,0.35588353872299194,-0.10584467649459839,0.6626797318458557,-0.2485048919916153,0.4037834923768909,-0.05547132471180814,0.0997448802006009,0.40352520615773124,-0.055435841639810204,0.09992386722004228,0.05349150246793668,-0.17628161738815756,0.061870492580184344,0.0941074848162834,4.652477018359703e-18,0.0,0.0,0.0,0.0,0.0,0.12630642337083844,0.16769212139957834
5.250466823577881,-0.13499031960964203,0.3528155982494354,-0.10431069880723953,0.6642137169837952,-0.2485048919916153,0.40316727187445656,-0.05475668278265175,0.10057794507320375,0.40316727187445645,-0.054756682782651736,0.10057794507320379,0.053356678516064744,-0.17626651396198273,0.061419610071072134,0.09389207106615269,-9.836768752998333e-18,0.0,0.0,0.0,0.0,0.0,0.12533873349367786,0.16784783690411664
5.270466566085815,-0.13345633447170258,0.34821364283561707,-0.10277671366930008,0.6642137169837952,-0.2485048919916153,0.40316727187445656,-0.05475668278265175,0.10057794507320375,0.40300206274545936,-0.054104772825745315,0.10200320633631861,0.05341669320758909,-0.1763366587874835,0.06145850524862519,0.09391810114590995,-3.699965223678166e-18,0.0,0.0,0.0,0.0,0.0,0.12385441722506818,0.16791119007640445
5.290426731109619,-0.13345633447170258,0.34207773208618164,-0.10124273598194122,0.6657477021217346,-0.2485048919916153,0.4028157035959703,-0.05407975330257361,0.10247744600916911,0.40256012902257743,-0.05404544130888492,0.10389973017466994,0.054220485566998565,-0.17600122572305674,0.06129608053551244,0.09382225905645157,3.69534849798049e-18,0.0,0.0,0.0,0.0,0.0,0.122142288948764,0.1680659900074363
5.31046199798584,-0.13192234933376312,0.3374757766723633,-0.10124273598194122,0.6672816872596741,-0.2485048919916153,0.40245373510513305,-0.05340280092885595,0.10437269563709849,0.40245321666711903,-0.05340273213575095,0.10561823456962605,0.05437219251813596,-0.1760186951437285,0.06145082139522724,0.09407678915184006,-7.95575887965668e-18,0.0,0.0,0.0,0.0,0.0,0.12046206616211029,0.1681576509741464
5.330425262451172,-0.13038836419582367,0.3344078063964844,-0.09970875084400177,0.6688156127929688,-0.2485048919916153,0.40208139961119,-0.052725874919453394,0.1062636714867714,0.4020813996111901,-0.05272587491945341,0.10626367148677149,0.054235134245822,-0.17600769235842348,0.06099728833939979,0.09386046902625636,-9.115191568667132e-18,0.0,0.0,0.0,0.0,0.0,0.11949472521673173,0.16831174385540285
5.3504250049591064,-0.1288543939590454,0.32827189564704895,-0.10124273598194122,0.6703495979309082,-0.2485048919916153,0.40208139961119,-0.052725874919453394,0.1062636714867714,0.4022141915040236,-0.05211581988130006,0.10905075735401386,0.05468673126328877,-0.17606640536834794,0.06180903680447247,0.09462518898560165,4.5205054357680334e-18,0.0,0.0,0.0,0.0,0.0,0.11710740887833455,0.16834084794340096
5.370426177978516,-0.1288543939590454,0.32520392537117004,-0.09970875084400177,0.6718835830688477,-0.2485048919916153,0.4017618903001922,-0.0520572141717829,0.10907051009221613,0.4017549590490368,-0.05205631607359443,0.10969195358582284,0.05508738304803929,-0.17579133542861672,0.06133235865445736,0.09431689194124382,6.194104225298398e-18,0.0,0.0,0.0,0.0,0.0,0.1163786023135981,0.16849461759415937
5.390539646148682,-0.1288543939590454,0.3190680146217346,-0.09970875084400177,0.6749515533447266,-0.2485048919916153,0.40134202514364403,-0.052002811275676034,0.11187242633279763,0.40134202514364403,-0.05200281127567603,0.11187242633279766,0.05605192982427497,-0.17537250067724688,0.06132446930775403,0.0944660806794779,1.1434355727073444e-17,0.0,0.0,0.0,0.0,0.0,0.11448478137679406,0.16867732795767837
5.410539150238037,-0.12732040882110596,0.3160000443458557,-0.09970875084400177,0.676485538482666,-0.2485048919916153,0.40134202514364403,-0.052002811275676034,0.11187242633279763,0.40121019019276455,-0.05136006972785122,0.11296126447176347,0.05599646969556066,-0.17543988575353064,0.061358089929768524,0.09464638602761208,1.3933217468749385e-17,0.0,0.0,0.0,0.0,0.0,0.11329643341422167,0.16876862150813385
5.430543899536133,-0.12732040882110596,0.31139811873435974,-0.10124273598194122,0.6780195236206055,-0.2485048919916153,0.40143504383700757,-0.051388853889194015,0.11465536209726773,0.4012325142591294,-0.051362927495757243,0.11512257580848252,0.05681615697986476,-0.1752527082541638,0.06205280870336484,0.09525726752233182,-7.756297090162285e-18,0.0,0.0,0.0,0.0,0.0,0.11165615959557769,0.16879813420898623
5.450425863265991,-0.1257864236831665,0.30526217818260193,-0.10124273598194122,0.6780195236206055,-0.2485048919916153,0.4009496248408403,-0.05132671400815461,0.11590946234492958,0.401240591805418,-0.050738500418953836,0.11760439552725489,0.05725279652798972,-0.17536616069394326,0.06289825025465728,0.09590592397900834,-1.382531520194318e-18,0.0,0.0,0.0,0.0,0.0,0.10949442593010252,0.16879813420898618
5.4704625606536865,-0.1257864236831665,0.3021942377090454,-0.09970875084400177,0.6795535087585449,-0.2485048919916153,0.40095620957432215,-0.05132755693881549,0.11807002944832751,0.40076666507671604,-0.05067857046168156,0.11823475578530629,0.057696601495450035,-0.17506666488619396,0.062422287176217464,0.09558876574088825,-1.0452091784149834e-17,0.0,0.0,0.0,0.0,0.0,0.1087709839458097,0.16895108461716596
5.4904234409332275,-0.12425244599580765,0.29759228229522705,-0.10124273598194122,0.6810874938964844,-0.2485048919916153,0.4008380743567578,-0.05006301219458638,0.12039446089392702,0.4008380743567577,-0.05006301219458636,0.12039446089392702,0.05799435620050853,-0.1751710335840829,0.06323854020284221,0.0963727886472086,-2.4209270536767675e-18,0.0,0.0,0.0,0.0,0.0,0.106901154580608,0.16898075961816797
5.5104217529296875,-0.12425244599580765,0.29452431201934814,-0.09970875084400177,0.6826214790344238,-0.2485048919916153,0.4008380743567578,-0.05006301219458638,0.12039446089392702,0.40035927223174916,-0.0500032117959801,0.12102115076614822,0.058453196673398364,-0.17486311233413077,0.06276269105426488,0.09605233904756905,-1.3489677435951923e-18,0.0,0.0,0.0,0.0,0.0,0.1061792640581416,0.16913338143386203
5.530462741851807,-0.12425244599580765,0.2899223864078522,-0.09664079546928406,0.6841554641723633,-0.2485048919916153,0.4000899197835559,-0.04996957079288883,0.1211833999066699,0.3996091793924338,-0.04990952831288789,0.12180767273578966,0.05910224044154398,-0.17442035340472425,0.061971512889324835,0.09544137509153296,5.0780944614013744e-18,0.0,0.0,0.0,0.0,0.0,0.10519539790028369,0.16934619281234958
5.550424098968506,-0.12271846830844879,0.28685441613197327,-0.0951068103313446,0.6872234344482422,-0.2485048919916153,0.39901719862008467,-0.049214079603911026,0.1222750518376278,0.39901719862008483,-0.04921407960391104,0.12227505183762769,0.059002709599365134,-0.17428666277124985,0.06113324343468339,0.0950414612471802,4.0547889663453535e-18,0.0,0.0,0.0,0.0,0.0,0.10423952685360965,0.16958797702205836
5.5704193115234375,-0.12118448317050934,0.28378644585609436,-0.09357283264398575,0.6887574195861816,-0.2485048919916153,0.39860842419849873,-0.04854301790831983,0.1228961749761687,0.3986084241984988,-0.04854301790831983,0.1228961749761687,0.05888314443857641,-0.17428817872467536,0.06068415130425936,0.09482876509554271,-1.0409216755693968e-18,0.0,0.0,0.0,0.0,0.0,0.10326762960392893,0.16973841548854313
5.590421199798584,-0.11965050548315048,0.28071850538253784,-0.09050486981868744,0.6902913451194763,-0.2485048919916153,0.397953643437295,-0.047843887716036336,0.12305936058764627,0.3979536434372953,-0.047843887716036336,0.12305936058764624,0.05866971153362193,-0.17420634012727942,0.05968280319323321,0.09416852242116813,7.638938908361521e-18,0.0,0.0,0.0,0.0,0.0,0.10251073848079427,0.16994750663230376
5.610424995422363,-0.11965050548315048,0.2791845202445984,-0.08897088468074799,0.6902913451194763,-0.2485048919916153,0.397953643437295,-0.047843887716036336,0.12305936058764627,0.3976819396585408,-0.047811222190045764,0.1232178446327645,0.05885665721181718,-0.17406989419471783,0.05935723800750714,0.09387165449143554,-9.988812251952353e-18,0.0,0.0,0.0,0.0,0.0,0.10224959520577549,0.17000645024311464
5.63052225112915,-0.11811652034521103,0.2761165499687195,-0.08743690699338913,0.6918253302574158,-0.2485048919916153,0.39729644714313733,-0.04714673416543995,0.12322116143470341,0.39726795689794386,-0.04714335325925237,0.12383486260247142,0.058727550528459016,-0.1740674126409778,0.058889836192344155,0.0936447267853203,-3.6702312266917784e-18,0.0,0.0,0.0,0.0,0.0,0.101281210797546,0.1701550211104332
5.650560617446899,-0.11658254265785217,0.27458256483078003,-0.08743690699338913,0.6933593153953552,-0.2485048919916153,0.3972385318375714,-0.047139861419571556,0.12444851903794271,0.39712420540573146,-0.04650864804972349,0.12429348183947073,0.05840494310531445,-0.1742047803073616,0.058750528422355466,0.09371713210420862,3.850330765661816e-18,0.0,0.0,0.0,0.0,0.0,0.10057445983213219,0.1702448676488672
5.670556545257568,-0.11504856497049332,0.2730485796928406,-0.08590292930603027,0.6948933005332947,-0.2485048919916153,0.39709407653792006,-0.046505119549344755,0.12490680474653995,0.3967358306408833,-0.045846343404431986,0.12429553648160283,0.057982817028494935,-0.17425219047975174,0.0580495517800598,0.09333375029504033,6.10727476557592e-18,0.0,0.0,0.0,0.0,0.0,0.10008641698981317,0.17039271984992133
5.690425634384155,-0.11351457983255386,0.2715145945549011,-0.08590292930603027,0.6964272856712341,-0.2485048919916153,0.3965890766795169,-0.04521300773954708,0.12475340073160329,0.39658907667951665,-0.04521300773954706,0.12475340073160315,0.05764754377211351,-0.17439121099399815,0.057906927562223265,0.09340392371504105,-9.039556633734606e-18,0.0,0.0,0.0,0.0,0.0,0.09938213539748947,0.17048235711793316
5.710541009902954,-0.11351457983255386,0.26998063921928406,-0.08590292930603027,0.6979612708091736,-0.2485048919916153,0.3965890766795169,-0.04521300773954708,0.12475340073160329,0.39637176493992404,-0.045188233185879695,0.12521091811750387,0.05794451053723833,-0.17419882245761636,0.057722356497510646,0.09334618566844276,-1.3240713112724517e-18,0.0,0.0,0.0,0.0,0.0,0.0989228172411791,0.1705719514176148
5.730484247207642,-0.11198060214519501,0.26691266894340515,-0.08590292930603027,0.699495255947113,-0.2485048919916153,0.3961537555400438,-0.045163379095679794,0.12566811134786168,0.39619033010429106,-0.044552009874489276,0.1262797169283683,0.057890284999221164,-0.1742948042873472,0.05781499351875708,0.09357582862090973,-3.661784061808216e-18,0.0,0.0,0.0,0.0,0.0,0.09774000365848916,0.17066150260850899
5.750469923019409,-0.11198060214519501,0.26384469866752625,-0.08590292930603027,0.699495255947113,-0.2485048919916153,0.3961571588926282,-0.04454827973764024,0.12689127202356726,0.3961230554796161,-0.04454444477379125,0.12750277519440203,0.05847049169494824,-0.17419948747944977,0.058293521923975605,0.09389843244471241,-7.401406271297125e-18,0.0,0.0,0.0,0.0,0.0,0.09678528509796569,0.17066150260850885
5.770427465438843,-0.11044661700725555,0.26077672839164734,-0.08590292930603027,0.7025632262229919,-0.2485048919916153,0.3959700511885972,-0.04391225184337268,0.1279586134689327,0.3957484877402101,-0.04388768091959788,0.12841411032091368,0.058434539776592194,-0.17415203506918903,0.05798061589566298,0.09392237800415275,1.726259356997232e-18,0.0,0.0,0.0,0.0,0.0,0.09562213273172122,0.17084047510313685
5.7905309200286865,-0.1089126393198967,0.2577087879180908,-0.08590292930603027,0.7056311964988708,-0.2485048919916153,0.395526230796939,-0.04386303308868854,0.12886925281864786,0.3953700613396521,-0.04323187050185988,0.12932406361751778,0.05839629252111861,-0.17410631933867643,0.05766864355314996,0.09394660988897546,3.665472186495154e-18,0.0,0.0,0.0,0.0,0.0,0.09445911854656518,0.17101927348227505
5.810463905334473,-0.1089126393198967,0.25310683250427246,-0.08590292930603027,0.7071651816368103,-0.2485048919916153,0.3950684164666799,-0.04319888704316881,0.13099793359895645,0.39506841646667995,-0.04319888704316881,0.13099793359895648,0.05932137622224503,-0.17380340391893986,0.058000545092389465,0.09423383856656141,3.707845961258747e-18,0.0,0.0,0.0,0.0,0.0,0.09305155115416716,0.1711086070295737
5.830460786819458,-0.10737866163253784,0.2485048919916153,-0.08590292930603027,0.7071651816368103,-0.2485048919916153,0.3950102815696081,-0.0425794508327236,0.13282656791175557,0.39501028156960794,-0.0425794508327236,0.13282656791175548,0.059573021199661395,-0.1740143396500155,0.05885433088585316,0.09492400726806757,6.121599121986395e-18,0.0,0.0,0.0,0.0,0.0,0.09138492796246937,0.17110860702957353
5.850471019744873,-0.10584467649459839,0.24390295147895813,-0.08590292930603027,0.7086991667747498,-0.2485048919916153,0.39475856189053427,-0.04193982800936248,0.13449699907465312,0.39475856189053415,-0.04193982800936247,0.13449699907465304,0.059847110477018545,-0.1740775234912687,0.059299854550963794,0.09540412820647629,1.1633823332223636e-17,0.0,0.0,0.0,0.0,0.0,0.08973806977080402,0.17119789662965235
5.870474576950073,-0.10584467649459839,0.24083499610424042,-0.08590292930603027,0.7102331519126892,-0.2485048919916153,0.39475856189053427,-0.04193982800936248,0.13449699907465312,0.39448217415620646,-0.041910464101494106,0.13555688085711484,0.06050831353838679,-0.17380858784929218,0.05941751739375319,0.09554438556102773,1.1127819118994739e-17,0.0,0.0,0.0,0.0,0.0,0.08881478719070267,0.1712871421434845
5.890466213226318,-0.10431069880723953,0.2346990704536438,-0.08436894416809082,0.7102331519126892,-0.2485048919916153,0.39422018359321764,-0.04127117826468086,0.1363123968585348,0.39412225162075626,-0.041260925700095194,0.1375283065042163,0.06100762950487553,-0.17386752160257685,0.06001136011555135,0.09598026301198233,3.732041172903848e-18,0.0,0.0,0.0,0.0,0.0,0.0869019537521755,0.1713436900622615
5.910460948944092,-0.10277671366930008,0.23009712994098663,-0.07976700365543365,0.7117670774459839,-0.2485048919916153,0.3931633013035094,-0.04055091317107566,0.1378057386940704,0.3931633013035095,-0.04055091317107567,0.13780573869407034,0.06097381805039251,-0.17362018074898647,0.058513740447162996,0.09488418782763552,7.354371612749226e-18,0.0,0.0,0.0,0.0,0.0,0.08588115787421549,0.1716004426059631
5.930429220199585,-0.10124273598194122,0.22396120429039001,-0.07669904083013535,0.7148350477218628,-0.2485048919916153,0.3921946708773327,-0.039843086393839613,0.13898769265508262,0.39219467087733273,-0.03984308639383962,0.1389876926550825,0.06141131729316798,-0.17324185397930483,0.05748844218301487,0.0942479686169161,4.871250852677975e-18,0.0,0.0,0.0,0.0,0.0,0.08420429580124802,0.17188767600627244
5.950544118881226,-0.10124273598194122,0.21935926377773285,-0.07516506314277649,0.7179030179977417,-0.2485048919916153,0.3914403716948616,-0.039766457082618306,0.14002159434185196,0.39144037169486157,-0.03976645708261831,0.1400215943418519,0.062380834432133755,-0.17259999228088724,0.056755939953393814,0.09376341734379759,-1.162831155199108e-17,0.0,0.0,0.0,0.0,0.0,0.08304266771007168,0.17211860574448237
5.970463752746582,-0.09970875084400177,0.21629129350185394,-0.07209710031747818,0.7194370031356812,-0.2485048919916153,0.3914403716948616,-0.039766457082618306,0.14002159434185196,0.3907538979195463,-0.03909121512896912,0.14014579414301656,0.062110396375029894,-0.17249336452570785,0.05555689174005473,0.0929475562572777,-7.309366482882331e-18,0.0,0.0,0.0,0.0,0.0,0.08228930218847585,0.1723143105152509
5.990549802780151,-0.09970875084400177,0.21168935298919678,-0.07056311517953873,0.7209709882736206,-0.2485048919916153,0.39023354055719883,-0.039039158318522005,0.14073007286569233,0.39017827716001285,-0.03903362974066351,0.14133163086658748,0.06309389114762405,-0.1719941910454919,0.05528762154184096,0.09271368838590711,4.357132989335002e-18,0.0,0.0,0.0,0.0,0.0,0.08111655652856804,0.1724553937235591
6.010463714599609,-0.09817477315664291,0.2070874124765396,-0.06902913749217987,0.7209709882736206,-0.2485048919916153,0.3898414016866402,-0.038396027814204425,0.1426728434405397,0.38984140168664044,-0.038396027814204446,0.14267284344053968,0.06331011490166272,-0.1721005816555516,0.05559315103226293,0.09295521240981171,-6.7762156604238695e-18,0.0,0.0,0.0,0.0,0.0,0.0796743065200964,0.1725083889221782
6.030465364456177,-0.09664079546928406,0.20555342733860016,-0.06902913749217987,0.7225049734115601,-0.2485048919916153,0.38965838429407496,-0.03777456731500549,0.14311467650262205,0.389658384294075,-0.03777456731500549,0.14311467650262202,0.06291879554459338,-0.17230483276807526,0.055490252445903616,0.09307219013451357,9.794793953488161e-18,0.0,0.0,0.0,0.0,0.0,0.07896610291798477,0.17259591062411522
6.050468683242798,-0.09664079546928406,0.20248547196388245,-0.06902913749217987,0.7240389585494995,-0.2485048919916153,0.38965838429407496,-0.03777456731500549,0.14311467650262205,0.3893566592963193,-0.03774531725470205,0.144156244422489,0.06370069157706745,-0.17198000427887328,0.05564408569005592,0.09321782677845089,-5.768830713020132e-19,0.0,0.0,0.0,0.0,0.0,0.07805242240075229,0.17268338727776322
6.070464611053467,-0.0951068103313446,0.19941750168800354,-0.06902913749217987,0.725572943687439,-0.2485048919916153,0.38888957032966637,-0.03770003635141828,0.1441338319189352,0.3891093956872139,-0.03711893841810089,0.14519660145170263,0.06369325766166894,-0.17211638700814222,0.05588960641177764,0.09357106935379801,-1.0951156791014669e-17,0.0,0.0,0.0,0.0,0.0,0.07688155118589478,0.17277081874901348
6.0904645919799805,-0.0951068103313446,0.19634954631328583,-0.06902913749217987,0.725572943687439,-0.2485048919916153,0.3890472889482101,-0.03711301377005595,0.14579614565254695,0.388984266139298,-0.03710700173388084,0.1463955992682853,0.06448386844511389,-0.17195711066638494,0.05658799186948762,0.0940375591952937,-6.819874730528149e-18,0.0,0.0,0.0,0.0,0.0,0.07596140047355703,0.17277081874901343
6.110466003417969,-0.09357283264398575,0.19328159093856812,-0.06749515980482101,0.7271069288253784,-0.2485048919916153,0.38879449216764067,-0.03648715648984176,0.1468348020171979,0.38850949737712115,-0.03646041061321553,0.14696921878387595,0.06434320805678724,-0.1719747703289126,0.05608746035546485,0.09378930235312515,0.0,0.0,0.0,0.0,0.0,0.0,0.0749973778655974,0.17291042797369843
6.130464792251587,-0.0920388475060463,0.18867963552474976,-0.06749515980482101,0.7286409139633179,-0.2485048919916153,0.3881859051333804,-0.035829412611953375,0.1486038115446965,0.38818590513338047,-0.03582941261195339,0.14860381154469646,0.06475137224013051,-0.17203896005606095,0.05674513633481864,0.09442509587428259,3.6591566890169325e-18,0.0,0.0,0.0,0.0,0.0,0.07337219055409357,0.1729976436989939
6.150463581085205,-0.0920388475060463,0.18561168015003204,-0.06902913749217987,0.7301748991012573,-0.2485048919916153,0.3880861023387345,-0.03582020085165527,0.15010428756167662,0.38808610233873414,-0.03582020085165524,0.15010428756167654,0.06575275320649532,-0.17180024741276423,0.05777320955148105,0.09525814769449938,-5.468952528419795e-19,0.0,0.0,0.0,0.0,0.0,0.0722718486005258,0.17303284073021077
6.170464277267456,-0.09050486981868744,0.18100973963737488,-0.06902913749217987,0.7317088842391968,-0.2485048919916153,0.3877480979636791,-0.03518922348832287,0.1517355108569528,0.3877480979636792,-0.03518922348832289,0.15173551085695278,0.06619755291603734,-0.1718560407562767,0.05852112623866271,0.09595943475060129,2.6226319458030745e-18,0.0,0.0,0.0,0.0,0.0,0.07065876634803345,0.173120090134672
6.190464735031128,-0.09050486981868744,0.1764077991247177,-0.06749515980482101,0.7332428097724915,-0.2485048919916153,0.3877480979636791,-0.03518922348832287,0.1517355108569528,0.387135037028074,-0.03513358649516091,0.15289724092304566,0.06738662766761826,-0.17123957871679357,0.05834424323920873,0.09575492046882565,1.0636873908444947e-18,0.0,0.0,0.0,0.0,0.0,0.06951294690739983,0.17325901361694604
6.2105467319488525,-0.08897088468074799,0.1733398288488388,-0.06902913749217987,0.7347767949104309,-0.2485048919916153,0.38688052260722544,-0.03511048860020469,0.1533313742504388,0.38707180301577604,-0.034529278029678825,0.15439471520026807,0.0675765156213602,-0.1715087843833778,0.059604569665984215,0.09691760277319732,-8.025827658005355e-18,0.0,0.0,0.0,0.0,0.0,0.06816473884462572,0.17329444787484846
6.23053765296936,-0.08897088468074799,0.16873788833618164,-0.06902913749217987,0.7363107800483704,-0.2485048919916153,0.3866852300382822,-0.03509276525380984,0.1554237720268452,0.38666084108935794,-0.03449261759999538,0.15601931934027188,0.06897948563473655,-0.17096123843415958,0.060345763885257114,0.09742935884067269,0.0,0.0,0.0,0.0,0.0,0.0,0.06684353528630613,0.1733815593323581
6.250463962554932,-0.08897088468074799,0.16413594782352448,-0.06596117466688156,0.7393787503242493,-0.2485048919916153,0.3856450177218846,-0.03440199966499921,0.15654106826460415,0.3856450177218844,-0.0344019996649992,0.1565410682646042,0.07013687505001505,-0.169966465630659,0.05871986562111944,0.09614773568553342,-6.652935919620415e-18,0.0,0.0,0.0,0.0,0.0,0.06589949633286929,0.17365781725555807
6.270488500595093,-0.08743690699338913,0.1595340073108673,-0.06289321184158325,0.7409127354621887,-0.2485048919916153,0.3848591010474116,-0.03373690855636213,0.15722180038538605,0.3848591010474116,-0.03373690855636213,0.15722180038538608,0.07037238696337915,-0.16973766533189888,0.0577873758778036,0.09548557284821298,-9.264356790209099e-18,0.0,0.0,0.0,0.0,0.0,0.0646785148796859,0.17384536375806617
6.290489196777344,-0.08743690699338913,0.15493206679821014,-0.05982525274157524,0.7424467206001282,-0.2485048919916153,0.384018688363435,-0.033663237631621726,0.15789856548860265,0.38401868836343517,-0.03366323763162175,0.15789856548860265,0.07154993540297921,-0.1688681642877571,0.056689092132260845,0.09450207266273326,-3.077749256253719e-18,0.0,0.0,0.0,0.0,0.0,0.06374178781403167,0.1740312573931625
6.310424566268921,-0.08590292930603027,0.15033012628555298,-0.05522330850362778,0.7455146908760071,-0.2485048919916153,0.38283775641311774,-0.03296801842586537,0.15794086786454872,0.3828377564131177,-0.03296801842586536,0.15794086786454867,0.07165042259186105,-0.1682614713243109,0.0541262943875085,0.09263038130715495,-4.086558568497759e-18,0.0,0.0,0.0,0.0,0.0,0.06272303469350639,0.17434983113778402
6.3304643630981445,-0.08436894416809082,0.1457281857728958,-0.05368933081626892,0.7455146908760071,-0.2485048919916153,0.38283775641311774,-0.03296801842586537,0.15794086786454872,0.38243242511420217,-0.03234219489067731,0.159240155845257,0.07207140519071693,-0.16831850586484187,0.05467625194255628,0.09304231764112356,5.023962850493275e-19,0.0,0.0,0.0,0.0,0.0,0.06131267947703659,0.17439806025838844
6.350465536117554,-0.08283496648073196,0.1426602154970169,-0.052155349403619766,0.748582661151886,-0.2485048919916153,0.38182935750364394,-0.03170136291186774,0.15903531661027598,0.38174603560898157,-0.03169444511581753,0.15962298841862957,0.07201456985345273,-0.16809986827192167,0.05349376634501522,0.09234026855179986,1.0643763561403696e-17,0.0,0.0,0.0,0.0,0.0,0.06035438420138523,0.17461677323990918
6.3704681396484375,-0.08283496648073196,0.14112623035907745,-0.052155349403619766,0.748582661151886,-0.2485048919916153,0.3816618154239279,-0.03168745273925343,0.16021053128129187,0.3816618154239277,-0.03168745273925342,0.16021053128129187,0.07255776121577244,-0.16794316736012627,0.053968488930843266,0.09264283863011363,1.5066948723995578e-17,0.0,0.0,0.0,0.0,0.0,0.05991466463194415,0.17461677323990923
6.390463590621948,-0.08130098134279251,0.1395922601222992,-0.052155349403619766,0.7501166462898254,-0.2485048919916153,0.3816618154239279,-0.03168745273925343,0.16021053128129187,0.3814448298279484,-0.031080347996047596,0.16063499543500792,0.07212551700774872,-0.16824136291294914,0.05394180691802603,0.09284391402682407,-1.6429954078543633e-17,0.0,0.0,0.0,0.0,0.0,0.05919771058804474,0.17470208487661884
6.4104650020599365,-0.07976700365543365,0.1365242898464203,-0.052155349403619766,0.7516506314277649,-0.2485048919916153,0.38135905215148247,-0.031073358780763026,0.16122199939436863,0.3811397941528536,-0.030467025053958673,0.16164565110433374,0.07223662360172296,-0.1683899564181027,0.05441828951093067,0.09337141082934829,2.4258763096245237e-17,0.0,0.0,0.0,0.0,0.0,0.05804293647577747,0.17478734940894794
6.430492162704468,-0.0782330259680748,0.13499031960964203,-0.052155349403619766,0.7516506314277649,-0.25003886222839355,0.380933750984311,-0.030450554660484963,0.16117702374971116,0.38109873840730746,-0.02987548241276545,0.16223210608802605,0.07175343147599088,-0.16893036358309052,0.055082073974138314,0.09403387662626932,-2.131271996682074e-18,0.0,0.0,0.0,0.0,0.0,0.0573244257752986,0.17478734940894802
6.450478792190552,-0.0782330259680748,0.13038836419582367,-0.05062136799097061,0.7531846165657043,-0.25003886222839355,0.3808309363991267,-0.029854488603604755,0.16265493566387723,0.380448818217447,-0.029824533203951425,0.16335701316077136,0.07329309227375226,-0.16806253569286828,0.0549120336810066,0.0937494447745222,-4.838984642912229e-19,0.0,0.0,0.0,0.0,0.0,0.056208022525015236,0.17491960330961012
6.470465898513794,-0.07516506314277649,0.12732040882110596,-0.05062136799097061,0.7562525272369385,-0.25003886222839355,0.3800452427113054,-0.029206399307110144,0.16361506993594394,0.3799992219019481,-0.02861657833954309,0.16419970327593633,0.07235804733841707,-0.1687303832337061,0.0549323154550346,0.09423106412414295,-1.443023536651141e-17,0.0,0.0,0.0,0.0,0.0,0.05477703091731549,0.17508964006143232
6.4904656410217285,-0.07363107800483704,0.12271846830844879,-0.05062136799097061,0.7577865123748779,-0.2485048919916153,0.37958727845502915,-0.028000039879500813,0.16578843066860477,0.3795872784550294,-0.02800003987950082,0.16578843066860477,0.07307060306201488,-0.16873267597080766,0.056086721433876476,0.09521761709538917,-1.449749384157873e-17,0.0,0.0,0.0,0.0,0.0,0.053196247572041645,0.17517458877786768
6.510425090789795,-0.07209710031747818,0.11811652034521103,-0.05062136799097061,0.7593204975128174,-0.2485048919916153,0.37958727845502915,-0.028000039879500813,0.16578843066860477,0.37916755435049543,-0.02738434552202793,0.16737449320146022,0.07381188628493582,-0.16872294961240764,0.05732919416254157,0.09626678887448652,1.410590912915638e-17,0.0,0.0,0.0,0.0,0.0,0.05162433825552133,0.17525948978373784
6.5304856300354,-0.07056311517953873,0.11351457983255386,-0.05062136799097061,0.7608544826507568,-0.2485048919916153,0.37911295853076543,-0.02679587972556345,0.16795756889552793,0.37874006580012765,-0.026769523494430042,0.16895785548685757,0.0745829292394757,-0.16869747730903428,0.0586663865009152,0.09738243118826449,8.940936723009479e-18,0.0,0.0,0.0,0.0,0.0,0.050062096503136276,0.17534434295243156
6.550543308258057,-0.06902913749217987,0.11044661700725555,-0.05062136799097061,0.7623884677886963,-0.2485048919916153,0.37870062776686236,-0.026182978407344185,0.16984644084542444,0.3784049448926808,-0.026162535192460243,0.16995671711283897,0.07472370267218627,-0.16887978409976262,0.059434591993069545,0.09814185908988264,1.4054198096214719e-18,0.0,0.0,0.0,0.0,0.0,0.048927681211058206,0.17542914815751906
6.570463180541992,-0.06749515980482101,0.10737866163253784,-0.05062136799097061,0.7639224529266357,-0.2485048919916153,0.3780660524386465,-0.02555644870782356,0.17095414271630652,0.37806605243864655,-0.02555644870782357,0.17095414271630655,0.07486359140078735,-0.1690682397540956,0.060250095899334735,0.09893932178247837,9.780595953319102e-19,0.0,0.0,0.0,0.0,0.0,0.04779641404320166,0.17551390527275118
6.590423107147217,-0.06596117466688156,0.10431069880723953,-0.05062136799097061,0.7654564380645752,-0.2485048919916153,0.3777233941639088,-0.024951275919346323,0.1719501297280823,0.3777233941639088,-0.02495127591934633,0.1719501297280823,0.07500214291475432,-0.16926254314732328,0.061115892323126274,0.09977702477740268,-7.494826221023468e-18,0.0,0.0,0.0,0.0,0.0,0.046668490186015446,0.17559861417205916
6.610424518585205,-0.0644271969795227,0.10124273598194122,-0.04908738657832146,0.7685244083404541,-0.2485048919916153,0.3777233941639088,-0.024951275919346323,0.1719501297280823,0.37700656733244853,-0.024323139705309624,0.172306069740548,0.07495999035699005,-0.16909809826186584,0.059873636072036704,0.09904485892072344,-7.00372921118394e-18,0.0,0.0,0.0,0.0,0.0,0.045693802396183654,0.17581337908183708
6.630422353744507,-0.06289321184158325,0.09664079546928406,-0.04908738657832146,0.771592378616333,-0.2485048919916153,0.37665780881491584,-0.023720503539727295,0.17329855760152832,0.376375304399021,-0.023702712465600087,0.17371116653847898,0.07587184329564721,-0.16880687172934394,0.060715259025035606,0.09983908952207586,1.871220842760719e-18,0.0,0.0,0.0,0.0,0.0,0.04414270070051808,0.1759822053368586
6.650421142578125,-0.061359234154224396,0.0920388475060463,-0.04601942375302315,0.7731263637542725,-0.2485048919916153,0.37607784825705,-0.02368397978754745,0.17381688345852453,0.3755326053210482,-0.023071354541083666,0.17433340240799722,0.07627759800437067,-0.16848759365723678,0.0596511670509662,0.09904466446934496,-6.0348390707546586e-18,0.0,0.0,0.0,0.0,0.0,0.042929891297213946,0.1761559183305597
6.670421361923218,-0.061359234154224396,0.08897088468074799,-0.04295146465301514,0.7746603488922119,-0.2485048919916153,0.37475900967888626,-0.023023827644407156,0.17437566416279157,0.37475900967888626,-0.02302382764440715,0.17437566416279163,0.07733449510167911,-0.16739422611048485,0.057463577562404146,0.09716135330782123,1.3980921164979119e-18,0.0,0.0,0.0,0.0,0.0,0.04242301010980471,0.17632793216172604
6.690420627593994,-0.05982525274157524,0.08590292930603027,-0.04141748324036598,0.7761942744255066,-0.2485048919916153,0.37475900967888626,-0.023023827644407156,0.17437566416279157,0.3742109643970317,-0.022414012277652388,0.1748885439418727,0.077259852051284,-0.1674404097377665,0.0569598302981406,0.0969163304254467,7.478866114147658e-18,0.0,0.0,0.0,0.0,0.0,0.04146256104941359,0.17645509556794514
6.71042013168335,-0.058291271328926086,0.08283496648073196,-0.03834952041506767,0.7761942744255066,-0.2485048919916153,0.37383836125136444,-0.02181622853431559,0.1755655728131269,0.37364744015942775,-0.021805086878976178,0.17509310313922352,0.07683768132564059,-0.1676023428582429,0.05585291344620972,0.09612042215015221,-5.587386607116918e-18,0.0,0.0,0.0,0.0,0.0,0.040681897093507995,0.17654108948064956
6.730421543121338,-0.058291271328926086,0.07976700365543365,-0.03681553900241852,0.7792622447013855,-0.2485048919916153,0.37288494515413195,-0.021760589665698965,0.17543663398698578,0.37288494515413206,-0.02176058966569897,0.17543663398698586,0.07827861538143495,-0.16627217414850737,0.054079601359207224,0.09460667429598967,7.065974907338277e-18,0.0,0.0,0.0,0.0,0.0,0.0400075358800796,0.17674996365424192
6.750424146652222,-0.05675728991627693,0.07669904083013535,-0.03681553900241852,0.7823302149772644,-0.2485048919916153,0.37288494515413195,-0.021760589665698965,0.17543663398698578,0.37234448988414315,-0.021155986268559905,0.17625058242363853,0.07634233187741381,-0.16147822646643875,0.05256904471299983,0.0921596236389398,-7.684322807090299e-18,0.0,0.0,0.0,0.0,0.0,0.038870127583974554,0.17691607836271667
6.770425796508789,-0.05522330850362778,0.07363107800483704,-0.03528155758976936,0.7838642001152039,-0.2485048919916153,0.37226666837886896,-0.02057872037763879,0.176822587517572,0.3717890583814454,-0.020552318329264848,0.17675618582827676,0.07438817089925664,-0.15752152387109167,0.050709312287447926,0.0895837972327055,8.134100338401091e-18,0.0,0.0,0.0,0.0,0.0,0.03791352992148152,0.1770406980984501
6.790542364120483,-0.05368933081626892,0.07209710031747818,-0.03528155758976936,0.7853981852531433,-0.2485048919916153,0.37164205841812775,-0.01997240755796235,0.1765907652442381,0.3715316927529086,-0.01996647639921368,0.17716159385382774,0.07237504243966277,-0.15505316318869342,0.04990947439668554,0.08829312555313149,-3.9523069164218383e-19,0.0,0.0,0.0,0.0,0.0,0.037200359781909824,0.1771235047590095
6.810476064682007,-0.05062136799097061,0.06902913749217987,-0.03374757990241051,0.7869321703910828,-0.2485048919916153,0.3714506343256474,-0.019390722897290776,0.17773225502040393,0.3710017636793746,-0.0187966751848961,0.1776644689418046,0.0683417836534103,-0.15098908487451487,0.0479674546919417,0.085609982079846,-6.039300868799926e-18,0.0,0.0,0.0,0.0,0.0,0.035961994150803145,0.17724735189964078
6.83047080039978,-0.0475534051656723,0.0644271969795227,-0.03221359848976135,0.7869321703910828,-0.2485048919916153,0.37088973623334553,-0.018790999353347708,0.17823422140302822,0.3705319160026912,-0.017633347917413947,0.1789003258004155,0.06428608879254787,-0.14524910647241115,0.047254129569751065,0.08317768832795723,-6.0098312128830066e-18,0.0,0.0,0.0,0.0,0.0,0.03431749968815832,0.17728814945210403
6.8504722118377686,-0.04601942375302315,0.061359234154224396,-0.03221359848976135,0.7884661555290222,-0.2485048919916153,0.37015262575224805,-0.017046245678306485,0.17987152829058148,0.3701526257522483,-0.017046245678306496,0.1798715282905815,0.0622759810134927,-0.14079245958286002,0.046761502004800434,0.08144828280179572,-6.636271064941673e-18,0.0,0.0,0.0,0.0,0.0,0.033194249348226346,0.17737060216432066
6.8704845905303955,-0.04448544234037399,0.058291271328926086,-0.030679617077112198,0.7900001406669617,-0.2485048919916153,0.369584308985737,-0.016451975470081565,0.18036801068384045,0.3695843089857371,-0.016451975470081568,0.18036801068384054,0.0602896303914013,-0.13686744347917978,0.04496711631233337,0.07890638753373237,4.436518495383328e-18,0.0,0.0,0.0,0.0,0.0,0.032243257587079945,0.17749325431691423
6.890480279922485,-0.04295146465301514,0.05368933081626892,-0.029145635664463043,0.7915341258049011,-0.2485048919916153,0.369584308985737,-0.016451975470081565,0.18036801068384045,0.3688970257970065,-0.015854418323368907,0.18142914629667434,0.05831428346043884,-0.13094120934369463,0.04346906788674099,0.0759178345558253,-5.2089705683241855e-18,0.0,0.0,0.0,0.0,0.0,0.030876152150412638,0.1776153072194895
6.910470724105835,-0.04141748324036598,0.05062136799097061,-0.029145635664463043,0.7930681109428406,-0.2485048919916153,0.3688030695746494,-0.015283635175620883,0.18199545950508964,0.3685076945429147,-0.015271394485134693,0.18239453609451245,0.05629023474662142,-0.12651082272058775,0.043027358291448096,0.07421582638715253,0.0,0.0,0.0,0.0,0.0,0.0,0.02976075614197098,0.17769735517963464
6.930478572845459,-0.03988350182771683,0.04601942375302315,-0.029145635664463043,0.7930681109428406,-0.2485048919916153,0.3681700991143116,-0.014691703647394883,0.1840910161662473,0.3681700991143115,-0.014691703647394874,0.18409101616624732,0.05425484981181023,-0.12043180583302947,0.04384412233593269,0.07280970595071341,4.277043692786391e-18,0.0,0.0,0.0,0.0,0.0,0.028268258250365972,0.1776973551796347
6.950480222702026,-0.03834952041506767,0.04295146465301514,-0.029145635664463043,0.79460209608078,-0.2485048919916153,0.367771805584478,-0.014110790557380768,0.18505293431519199,0.3677718055844779,-0.014110790557380766,0.18505293431519196,0.05222342387694373,-0.11602884628453324,0.043442963149308164,0.07113784181555338,-9.364828408744725e-18,0.0,0.0,0.0,0.0,0.0,0.027172895621790365,0.17777935307359957
6.970480918884277,-0.03681553900241852,0.03988350182771683,-0.029145635664463043,0.7976700067520142,-0.2485048919916153,0.3671942457081988,-0.013524564952445577,0.18584515886360514,0.3671942457081989,-0.013524564952445575,0.18584515886360511,0.05020981014856234,-0.11129776221614048,0.0421207904621267,0.06874678902015982,-9.977274677498529e-18,0.0,0.0,0.0,0.0,0.0,0.02605600641355874,0.1779431950063147
6.9904701709747314,-0.03528155758976936,0.03681553900241852,-0.029145635664463043,0.7976700067520142,-0.2485048919916153,0.36696442017083925,-0.012952451122932591,0.18697207797138987,0.36696442017083936,-0.012952451122932591,0.18697207797138984,0.048148449076352656,-0.1072544756517574,0.0426918715723604,0.0678255393298774,6.194357305452516e-19,0.0,0.0,0.0,0.0,0.0,0.025005685237727154,0.17794319500631461
7.01047945022583,-0.03528155758976936,0.03374757990241051,-0.029145635664463043,0.7992039918899536,-0.2485048919916153,0.36696442017083925,-0.012952451122932591,0.18697207797138987,0.36653592316085115,-0.012937326804952085,0.18792927851340144,0.04819962691446107,-0.10296232764076704,0.04240926632856956,0.06626222565073411,0.0,0.0,0.0,0.0,0.0,0.0,0.02421804073096621,0.1780250419909642
7.030465364456177,-0.03528155758976936,0.03221359848976135,-0.029145635664463043,0.8007379770278931,-0.2485048919916153,0.36640809087953363,-0.012932814810642321,0.18849178993816787,0.36623318750894385,-0.012926641385551833,0.188322845940215,0.048235846380552165,-0.10064701448068492,0.041804508486032926,0.06511370989507538,8.923523937755122e-18,0.0,0.0,0.0,0.0,0.0,0.023811139434036878,0.17810683843484693
7.050481796264648,-0.03528155758976936,0.030679617077112198,-0.029145635664463043,0.8022719621658325,-0.2485048919916153,0.3659298488634265,-0.012915934682765959,0.18871594822476412,0.3659298488634265,-0.012915934682765952,0.1887159482247641,0.04827218961495163,-0.09833258241076898,0.041203504211384925,0.06396490516285187,3.835802069696887e-18,0.0,0.0,0.0,0.0,0.0,0.023407504736884976,0.1781885842197385
7.070430278778076,-0.03374757990241051,0.02761165425181389,-0.029145635664463043,0.803805947303772,-0.2485048919916153,0.36551562807059257,-0.01233995287356381,0.1896696976641256,0.36551562807059257,-0.012339952873563802,0.18966969766412567,0.046223993787221744,-0.09397340009069875,0.04088160256396996,0.06233489412973194,9.217474052370852e-20,0.0,0.0,0.0,0.0,0.0,0.02235451403402246,0.17827027922758268
7.090538740158081,-0.03374757990241051,0.026077674701809883,-0.029145635664463043,0.803805947303772,-0.2485048919916153,0.36551562807059257,-0.01233995287356381,0.1896696976641256,0.365385122151213,-0.012335546941857504,0.1902306105573092,0.04623899519200167,-0.09200999631718099,0.04122747064575381,0.061934634207699006,-3.091657369041237e-18,0.0,0.0,0.0,0.0,0.0,0.0220070141556158,0.17827027922758273
7.110523462295532,-0.03221359848976135,0.02454369328916073,-0.029145635664463043,0.8053399324417114,-0.2485048919916153,0.36507936249093087,-0.012325224374205787,0.190621843032952,0.3650978396147601,-0.011765185136401651,0.19062184303295193,0.04417155026131405,-0.08962478072386446,0.04057663093853194,0.06071545684129704,-4.8289057617207656e-18,0.0,0.0,0.0,0.0,0.0,0.021314646851998725,0.17835192334049105
7.1304662227630615,-0.03221359848976135,0.02454369328916073,-0.029145635664463043,0.8068739175796509,-0.2485048919916153,0.36492317735287744,-0.011759556689381636,0.19045263077121127,0.3649231773528773,-0.011759556689381636,0.1904526307712112,0.04419075543456119,-0.08927644062264564,0.039641135971492304,0.059966044980381356,-3.913177647942731e-18,0.0,0.0,0.0,0.0,0.0,0.021263599296145404,0.17843351644074254
7.150470733642578,-0.03221359848976135,0.023009711876511574,-0.029145635664463043,0.8084079027175903,-0.2485048919916153,0.36492317735287744,-0.011759556689381636,0.19045263077121127,0.36461680274446595,-0.011749683845453399,0.19084339349118376,0.04422448130314245,-0.08696717529358386,0.03905859448659909,0.05881808036771092,3.382812743254737e-18,0.0,0.0,0.0,0.0,0.0,0.020869821170676876,0.17851505841078272
7.1704652309417725,-0.030679617077112198,0.023009711876511574,-0.029145635664463043,0.8084079027175903,-0.2485048919916153,0.36463439754439275,-0.011190354842576092,0.19084339349118376,0.3646343975443926,-0.011190354842576088,0.1908433934911837,0.04211923018699224,-0.08689487353881,0.038997669882387474,0.05874775717310254,0.0,0.0,0.0,0.0,0.0,0.0,0.02057262928619936,0.17851505841078272
7.1904661655426025,-0.030679617077112198,0.023009711876511574,-0.029145635664463043,0.8099418878555298,-0.2485048919916153,0.3644594676121153,-0.011184986374795883,0.1906744494974686,0.3644594676121151,-0.011184986374795883,0.1906744494974685,0.04213758977197522,-0.08654629373775194,0.03806316743292819,0.05799543150643189,7.351192584963203e-18,0.0,0.0,0.0,0.0,0.0,0.020521842412547706,0.17859654913322293
7.210426330566406,-0.029145635664463043,0.023009711876511574,-0.029145635664463043,0.8114758729934692,-0.2485048919916153,0.36434413222044904,-0.010622049201766418,0.19123368485639858,0.3643009995588954,-0.010620791716842938,0.19050577416867184,0.040048803908257914,-0.08612954851683452,0.03707128016090303,0.05717550326070578,2.93292184402511e-18,0.0,0.0,0.0,0.0,0.0,0.020185641659663568,0.17867798849084052
7.230424404144287,-0.02761165425181389,0.02147573232650757,-0.029145635664463043,0.8114758729934692,-0.2485048919916153,0.3641850519910801,-0.010058308032104528,0.19106474086366138,0.3641850519910801,-0.010058308032104524,0.19106474086366126,0.037953991104779095,-0.08410316843512039,0.037372181007067774,0.0567145577853618,2.4085990864920217e-18,0.0,0.0,0.0,0.0,0.0,0.019550552838522733,0.17867798849084057
7.250425577163696,-0.02761165425181389,0.02147573232650757,-0.029145635664463043,0.8130098581314087,-0.2485048919916153,0.3641850519910801,-0.010058308032104528,0.19106474086366138,0.36400984755802523,-0.010053469118078208,0.19089606553584396,0.03797057726678799,-0.08375440155107804,0.0364387002698128,0.05595930947257504,-2.8776056297770098e-18,0.0,0.0,0.0,0.0,0.0,0.019499479291378703,0.17875937636657765
7.270464897155762,-0.02761165425181389,0.02147573232650757,-0.029145635664463043,0.8145438432693481,-0.2485048919916153,0.36414140015882407,-0.010057102426403262,0.1903373679017052,0.3638343846843914,-0.010048623066265923,0.1907276592698581,0.03798720161718723,-0.0834061380761303,0.03550571712541051,0.055203400194914105,-3.2117452321437643e-18,0.0,0.0,0.0,0.0,0.0,0.019450998116792458,0.17884071264354115
7.290470123291016,-0.026077674701809883,0.02147573232650757,-0.029145635664463043,0.8145438432693481,-0.2485048919916153,0.3638343846843913,-0.010048623066265923,0.19072765926985819,0.3638493709926003,-0.009490496956783044,0.19072765926985824,0.035877295721729964,-0.0833445554399032,0.03545386555145944,0.055143296840261646,-9.364496002030702e-18,0.0,0.0,0.0,0.0,0.0,0.019179439824802837,0.17884071264354112
7.3104636669158936,-0.02761165425181389,0.02147573232650757,-0.02761165425181389,0.8160778284072876,-0.2485048919916153,0.3638343846843913,-0.010048623066265923,0.19072765926985819,0.3634848026588655,-0.010038968074453376,0.19008486697217145,0.03802036400406284,-0.08353842069629332,0.03321544654383235,0.0535798527254387,2.8044036049811013e-18,0.0,0.0,0.0,0.0,0.0,0.019517444651080174,0.17895948959273575
7.33043360710144,-0.026077674701809883,0.019941750913858414,-0.026077674701809883,0.8160778284072876,-0.2485048919916153,0.36319473628659354,-0.009473421735055405,0.19016790307601295,0.3631947362865935,-0.009473421735055403,0.19016790307601297,0.03593598686851444,-0.0819915330988401,0.03216169898569516,0.052251233591902806,-4.302889851332785e-19,0.0,0.0,0.0,0.0,0.0,0.018987282980080195,0.1789966836096647
7.350519895553589,-0.02454369328916073,0.016873789951205254,-0.02147573232650757,0.8176117539405823,-0.2485048919916153,0.3622472580095732,-0.008892671294431952,0.18969086159965476,0.36224725800957336,-0.008892671294431952,0.1896908615996547,0.0339039894570239,-0.07910457063093758,0.027821175925797005,0.04803933370999025,-2.8154433891363295e-18,0.0,0.0,0.0,0.0,0.0,0.018312653168269955,0.17918706144659755
7.370471715927124,-0.02454369328916073,0.013805827125906944,-0.01840776950120926,0.8176117539405823,-0.2485048919916153,0.3622472580095732,-0.008892671294431952,0.18969086159965476,0.36163627495289336,-0.008877672501841015,0.189853653652727,0.033955932970728436,-0.07613332612140469,0.02581766558024972,0.04550529630872553,-6.303983623543779e-19,0.0,0.0,0.0,0.0,0.0,0.01780910744613829,0.1792584923719497
7.390485763549805,-0.02454369328916073,0.012271846644580364,-0.015339808538556099,0.8191457390785217,-0.2485048919916153,0.3612836698053919,-0.008869016531080371,0.18921302199075285,0.3609779918410785,-0.00886151255803851,0.18929371435061976,0.034012066026753496,-0.07480031088221184,0.022529644340985793,0.04262279141696419,-3.5574979498323995e-19,0.0,0.0,0.0,0.0,0.0,0.01771065391466916,0.17940874434736856
7.410466194152832,-0.02454369328916073,0.00920388475060463,-0.012271846644580364,0.8206797242164612,-0.2485048919916153,0.36018899197196996,-0.008842143697868574,0.1892871802990827,0.3601889919719699,-0.008842143697868569,0.18928718029908265,0.0340795765557818,-0.07149348446140481,0.0196024380268279,0.03933315571928292,-2.8751353882288182e-19,0.0,0.0,0.0,0.0,0.0,0.01722682700101756,0.1795572151039385
7.430465221405029,-0.023009711876511574,0.006135923322290182,-0.012271846644580364,0.8206797242164612,-0.2485048919916153,0.35994137897994594,-0.008283609384638265,0.19039215992371167,0.3599413789799459,-0.008283609384638265,0.19039215992371158,0.03197095904758397,-0.06748159448476622,0.020283684897535906,0.038467348215260565,-5.873222551524988e-18,0.0,0.0,0.0,0.0,0.0,0.01611706522266729,0.1795572151039384
7.450466156005859,-0.023009711876511574,0.003067961661145091,-0.012271846644580364,0.8222137093544006,-0.2485048919916153,0.35994137897994594,-0.008283609384638265,0.19039215992371167,0.35950072510922626,-0.008273468276246629,0.19132900816935902,0.03200645315635056,-0.06319583124238902,0.020100367811820202,0.03690390418887904,2.995230923870996e-18,0.0,0.0,0.0,0.0,0.0,0.015293794632012844,0.1796368847983217
7.470465660095215,-0.023009711876511574,0.0015339808305725455,-0.012271846644580364,0.8237476944923401,-0.2485048919916153,0.3593676418270183,-0.008270405527727521,0.19188051941627182,0.35919112877146303,-0.008266343296239575,0.19171319334490447,0.032031435205522416,-0.06088521020411522,0.01955236396019387,0.0357413120985775,3.509506291771366e-18,0.0,0.0,0.0,0.0,0.0,0.014882219059126789,0.17971650264248493
7.490465402603149,-0.02147573232650757,-0.0015339808305725455,-0.012271846644580364,0.8237476944923401,-0.2485048919916153,0.35905745667704986,-0.008263266996929714,0.19226422909939506,0.358935188325031,-0.0077095813013012115,0.19281505910092173,0.029916574006065795,-0.05690092822973148,0.02026982555643175,0.03490782704190696,-3.0209362399713287e-18,0.0,0.0,0.0,0.0,0.0,0.013816606311551044,0.179716502642485
7.510465383529663,-0.02147573232650757,-0.003067961661145091,-0.012271846644580364,0.8252816796302795,-0.2485048919916153,0.3586238171154782,-0.00770289334834198,0.19319781509236167,0.3586238171154783,-0.007702893348341982,0.19319781509236164,0.0299400883053233,-0.054594443992398115,0.01973217485138814,0.03374891027291916,-2.5279628516529237e-18,0.0,0.0,0.0,0.0,0.0,0.01341545776687666,0.1797960685235464
7.5304648876190186,-0.02147573232650757,-0.004601942375302315,-0.012271846644580364,0.8252816796302795,-0.2485048919916153,0.3586238171154782,-0.00770289334834198,0.19319781509236167,0.3584878642963428,-0.007699973213046369,0.19374795980524886,0.02995036619007675,-0.05263394633263194,0.02012039664067585,0.033364235996951604,-1.9764909194036725e-18,0.0,0.0,0.0,0.0,0.0,0.013054556077919553,0.1797960685235465
7.550424814224243,-0.019941750913858414,-0.006135923322290182,-0.012271846644580364,0.826815664768219,-0.2485048919916153,0.3583118592771438,-0.007696192795162895,0.1935800928450609,0.3581867004354281,-0.00714381695457607,0.1941297585440999,0.027833311988877743,-0.05028225763395772,0.01955035746810269,0.03216082009470315,-5.136983513617746e-18,0.0,0.0,0.0,0.0,0.0,0.012349733578118033,0.17987558232878748
7.570464372634888,-0.019941750913858414,-0.006135923322290182,-0.012271846644580364,0.8252816796302795,-0.2485048919916153,0.358186700435428,-0.00714381695457607,0.19412975854409986,0.35836245338613404,-0.007147322240806809,0.19429789535729655,0.027820957379337385,-0.05062869152944521,0.02047250211505222,0.032936854708719626,4.861446161361316e-20,0.0,0.0,0.0,0.0,0.0,0.012390675494319792,0.1797960685235465
7.590467929840088,-0.019941750913858414,-0.006135923322290182,-0.012271846644580364,0.826815664768219,-0.2485048919916153,0.358186700435428,-0.00714381695457607,0.19412975854409986,0.3581867004354281,-0.00714381695457607,0.1941297585440999,0.027833311988877743,-0.05028225763395772,0.01955035746810269,0.03216082009470315,-5.136983513617746e-18,0.0,0.0,0.0,0.0,0.0,0.012349733578118033,0.17987558232878748
7.610468864440918,-0.019941750913858414,-0.006135923322290182,-0.012271846644580364,0.8252816796302795,-0.2485048919916153,0.358186700435428,-0.00714381695457607,0.19412975854409986,0.35836245338613404,-0.007147322240806809,0.19429789535729655,0.027820957379337385,-0.05062869152944521,0.02047250211505222,0.032936854708719626,4.861446161361316e-20,0.0,0.0,0.0,0.0,0.0,0.012390675494319792,0.1797960685235465
7.630468130111694,-0.019941750913858414,-0.006135923322290182,-0.012271846644580364,0.826815664768219,-0.2485048919916153,0.358186700435428,-0.00714381695457607,0.19412975854409986,0.3581867004354281,-0.00714381695457607,0.1941297585440999,0.027833311988877743,-0.05028225763395772,0.01955035746810269,0.03216082009470315,-5.136983513617746e-18,0.0,0.0,0.0,0.0,0.0,0.012349733578118033,0.17987558232878748
7.650481939315796,-0.019941750913858414,-0.006135923322290182,-0.012271846644580364,0.8283496499061584,-0.2485048919916153,0.35801068982351564,-0.007140306529448515,0.19396189158464971,0.3580106898235159,-0.00714030652944852,0.1939618915846498,0.027845695074066555,-0.04993634269764552,0.018628690830712502,0.031384158225183055,-6.8521384811690624e-18,0.0,0.0,0.0,0.0,0.0,0.012313158896830254,0.17995504394565162
7.67047381401062,-0.019941750913858414,-0.006135923322290182,-0.012271846644580364,0.8298836350440979,-0.2485048919916153,0.35801068982351564,-0.007140306529448515,0.19396189158464971,0.35783442196456966,-0.0071367909736845675,0.19379429487395558,0.027858106663352006,-0.04959094702828773,0.017707499758806818,0.030606870918921524,-2.2500161921777873e-18,0.0,0.0,0.0,0.0,0.0,0.012280990555831053,0.18003445326174466
7.69046950340271,-0.019941750913858414,-0.006135923322290182,-0.012271846644580364,0.8298836350440979,-0.2485048919916153,0.35784494865515254,-0.006587871440072512,0.19379429487395555,0.35783442196456966,-0.0071367909736845675,0.19379429487395558,0.027858106663352006,-0.04959094702828773,0.017707499758806818,0.030606870918921524,-2.2500161921777873e-18,0.0,0.0,0.0,0.0,0.0,0.012280990555831053,0.18003445326174466
7.710500240325928,-0.01840776950120926,-0.006135923322290182,-0.012271846644580364,0.8298836350440979,-0.2485048919916153,0.35784494865515254,-0.006587871440072512,0.19379429487395555,0.3578449486551526,-0.0065878714400725135,0.19379429487395547,0.02571542671471017,-0.04954685315960851,0.01767106611754642,0.03056402811453682,-1.3875416619022025e-19,0.0,0.0,0.0,0.0,0.0,0.01197723029854229,0.18003445326174455
7.730463266372681,-0.01840776950120926,-0.006135923322290182,-0.012271846644580364,0.8298836350440979,-0.2485048919916153,0.35784494865515254,-0.006587871440072512,0.19379429487395555,0.3578449486551526,-0.0065878714400725135,0.19379429487395547,0.02571542671471017,-0.04954685315960851,0.01767106611754642,0.03056402811453682,-1.3875416619022025e-19,0.0,0.0,0.0,0.0,0.0,0.01197723029854229,0.18003445326174455
7.750476121902466,-0.016873789951205254,-0.006135923322290182,-0.012271846644580364,0.8298836350440979,-0.2485048919916153,0.3578546332900705,-0.006038937071106166,0.1937942948739555,0.3578546332900706,-0.006038937071106169,0.19379429487395547,0.023572688857004743,-0.049506286467074084,0.017637546892148994,0.030524612410611687,-2.5386575778394723e-20,0.0,0.0,0.0,0.0,0.0,0.011690799852092315,0.1800344532617445
7.770485877990723,-0.015339808538556099,-0.0076699042692780495,-0.012271846644580364,0.8298836350440979,-0.2485048919916153,0.3578546332900705,-0.006038937071106166,0.1937942948739555,0.35772659373350907,-0.0054878879149085034,0.19434321032919952,0.02143731214550108,-0.047510567656154724,0.018001794346018132,0.03010635242429813,3.2981199322140068e-18,0.0,0.0,0.0,0.0,0.0,0.011037048240765096,0.18003445326174453
7.790485143661499,-0.015339808538556099,-0.0076699042692780495,-0.012271846644580364,0.8298836350440979,-0.2485048919916153,0.3577265937335093,-0.005487887914908506,0.1943432103291996,0.35772659373350907,-0.0054878879149085034,0.19434321032919952,0.02143731214550108,-0.047510567656154724,0.018001794346018132,0.03010635242429813,3.2981199322140068e-18,0.0,0.0,0.0,0.0,0.0,0.011037048240765096,0.18003445326174453
7.810482501983643,-0.013805827125906944,-0.00920388475060463,-0.012271846644580364,0.8314176201820374,-0.2485048919916153,0.35742083538668823,-0.004934803794483201,0.1947240480149765,0.357420835386688,-0.0049348037944831995,0.19472404801497648,0.01930904556032053,-0.04517388135206903,0.01745160702803028,0.028913987920577592,1.824838773026585e-19,0.0,0.0,0.0,0.0,0.0,0.01035648375051305,0.1801138101648335
7.830479383468628,-0.013805827125906944,-0.00920388475060463,-0.012271846644580364,0.8329516053199768,-0.2485048919916153,0.3572445492734057,-0.004932369864240158,0.1945564513058422,0.35724454927340565,-0.004932369864240158,0.19455645130584212,0.019317664202465373,-0.0448269931816627,0.016531399547284747,0.028132303766057926,-1.3590480251690402e-18,0.0,0.0,0.0,0.0,0.0,0.010317169623406182,0.1801931145428467
7.85048508644104,-0.013805827125906944,-0.010737866163253784,-0.012271846644580364,0.8344855904579163,-0.2485048919916153,0.3572445492734057,-0.004932369864240158,0.1945564513058422,0.3569302096367853,-0.004928029869819093,0.19493680753671208,0.01933305028191413,-0.042523876807365614,0.016013064152461152,0.02697012631674305,-3.200080625693184e-18,0.0,0.0,0.0,0.0,0.0,0.009896928913956939,0.18027236628387264
7.8704657554626465,-0.013805827125906944,-0.012271846644580364,-0.012271846644580364,0.8344855904579163,-0.2485048919916153,0.35679157316477617,-0.004926115757041128,0.19548427745930458,0.35679157316477617,-0.004926115757041127,0.19548427745930455,0.019339843499621763,-0.040570100523000224,0.016417748682764445,0.02659377708893748,-3.4355856872970536e-18,0.0,0.0,0.0,0.0,0.0,0.009528055025492976,0.1802723662838726
7.890511512756348,-0.013805827125906944,-0.015339808538556099,-0.012271846644580364,0.8344855904579163,-0.2485048919916153,0.35665209712806617,-0.004924190052641576,0.19603153405194518,0.3565117817694119,-0.004922252759972104,0.1965785763589458,0.019353567036787866,-0.036671486521950694,0.01723697200293933,0.025851656651607286,1.7999642242308634e-18,0.0,0.0,0.0,0.0,0.0,0.008850876441181578,0.18027236628387255
7.9105024337768555,-0.013805827125906944,-0.016873789951205254,-0.012271846644580364,0.8344855904579163,-0.2485048919916153,0.356370627503414,-0.0049203038847569795,0.19712540276074247,0.3563706275034142,-0.00492030388475698,0.19712540276074247,0.01936049749741663,-0.034726657982706514,0.017651508869087246,0.025485887192647105,-3.1956097405560905e-18,0.0,0.0,0.0,0.0,0.0,0.00854737353773423,0.1802723662838727
7.930461883544922,-0.013805827125906944,-0.016873789951205254,-0.012271846644580364,0.8344855904579163,-0.2485048919916153,0.356370627503414,-0.0049203038847569795,0.19712540276074247,0.3563706275034142,-0.00492030388475698,0.19712540276074247,0.01936049749741663,-0.034726657982706514,0.017651508869087246,0.025485887192647105,-3.1956097405560905e-18,0.0,0.0,0.0,0.0,0.0,0.00854737353773423,0.1802723662838727
7.950474977493286,-0.013805827125906944,-0.019941750913858414,-0.012271846644580364,0.8344855904579163,-0.2485048919916153,0.356370627503414,-0.0049203038847569795,0.19712540276074247,0.3560858037539028,-0.004916371407462178,0.1982184020389642,0.019374496146707908,-0.030845984246346103,0.01849042737626554,0.024764934758436007,-2.75463124519322e-19,0.0,0.0,0.0,0.0,0.0,0.008023827418501493,0.18027236628387258
7.9704883098602295,-0.013805827125906944,-0.019941750913858414,-0.012271846644580364,0.8360195755958557,-0.2485048919916153,0.3562286348351472,-0.004918343433969623,0.19767201130700784,0.35591080814001946,-0.004913955294762778,0.198049458047694,0.019383106365109513,-0.030490763523120367,0.017571023853393018,0.023971178189030277,-1.2288386204310405e-18,0.0,0.0,0.0,0.0,0.0,0.00793027259397516,0.18035156527615967
7.99047064781189,-0.013805827125906944,-0.02147573232650757,-0.012271846644580364,0.8375535607337952,-0.2485048919916153,0.3559108081400194,-0.004913955294762774,0.19804945804769397,0.35559240287732163,-0.004909559167444552,0.19842641675842929,0.01939879118182647,-0.02819753158235308,0.01707643545909987,0.022818536394221274,-1.76109345983916e-18,0.0,0.0,0.0,0.0,0.0,0.007606241212258957,0.1804307114081161
8.01047420501709,-0.013805827125906944,-0.02147573232650757,-0.012271846644580364,0.8375535607337952,-0.2485048919916153,0.3555924028773215,-0.004909559167444552,0.19842641675842937,0.35559240287732163,-0.004909559167444552,0.19842641675842929,0.01939879118182647,-0.02819753158235308,0.01707643545909987,0.022818536394221274,-1.76109345983916e-18,0.0,0.0,0.0,0.0,0.0,0.007606241212258957,0.1804307114081161
8.030465126037598,-0.013805827125906944,-0.02147573232650757,-0.012271846644580364,0.8375535607337952,-0.2485048919916153,0.3555924028773215,-0.004909559167444552,0.19842641675842937,0.35559240287732163,-0.004909559167444552,0.19842641675842929,0.01939879118182647,-0.02819753158235308,0.01707643545909987,0.022818536394221274,-1.76109345983916e-18,0.0,0.0,0.0,0.0,0.0,0.007606241212258957,0.1804307114081161
8.050466775894165,-0.013805827125906944,-0.02147573232650757,-0.012271846644580364,0.8375535607337952,-0.2485048919916153,0.3555924028773215,-0.004909559167444552,0.19842641675842937,0.35559240287732163,-0.004909559167444552,0.19842641675842929,0.01939879118182647,-0.02819753158235308,0.01707643545909987,0.022818536394221274,-1.76109345983916e-18,0.0,0.0,0.0,0.0,0.0,0.007606241212258957,0.1804307114081161
8.070457458496094,-0.013805827125906944,-0.02147573232650757,-0.012271846644580364,0.8375535607337952,-0.2485048919916153,0.3555924028773215,-0.004909559167444552,0.19842641675842937,0.35559240287732163,-0.004909559167444552,0.19842641675842929,0.01939879118182647,-0.02819753158235308,0.01707643545909987,0.022818536394221274,-1.76109345983916e-18,0.0,0.0,0.0,0.0,0.0,0.007606241212258957,0.1804307114081161
8.09048342704773,-0.013805827125906944,-0.02147573232650757,-0.012271846644580364,0.8375535607337952,-0.2485048919916153,0.3555924028773215,-0.004909559167444552,0.19842641675842937,0.35559240287732163,-0.004909559167444552,0.19842641675842929,0.01939879118182647,-0.02819753158235308,0.01707643545909987,0.022818536394221274,-1.76109345983916e-18,0.0,0.0,0.0,0.0,0.0,0.007606241212258957,0.1804307114081161
8.11046576499939,-0.013805827125906944,-0.02147573232650757,-0.012271846644580364,0.8375535607337952,-0.2485048919916153,0.3555924028773215,-0.004909559167444552,0.19842641675842937,0.35559240287732163,-0.004909559167444552,0.19842641675842929,0.01939879118182647,-0.02819753158235308,0.01707643545909987,0.022818536394221274,-1.76109345983916e-18,0.0,0.0,0.0,0.0,0.0,0.007606241212258957,0.1804307114081161
8.130464792251587,-0.013805827125906944,-0.02147573232650757,-0.012271846644580364,0.8375535607337952,-0.2485048919916153,0.3555924028773215,-0.004909559167444552,0.19842641675842937,0.35559240287732163,-0.004909559167444552,0.19842641675842929,0.01939879118182647,-0.02819753158235308,0.01707643545909987,0.022818536394221274,-1.76109345983916e-18,0.0,0.0,0.0,0.0,0.0,0.007606241212258957,0.1804307114081161
8.15044116973877,-0.013805827125906944,-0.02147573232650757,-0.012271846644580364,0.8375535607337952,-0.2485048919916153,0.3555924028773215,-0.004909559167444552,0.19842641675842937,0.35559240287732163,-0.004909559167444552,0.19842641675842929,0.01939879118182647,-0.02819753158235308,0.01707643545909987,0.022818536394221274,-1.76109345983916e-18,0.0,0.0,0.0,0.0,0.0,0.007606241212258957,0.1804307114081161
8.17048168182373,-0.013805827125906944,-0.02147573232650757,-0.012271846644580364,0.8360195755958557,-0.2485048919916153,0.3555924028773215,-0.004909559167444552,0.19842641675842937,0.35576739849183425,-0.004911975280152648,0.19859536074904763,0.019390167847123628,-0.028553571232874508,0.01799537680726772,0.023614450645309513,2.6316597034350984e-19,0.0,0.0,0.0,0.0,0.0,0.007704764625980408,0.18035156527615967
8.190466403961182,-0.013805827125906944,-0.02147573232650757,-0.012271846644580364,0.8375535607337952,-0.2485048919916153,0.3555924028773215,-0.004909559167444552,0.19842641675842937,0.35559240287732163,-0.004909559167444552,0.19842641675842929,0.01939879118182647,-0.02819753158235308,0.01707643545909987,0.022818536394221274,-1.76109345983916e-18,0.0,0.0,0.0,0.0,0.0,0.007606241212258957,0.1804307114081161
8.210510492324829,-0.013805827125906944,-0.02147573232650757,-0.012271846644580364,0.8375535607337952,-0.2485048919916153,0.3555924028773215,-0.004909559167444552,0.19842641675842937,0.35559240287732163,-0.004909559167444552,0.19842641675842929,0.01939879118182647,-0.02819753158235308,0.01707643545909987,0.022818536394221274,-1.76109345983916e-18,0.0,0.0,0.0,0.0,0.0,0.007606241212258957,0.1804307114081161
8.230474472045898,-0.013805827125906944,-0.02147573232650757,-0.012271846644580364,0.8375535607337952,-0.2485048919916153,0.3555924028773215,-0.004909559167444552,0.19842641675842937,0.35559240287732163,-0.004909559167444552,0.19842641675842929,0.01939879118182647,-0.02819753158235308,0.01707643545909987,0.022818536394221274,-1.76109345983916e-18,0.0,0.0,0.0,0.0,0.0,0.007606241212258957,0.1804307114081161
8.250468015670776,-0.013805827125906944,-0.019941750913858414,-0.012271846644580364,0.8375535607337952,-0.2485048919916153,0.3557355535992554,-0.004911535607136487,0.1978807827213458,0.35573555359925535,-0.004911535607136484,0.19788078272134577,0.0193917365446456,-0.0301360763304749,0.01665210707476083,0.023176809343314914,-1.9482659500174598e-18,0.0,0.0,0.0,0.0,0.0,0.007842884608627587,0.180430711408116
8.27048945426941,-0.013805827125906944,-0.02147573232650757,-0.012271846644580364,0.8375535607337952,-0.2485048919916153,0.3557355535992554,-0.004911535607136487,0.1978807827213458,0.35559240287732163,-0.004909559167444552,0.19842641675842929,0.01939879118182647,-0.02819753158235308,0.01707643545909987,0.022818536394221274,-1.76109345983916e-18,0.0,0.0,0.0,0.0,0.0,0.007606241212258957,0.1804307114081161
8.290470838546753,-0.013805827125906944,-0.02147573232650757,-0.012271846644580364,0.8375535607337952,-0.2485048919916153,0.3555924028773215,-0.004909559167444552,0.19842641675842937,0.35559240287732163,-0.004909559167444552,0.19842641675842929,0.01939879118182647,-0.02819753158235308,0.01707643545909987,0.022818536394221274,-1.76109345983916e-18,0.0,0.0,0.0,0.0,0.0,0.007606241212258957,0.1804307114081161
8.310480833053589,-0.013805827125906944,-0.02147573232650757,-0.012271846644580364,0.8375535607337952,-0.2485048919916153,0.3555924028773215,-0.004909559167444552,0.19842641675842937,0.35559240287732163,-0.004909559167444552,0.19842641675842929,0.01939879118182647,-0.02819753158235308,0.01707643545909987,0.022818536394221274,-1.76109345983916e-18,0.0,0.0,0.0,0.0,0.0,0.007606241212258957,0.1804307114081161
8.330467939376831,-0.013805827125906944,-0.02147573232650757,-0.012271846644580364,0.8360195755958557,-0.2485048919916153,0.35576739849183414,-0.004911975280152645,0.19859536074904766,0.35576739849183425,-0.004911975280152648,0.19859536074904763,0.019390167847123628,-0.028553571232874508,0.01799537680726772,0.023614450645309513,2.6316597034350984e-19,0.0,0.0,0.0,0.0,0.0,0.007704764625980408,0.18035156527615967
8.350464582443237,-0.013805827125906944,-0.02147573232650757,-0.012271846644580364,0.8375535607337952,-0.2485048919916153,0.35576739849183414,-0.004911975280152645,0.19859536074904766,0.35559240287732163,-0.004909559167444552,0.19842641675842929,0.01939879118182647,-0.02819753158235308,0.01707643545909987,0.022818536394221274,-1.76109345983916e-18,0.0,0.0,0.0,0.0,0.0,0.007606241212258957,0.1804307114081161
8.370465278625488,-0.013805827125906944,-0.02147573232650757,-0.012271846644580364,0.8375535607337952,-0.2485048919916153,0.3555924028773215,-0.004909559167444552,0.19842641675842937,0.35559240287732163,-0.004909559167444552,0.19842641675842929,0.01939879118182647,-0.02819753158235308,0.01707643545909987,0.022818536394221274,-1.76109345983916e-18,0.0,0.0,0.0,0.0,0.0,0.007606241212258957,0.1804307114081161
8.390465259552002,-0.013805827125906944,-0.02147573232650757,-0.012271846644580364,0.8375535607337952,-0.2485048919916153,0.3555924028773215,-0.004909559167444552,0.19842641675842937,0.35559240287732163,-0.004909559167444552,0.19842641675842929,0.01939879118182647,-0.02819753158235308,0.01707643545909987,0.022818536394221274,-1.76109345983916e-18,0.0,0.0,0.0,0.0,0.0,0.007606241212258957,0.1804307114081161
8.410475015640259,-0.013805827125906944,-0.02147573232650757,-0.012271846644580364,0.8375535607337952,-0.2485048919916153,0.3555924028773215,-0.004909559167444552,0.19842641675842937,0.35559240287732163,-0.004909559167444552,0.19842641675842929,0.01939879118182647,-0.02819753158235308,0.01707643545909987,0.022818536394221274,-1.76109345983916e-18,0.0,0.0,0.0,0.0,0.0,0.007606241212258957,0.1804307114081161
8.430464267730713,-0.013805827125906944,-0.02147573232650757,-0.012271846644580364,0.8360195755958557,-0.2485048919916153,0.35576739849183414,-0.004911975280152645,0.19859536074904766,0.35576739849183425,-0.004911975280152648,0.19859536074904763,0.019390167847123628,-0.028553571232874508,0.01799537680726772,0.023614450645309513,2.6316597034350984e-19,0.0,0.0,0.0,0.0,0.0,0.007704764625980408,0.18035156527615967
8.45046591758728,-0.013805827125906944,-0.02147573232650757,-0.012271846644580364,0.8375535607337952,-0.2485048919916153,0.35576739849183414,-0.004911975280152645,0.19859536074904766,0.35559240287732163,-0.004909559167444552,0.19842641675842929,0.01939879118182647,-0.02819753158235308,0.01707643545909987,0.022818536394221274,-1.76109345983916e-18,0.0,0.0,0.0,0.0,0.0,0.007606241212258957,0.1804307114081161
8.470487594604492,-0.013805827125906944,-0.02147573232650757,-0.012271846644580364,0.8375535607337952,-0.2485048919916153,0.3555924028773215,-0.004909559167444552,0.19842641675842937,0.35559240287732163,-0.004909559167444552,0.19842641675842929,0.01939879118182647,-0.02819753158235308,0.01707643545909987,0.022818536394221274,-1.76109345983916e-18,0.0,0.0,0.0,0.0,0.0,0.007606241212258957,0.1804307114081161
8.490465641021729,-0.013805827125906944,-0.02147573232650757,-0.012271846644580364,0.8375535607337952,-0.2485048919916153,0.3555924028773215,-0.004909559167444552,0.19842641675842937,0.35559240287732163,-0.004909559167444552,0.19842641675842929,0.01939879118182647,-0.02819753158235308,0.01707643545909987,0.022818536394221274,-1.76109345983916e-18,0.0,0.0,0.0,0.0,0.0,0.007606241212258957,0.1804307114081161
8.510427236557007,-0.013805827125906944,-0.02147573232650757,-0.012271846644580364,0.8375535607337952,-0.2485048919916153,0.3555924028773215,-0.004909559167444552,0.19842641675842937,0.35559240287732163,-0.004909559167444552,0.19842641675842929,0.01939879118182647,-0.02819753158235308,0.01707643545909987,0.022818536394221274,-1.76109345983916e-18,0.0,0.0,0.0,0.0,0.0,0.007606241212258957,0.1804307114081161
8.530466079711914,-0.013805827125906944,-0.02147573232650757,-0.012271846644580364,0.8375535607337952,-0.2485048919916153,0.3555924028773215,-0.004909559167444552,0.19842641675842937,0.35559240287732163,-0.004909559167444552,0.19842641675842929,0.01939879118182647,-0.02819753158235308,0.01707643545909987,0.022818536394221274,-1.76109345983916e-18,0.0,0.0,0.0,0.0,0.0,0.007606241212258957,0.1804307114081161
8.550462245941162,-0.013805827125906944,-0.02147573232650757,-0.012271846644580364,0.8375535607337952,-0.2485048919916153,0.3555924028773215,-0.004909559167444552,0.19842641675842937,0.35559240287732163,-0.004909559167444552,0.19842641675842929,0.01939879118182647,-0.02819753158235308,0.01707643545909987,0.022818536394221274,-1.76109345983916e-18,0.0,0.0,0.0,0.0,0.0,0.007606241212258957,0.1804307114081161
8.570473432540894,-0.013805827125906944,-0.02147573232650757,-0.012271846644580364,0.8375535607337952,-0.2485048919916153,0.3555924028773215,-0.004909559167444552,0.19842641675842937,0.35559240287732163,-0.004909559167444552,0.19842641675842929,0.01939879118182647,-0.02819753158235308,0.01707643545909987,0.022818536394221274,-1.76109345983916e-18,0.0,0.0,0.0,0.0,0.0,0.007606241212258957,0.1804307114081161
8.590468883514404,-0.013805827125906944,-0.02147573232650757,-0.012271846644580364,0.8375535607337952,-0.2485048919916153,0.3555924028773215,-0.004909559167444552,0.19842641675842937,0.35559240287732163,-0.004909559167444552,0.19842641675842929,0.01939879118182647,-0.02819753158235308,0.01707643545909987,0.022818536394221274,-1.76109345983916e-18,0.0,0.0,0.0,0.0,0.0,0.007606241212258957,0.1804307114081161
8.610477209091187,-0.013805827125906944,-0.02147573232650757,-0.012271846644580364,0.8375535607337952,-0.2485048919916153,0.3555924028773215,-0.004909559167444552,0.19842641675842937,0.35559240287732163,-0.004909559167444552,0.19842641675842929,0.01939879118182647,-0.02819753158235308,0.01707643545909987,0.022818536394221274,-1.76109345983916e-18,0.0,0.0,0.0,0.0,0.0,0.007606241212258957,0.1804307114081161
8.630460739135742,-0.013805827125906944,-0.02147573232650757,-0.012271846644580364,0.8375535607337952,-0.2485048919916153,0.3555924028773215,-0.004909559167444552,0.19842641675842937,0.35559240287732163,-0.004909559167444552,0.19842641675842929,0.01939879118182647,-0.02819753158235308,0.01707643545909987,0.022818536394221274,-1.76109345983916e-18,0.0,0.0,0.0,0.0,0.0,0.007606241212258957,0.1804307114081161
8.650466442108154,-0.013805827125906944,-0.02147573232650757,-0.012271846644580364,0.8375535607337952,-0.2485048919916153,0.3555924028773215,-0.004909559167444552,0.19842641675842937,0.35559240287732163,-0.004909559167444552,0.19842641675842929,0.01939879118182647,-0.02819753158235308,0.01707643545909987,0.022818536394221274,-1.76109345983916e-18,0.0,0.0,0.0,0.0,0.0,0.007606241212258957,0.1804307114081161
8.6704261302948,-0.013805827125906944,-0.023009711876511574,-0.012271846644580364,0.8375535607337952,-0.2485048919916153,0.3554484155867787,-0.0049075711774971865,0.198971829880021,0.3554484155867788,-0.0049075711774971865,0.198971829880021,0.019405891920232784,-0.02626198801957456,0.017504038840973585,0.02246379593413727,9.984823041934515e-20,0.0,0.0,0.0,0.0,0.0,0.007404500054971525,0.1804307114081161
8.690427303314209,-0.013805827125906944,-0.02454369328916073,-0.012271846644580364,0.8375535607337952,-0.2485048919916153,0.3553035917167682,-0.004905571637144462,0.19951702212725286,0.3553035917167682,-0.004905571637144463,0.19951702212725275,0.01941303885030538,-0.024329445496171852,0.01793491725262923,0.02211258793631035,3.1016734520178398e-18,0.0,0.0,0.0,0.0,0.0,0.007240579107425863,0.18043071140811606
8.710424900054932,-0.013805827125906944,-0.026077674701809883,-0.012271846644580364,0.8375535607337952,-0.2485048919916153,0.3551579317824043,-0.004903560553498414,0.20006199155482823,0.35515793178240423,-0.004903560553498413,0.2000619915548281,0.01942023203716742,-0.022399910911676334,0.018369069162936125,0.02176491366005848,-1.6720766419382436e-19,0.0,0.0,0.0,0.0,0.0,0.007117092758046057,0.18043071140811603
8.730464220046997,-0.013805827125906944,-0.029145635664463043,-0.012271846644580364,0.8375535607337952,-0.2485048919916153,0.3551579317824043,-0.004903560553498414,0.20006199155482823,0.35486410527299633,-0.004899503777759592,0.20115125616102109,0.019434757469866632,-0.018549886047651065,0.019247188848291977,0.02108016994784462,-1.5906809857022716e-18,0.0,0.0,0.0,0.0,0.0,0.006999289115571698,0.180430711408116
8.75042724609375,-0.013805827125906944,-0.03221359848976135,-0.012271846644580364,0.8375535607337952,-0.2485048919916153,0.35471593921096467,-0.00489745809274983,0.20169554943781504,0.35456693846738385,-0.004895400883538712,0.20223961476866298,0.019449468836180043,-0.014711944990516482,0.020138390698097423,0.02040957041111507,-1.437092091452384e-18,0.0,0.0,0.0,0.0,0.0,0.007059585758912165,0.18043071140811598
8.770470142364502,-0.013805827125906944,-0.03528155758976936,-0.012271846644580364,0.8375535607337952,-0.2485048919916153,0.35441710339286736,-0.004893332154967052,0.20278345087332594,0.354266434706906,-0.004891251916968649,0.20332705515223273,0.01946436671778824,-0.010886130843731112,0.02104266468890281,0.019753122570336082,-1.6653386299774886e-18,0.0,0.0,0.0,0.0,0.0,0.007293566096878812,0.18043071140811606
8.790467023849487,-0.013805827125906944,-0.03834952041506767,-0.012271846644580364,0.8375535607337952,-0.2485048919916153,0.3541149320322348,-0.0048891601643347195,0.20387042896653235,0.3539625960902436,-0.004887056907025277,0.20441356971718036,0.01947945176800413,-0.007072470326308635,0.021960004505368027,0.01911083101005668,1.6622715480930057e-18,0.0,0.0,0.0,0.0,0.0,0.007685381619368618,0.18043071140811598
8.81047010421753,-0.013805827125906944,-0.03988350182771683,-0.012271846644580364,0.8375535607337952,-0.2485048919916153,0.35380942723939396,-0.004884942149989493,0.20495647612611317,0.353809427239394,-0.004884942149989494,0.20495647612611315,0.019487064669787058,-0.005170210645313358,0.022423570996006108,0.018794996031663208,-1.5828512697626445e-18,0.0,0.0,0.0,0.0,0.0,0.007933539644427997,0.18043071140811615
8.830432653427124,-0.013805827125906944,-0.04295146465301514,-0.012271846644580364,0.8375535607337952,-0.2485048919916153,0.35380942723939396,-0.004884942149989493,0.20495647612611317,0.353500592254764,-0.0048806781566708805,0.20604158080933813,0.019502431621774403,-0.0013748548197661569,0.02336049168800672,0.018173951394320303,-1.6505802244528466e-18,0.0,0.0,0.0,0.0,0.0,0.008519146910276911,0.18043071140811603
8.850424766540527,-0.013805827125906944,-0.04448544234037399,-0.012271846644580364,0.8375535607337952,-0.2485048919916153,0.35334492722674754,-0.00487852893565501,0.20658377521383425,0.3533449272267475,-0.004878528935655008,0.2065837752138343,0.019510185812736835,0.000518227800279159,0.023833842531203627,0.017868743933648526,-1.5793434357344935e-18,0.0,0.0,0.0,0.0,0.0,0.008850688040743432,0.180430711408116
8.870424747467041,-0.013805827125906944,-0.04601942375302315,-0.012271846644580364,0.8375535607337952,-0.2485048919916153,0.3531884303662831,-0.004876368229774478,0.2071257314869256,0.35318843036628306,-0.004876368229774477,0.20712573148692556,0.019517987285711757,0.002408248613495803,0.024310454137880983,0.017567079435231343,-1.759721259131739e-20,0.0,0.0,0.0,0.0,0.0,0.009204406799829751,0.18043071140811606
8.890462398529053,-0.013805827125906944,-0.04601942375302315,-0.012271846644580364,0.8375535607337952,-0.2485048919916153,0.3531884303662831,-0.004876368229774478,0.2071257314869256,0.35318843036628306,-0.004876368229774477,0.20712573148692556,0.019517987285711757,0.002408248613495803,0.024310454137880983,0.017567079435231343,-1.759721259131739e-20,0.0,0.0,0.0,0.0,0.0,0.009204406799829751,0.18043071140811606
8.91042447090149,-0.013805827125906944,-0.04601942375302315,-0.012271846644580364,0.8375535607337952,-0.2485048919916153,0.3531884303662831,-0.004876368229774478,0.2071257314869256,0.35318843036628306,-0.004876368229774477,0.20712573148692556,0.019517987285711757,0.002408248613495803,0.024310454137880983,0.017567079435231343,-1.759721259131739e-20,0.0,0.0,0.0,0.0,0.0,0.009204406799829751,0.18043071140811606
8.93046259880066,-0.013805827125906944,-0.04601942375302315,-0.012271846644580364,0.8375535607337952,-0.2485048919916153,0.3531884303662831,-0.004876368229774478,0.2071257314869256,0.35318843036628306,-0.004876368229774477,0.20712573148692556,0.019517987285711757,0.002408248613495803,0.024310454137880983,0.017567079435231343,-1.759721259131739e-20,0.0,0.0,0.0,0.0,0.0,0.009204406799829751,0.18043071140811606
8.950461387634277,-0.013805827125906944,-0.04601942375302315,-0.012271846644580364,0.8375535607337952,-0.2485048919916153,0.3531884303662831,-0.004876368229774478,0.2071257314869256,0.35318843036628306,-0.004876368229774477,0.20712573148692556,0.019517987285711757,0.002408248613495803,0.024310454137880983,0.017567079435231343,-1.759721259131739e-20,0.0,0.0,0.0,0.0,0.0,0.009204406799829751,0.18043071140811606
8.970461368560791,-0.013805827125906944,-0.04601942375302315,-0.012271846644580364,0.8375535607337952,-0.2485048919916153,0.3531884303662831,-0.004876368229774478,0.2071257314869256,0.35318843036628306,-0.004876368229774477,0.20712573148692556,0.019517987285711757,0.002408248613495803,0.024310454137880983,0.017567079435231343,-1.759721259131739e-20,0.0,0.0,0.0,0.0,0.0,0.009204406799829751,0.18043071140811606
8.990465641021729,-0.013805827125906944,-0.04601942375302315,-0.012271846644580364,0.8375535607337952,-0.2485048919916153,0.3531884303662831,-0.004876368229774478,0.2071257314869256,0.35318843036628306,-0.004876368229774477,0.20712573148692556,0.019517987285711757,0.002408248613495803,0.024310454137880983,0.017567079435231343,-1.759721259131739e-20,0.0,0.0,0.0,0.0,0.0,0.009204406799829751,0.18043071140811606
9.010469913482666,-0.013805827125906944,-0.04601942375302315,-0.012271846644580364,0.8375535607337952,-0.2485048919916153,0.3531884303662831,-0.004876368229774478,0.2071257314869256,0.35318843036628306,-0.004876368229774477,0.20712573148692556,0.019517987285711757,0.002408248613495803,0.024310454137880983,0.017567079435231343,-1.759721259131739e-20,0.0,0.0,0.0,0.0,0.0,0.009204406799829751,0.18043071140811606
9.030425786972046,-0.013805827125906944,-0.04601942375302315,-0.012271846644580364,0.8375535607337952,-0.2485048919916153,0.3531884303662831,-0.004876368229774478,0.2071257314869256,0.35318843036628306,-0.004876368229774477,0.20712573148692556,0.019517987285711757,0.002408248613495803,0.024310454137880983,0.017567079435231343,-1.759721259131739e-20,0.0,0.0,0.0,0.0,0.0,0.009204406799829751,0.18043071140811606
9.050466299057007,-0.013805827125906944,-0.04601942375302315,-0.012271846644580364,0.8375535607337952,-0.2485048919916153,0.3531884303662831,-0.004876368229774478,0.2071257314869256,0.35318843036628306,-0.004876368229774477,0.20712573148692556,0.019517987285711757,0.002408248613495803,0.024310454137880983,0.017567079435231343,-1.759721259131739e-20,0.0,0.0,0.0,0.0,0.0,0.009204406799829751,0.18043071140811606
9.070462226867676,-0.013805827125906944,-0.04601942375302315,-0.012271846644580364,0.8360195755958557,-0.2485048919916153,0.3533592275776295,-0.004878726376371408,0.20729891961124775,0.35335922757762955,-0.004878726376371407,0.20729891961124772,0.019509473223054682,0.002030096467836304,0.025230032911446734,0.018387641219590856,-3.4428736496504076e-18,0.0,0.0,0.0,0.0,0.0,0.009400032365117978,0.18035156527615964
9.090461015701294,-0.013805827125906944,-0.04601942375302315,-0.012271846644580364,0.8375535607337952,-0.2485048919916153,0.3533592275776295,-0.004878726376371408,0.20729891961124775,0.35318843036628306,-0.004876368229774477,0.20712573148692556,0.019517987285711757,0.002408248613495803,0.024310454137880983,0.017567079435231343,-1.759721259131739e-20,0.0,0.0,0.0,0.0,0.0,0.009204406799829751,0.18043071140811606
9.110458135604858,-0.013805827125906944,-0.04601942375302315,-0.012271846644580364,0.8375535607337952,-0.2485048919916153,0.3531884303662831,-0.004876368229774478,0.2071257314869256,0.35318843036628306,-0.004876368229774477,0.20712573148692556,0.019517987285711757,0.002408248613495803,0.024310454137880983,0.017567079435231343,-1.759721259131739e-20,0.0,0.0,0.0,0.0,0.0,0.009204406799829751,0.18043071140811606
9.130460500717163,-0.013805827125906944,-0.04601942375302315,-0.012271846644580364,0.8375535607337952,-0.2485048919916153,0.3531884303662831,-0.004876368229774478,0.2071257314869256,0.35318843036628306,-0.004876368229774477,0.20712573148692556,0.019517987285711757,0.002408248613495803,0.024310454137880983,0.017567079435231343,-1.759721259131739e-20,0.0,0.0,0.0,0.0,0.0,0.009204406799829751,0.18043071140811606
9.150461435317993,-0.013805827125906944,-0.04601942375302315,-0.012271846644580364,0.8375535607337952,-0.2485048919916153,0.3531884303662831,-0.004876368229774478,0.2071257314869256,0.35318843036628306,-0.004876368229774477,0.20712573148692556,0.019517987285711757,0.002408248613495803,0.024310454137880983,0.017567079435231343,-1.759721259131739e-20,0.0,0.0,0.0,0.0,0.0,0.009204406799829751,0.18043071140811606
9.170459985733032,-0.013805827125906944,-0.04601942375302315,-0.012271846644580364,0.8360195755958557,-0.2485048919916153,0.3533592275776295,-0.004878726376371408,0.20729891961124775,0.35335922757762955,-0.004878726376371407,0.20729891961124772,0.019509473223054682,0.002030096467836304,0.025230032911446734,0.018387641219590856,-3.4428736496504076e-18,0.0,0.0,0.0,0.0,0.0,0.009400032365117978,0.18035156527615964
9.190464735031128,-0.013805827125906944,-0.04601942375302315,-0.012271846644580364,0.8375535607337952,-0.2485048919916153,0.3531884303662831,-0.004876368229774478,0.2071257314869256,0.35318843036628306,-0.004876368229774477,0.20712573148692556,0.019517987285711757,0.002408248613495803,0.024310454137880983,0.017567079435231343,-1.759721259131739e-20,0.0,0.0,0.0,0.0,0.0,0.009204406799829751,0.18043071140811606
9.210461616516113,-0.013805827125906944,-0.04601942375302315,-0.012271846644580364,0.8375535607337952,-0.2485048919916153,0.3531884303662831,-0.004876368229774478,0.2071257314869256,0.35318843036628306,-0.004876368229774477,0.20712573148692556,0.019517987285711757,0.002408248613495803,0.024310454137880983,0.017567079435231343,-1.759721259131739e-20,0.0,0.0,0.0,0.0,0.0,0.009204406799829751,0.18043071140811606
9.230464458465576,-0.013805827125906944,-0.04601942375302315,-0.012271846644580364,0.8375535607337952,-0.2485048919916153,0.3531884303662831,-0.004876368229774478,0.2071257314869256,0.35318843036628306,-0.004876368229774477,0.20712573148692556,0.019517987285711757,0.002408248613495803,0.024310454137880983,0.017567079435231343,-1.759721259131739e-20,0.0,0.0,0.0,0.0,0.0,0.009204406799829751,0.18043071140811606
9.250459909439087,-0.013805827125906944,-0.0475534051656723,-0.012271846644580364,0.8360195755958557,-0.2485048919916153,0.3532016337871016,-0.004876550525501824,0.207840896981491,0.3532016337871018,-0.0048765505255018255,0.20784089698149097,0.019517328859826644,0.0039156349862996915,0.025709958118402664,0.01809105649159581,-1.2026210294044083e-19,0.0,0.0,0.0,0.0,0.0,0.00977296625435891,0.18035156527615973
9.270461082458496,-0.013805827125906944,-0.04601942375302315,-0.012271846644580364,0.8375535607337952,-0.2485048919916153,0.3532016337871016,-0.004876550525501824,0.207840896981491,0.35318843036628306,-0.004876368229774477,0.20712573148692556,0.019517987285711757,0.002408248613495803,0.024310454137880983,0.017567079435231343,-1.759721259131739e-20,0.0,0.0,0.0,0.0,0.0,0.009204406799829751,0.18043071140811606
9.290461778640747,-0.013805827125906944,-0.04601942375302315,-0.012271846644580364,0.8375535607337952,-0.2485048919916153,0.3531884303662831,-0.004876368229774478,0.2071257314869256,0.35318843036628306,-0.004876368229774477,0.20712573148692556,0.019517987285711757,0.002408248613495803,0.024310454137880983,0.017567079435231343,-1.759721259131739e-20,0.0,0.0,0.0,0.0,0.0,0.009204406799829751,0.18043071140811606
9.310471534729004,-0.013805827125906944,-0.04601942375302315,-0.012271846644580364,0.8375535607337952,-0.2485048919916153,0.3531884303662831,-0.004876368229774478,0.2071257314869256,0.35318843036628306,-0.004876368229774477,0.20712573148692556,0.019517987285711757,0.002408248613495803,0.024310454137880983,0.017567079435231343,-1.759721259131739e-20,0.0,0.0,0.0,0.0,0.0,0.009204406799829751,0.18043071140811606
9.330483675003052,-0.013805827125906944,-0.04601942375302315,-0.012271846644580364,0.8375535607337952,-0.2485048919916153,0.3531884303662831,-0.004876368229774478,0.2071257314869256,0.35318843036628306,-0.004876368229774477,0.20712573148692556,0.019517987285711757,0.002408248613495803,0.024310454137880983,0.017567079435231343,-1.759721259131739e-20,0.0,0.0,0.0,0.0,0.0,0.009204406799829751,0.18043071140811606
9.350465774536133,-0.013805827125906944,-0.0475534051656723,-0.012271846644580364,0.8375535607337952,-0.2485048919916153,0.3530311024186482,-0.004874196049319114,0.2076674470363178,0.35303110241864827,-0.004874196049319114,0.2076674470363178,0.01952583610310564,0.004295198571377535,0.024790324240943067,0.017268959354418204,-3.787315404711942e-20,0.0,0.0,0.0,0.0,0.0,0.009577844906568066,0.18043071140811606
9.370469093322754,-0.013805827125906944,-0.04601942375302315,-0.012271846644580364,0.8375535607337952,-0.2485048919916153,0.3531884303662831,-0.004876368229774478,0.2071257314869256,0.35318843036628306,-0.004876368229774477,0.20712573148692556,0.019517987285711757,0.002408248613495803,0.024310454137880983,0.017567079435231343,-1.759721259131739e-20,0.0,0.0,0.0,0.0,0.0,0.009204406799829751,0.18043071140811606
9.39046049118042,-0.013805827125906944,-0.04601942375302315,-0.012271846644580364,0.8375535607337952,-0.2485048919916153,0.3531884303662831,-0.004876368229774478,0.2071257314869256,0.35318843036628306,-0.004876368229774477,0.20712573148692556,0.019517987285711757,0.002408248613495803,0.024310454137880983,0.017567079435231343,-1.759721259131739e-20,0.0,0.0,0.0,0.0,0.0,0.009204406799829751,0.18043071140811606
9.410463094711304,-0.013805827125906944,-0.04601942375302315,-0.012271846644580364,0.8375535607337952,-0.2485048919916153,0.3531884303662831,-0.004876368229774478,0.2071257314869256,0.35318843036628306,-0.004876368229774477,0.20712573148692556,0.019517987285711757,0.002408248613495803,0.024310454137880983,0.017567079435231343,-1.759721259131739e-20,0.0,0.0,0.0,0.0,0.0,0.009204406799829751,0.18043071140811606
9.430462121963501,-0.013805827125906944,-0.04601942375302315,-0.012271846644580364,0.8375535607337952,-0.2485048919916153,0.3530311024186482,-0.004874196049319114,0.2076674470363178,0.35318843036628306,-0.004876368229774477,0.20712573148692556,0.019517987285711757,0.002408248613495803,0.024310454137880983,0.017567079435231343,-1.759721259131739e-20,0.0,0.0,0.0,0.0,0.0,0.009204406799829751,0.18043071140811606
9.450464248657227,-0.013805827125906944,-0.04601942375302315,-0.012271846644580364,0.8375535607337952,-0.2485048919916153,0.3531884303662831,-0.004876368229774478,0.2071257314869256,0.35318843036628306,-0.004876368229774477,0.20712573148692556,0.019517987285711757,0.002408248613495803,0.024310454137880983,0.017567079435231343,-1.759721259131739e-20,0.0,0.0,0.0,0.0,0.0,0.009204406799829751,0.18043071140811606
9.470426559448242,-0.013805827125906944,-0.04601942375302315,-0.012271846644580364,0.8375535607337952,-0.2485048919916153,0.3531884303662831,-0.004876368229774478,0.2071257314869256,0.35318843036628306,-0.004876368229774477,0.20712573148692556,0.019517987285711757,0.002408248613495803,0.024310454137880983,0.017567079435231343,-1.759721259131739e-20,0.0,0.0,0.0,0.0,0.0,0.009204406799829751,0.18043071140811606
9.490466594696045,-0.013805827125906944,-0.04601942375302315,-0.010737866163253784,0.8375535607337952,-0.2485048919916153,0.3531884303662831,-0.004876368229774478,0.2071257314869256,0.35303500504341023,-0.004874249931705302,0.20664651751067697,0.019525641336179362,0.0020138669979789772,0.022880187399368385,0.016615609339735334,1.6331922372591961e-18,0.0,0.0,0.0,0.0,0.0,0.008783266079881124,0.1804630837878871
9.510465383529663,-0.013805827125906944,-0.0475534051656723,-0.00920388475060463,0.8375535607337952,-0.2485048919916153,0.35272498689547876,-0.004869969602800816,0.2067087839826916,0.3527249868954788,-0.004869969602800817,0.20670878398269166,0.01954112469041379,0.003509878569716019,0.021926684737790823,0.015362827814513142,-1.5410695473622276e-18,0.0,0.0,0.0,0.0,0.0,0.008726393300737444,0.18049514830724325
9.530464887619019,-0.013805827125906944,-0.04601942375302315,-0.006135923322290182,0.8375535607337952,-0.2485048919916153,0.3525703212612864,-0.004867834180119979,0.205210295279682,0.3525703212612865,-0.004867834180119981,0.20521029527968196,0.0195488578475097,0.0008089845317947414,0.01859635420105261,0.013779263867903962,4.037322445932637e-20,0.0,0.0,0.0,0.0,0.0,0.007579547340893252,0.18055835103957044
9.550462245941162,-0.013805827125906944,-0.04601942375302315,-0.004601942375302315,0.8375535607337952,-0.2485048919916153,0.3525703212612864,-0.004867834180119979,0.205210295279682,0.3524139586574796,-0.004865675327881422,0.20473203166918685,0.01955668170118061,0.0004000937142097059,0.017170733336295686,0.01283983595469885,3.0982756383176204e-18,0.0,0.0,0.0,0.0,0.0,0.007203757111019361,0.18058948795133747
9.570462942123413,-0.013805827125906944,-0.04601942375302315,-0.004601942375302315,0.8375535607337952,-0.2485048919916153,0.3522603031607095,-0.004863553851869305,0.20527256189691662,0.3524139586574796,-0.004865675327881422,0.20473203166918685,0.01955668170118061,0.0004000937142097059,0.017170733336295686,0.01283983595469885,3.0982756383176204e-18,0.0,0.0,0.0,0.0,0.0,0.007203757111019361,0.18058948795133747
9.590462923049927,-0.013805827125906944,-0.04601942375302315,-0.003067961661145091,0.8375535607337952,-0.2485048919916153,0.35225686268447814,-0.004863506350231235,0.20425400857395054,0.35225686268447826,-0.004863506350231235,0.2042540085739505,0.019564548179113645,-1.2437532620043996e-05,0.015746274810949153,0.01190341788722558,-1.2676734763805023e-19,0.0,0.0,0.0,0.0,0.0,0.006844246645363859,0.18062031433732978
9.610461950302124,-0.013805827125906944,-0.0475534051656723,-0.003067961661145091,0.8375535607337952,-0.2485048919916153,0.35225686268447814,-0.004863506350231235,0.20425400857395054,0.3521039405809142,-0.0048613949999622656,0.20479429835892235,0.019572211367250937,0.0018957053509888744,0.016213357585832255,0.011586693105988111,-1.2161469652200534e-19,0.0,0.0,0.0,0.0,0.0,0.007144580048403213,0.1806203143373298
9.63046407699585,-0.013805827125906944,-0.0475534051656723,-0.003067961661145091,0.8375535607337952,-0.2485048919916153,0.35225686268447814,-0.004863506350231235,0.20425400857395054,0.3521039405809142,-0.0048613949999622656,0.20479429835892235,0.019572211367250937,0.0018957053509888744,0.016213357585832255,0.011586693105988111,-1.2161469652200534e-19,0.0,0.0,0.0,0.0,0.0,0.007144580048403213,0.1806203143373298
9.650472164154053,-0.013805827125906944,-0.04601942375302315,-0.003067961661145091,0.8375535607337952,-0.2485048919916153,0.35225686268447814,-0.004863506350231235,0.20425400857395054,0.35225686268447826,-0.004863506350231235,0.2042540085739505,0.019564548179113645,-1.2437532620043996e-05,0.015746274810949153,0.01190341788722558,-1.2676734763805023e-19,0.0,0.0,0.0,0.0,0.0,0.006844246645363859,0.18062031433732978
9.673416376113892,-0.013805827125906944,-0.04601942375302315,-0.003067961661145091,0.8375535607337952,-0.2485048919916153,0.35210394058091404,-0.004861394999962266,0.20479429835892232,0.35225686268447826,-0.004863506350231235,0.2042540085739505,0.019564548179113645,-1.2437532620043996e-05,0.015746274810949153,0.01190341788722558,-1.2676734763805023e-19,0.0,0.0,0.0,0.0,0.0,0.006844246645363859,0.18062031433732978
9.690468788146973,-0.013805827125906944,-0.04601942375302315,-0.003067961661145091,0.8360195755958557,-0.2485048919916153,0.35242924649079904,-0.004865886402475865,0.2044256172372954,0.352429246490799,-0.004865886402475865,0.20442561723729533,0.01955591649034547,-0.00037874139573859254,0.016661698248123094,0.012717103959615877,1.6820845806447278e-18,0.0,0.0,0.0,0.0,0.0,0.007011717116791309,0.18054194192606263
9.710424423217773,-0.013805827125906944,-0.04601942375302315,-0.003067961661145091,0.8375535607337952,-0.2485048919916153,0.35242924649079904,-0.004865886402475865,0.2044256172372954,0.35225686268447826,-0.004863506350231235,0.2042540085739505,0.019564548179113645,-1.2437532620043996e-05,0.015746274810949153,0.01190341788722558,-1.2676734763805023e-19,0.0,0.0,0.0,0.0,0.0,0.006844246645363859,0.18062031433732978
9.730463743209839,-0.013805827125906944,-0.04601942375302315,-0.003067961661145091,0.8375535607337952,-0.2485048919916153,0.35210394058091404,-0.004861394999962266,0.20479429835892232,0.35225686268447826,-0.004863506350231235,0.2042540085739505,0.019564548179113645,-1.2437532620043996e-05,0.015746274810949153,0.01190341788722558,-1.2676734763805023e-19,0.0,0.0,0.0,0.0,0.0,0.006844246645363859,0.18062031433732978
9.750464677810669,-0.013805827125906944,-0.0475534051656723,-0.003067961661145091,0.8375535607337952,-0.2485048919916153,0.35225686268447814,-0.004863506350231235,0.20425400857395054,0.3521039405809142,-0.0048613949999622656,0.20479429835892235,0.019572211367250937,0.0018957053509888744,0.016213357585832255,0.011586693105988111,-1.2161469652200534e-19,0.0,0.0,0.0,0.0,0.0,0.007144580048403213,0.1806203143373298
9.770465612411499,-0.013805827125906944,-0.04601942375302315,-0.003067961661145091,0.8375535607337952,-0.2485048919916153,0.35225686268447814,-0.004863506350231235,0.20425400857395054,0.35225686268447826,-0.004863506350231235,0.2042540085739505,0.019564548179113645,-1.2437532620043996e-05,0.015746274810949153,0.01190341788722558,-1.2676734763805023e-19,0.0,0.0,0.0,0.0,0.0,0.006844246645363859,0.18062031433732978
9.79046368598938,-0.013805827125906944,-0.04601942375302315,-0.003067961661145091,0.8375535607337952,-0.2485048919916153,0.35225686268447814,-0.004863506350231235,0.20425400857395054,0.35225686268447826,-0.004863506350231235,0.2042540085739505,0.019564548179113645,-1.2437532620043996e-05,0.015746274810949153,0.01190341788722558,-1.2676734763805023e-19,0.0,0.0,0.0,0.0,0.0,0.006844246645363859,0.18062031433732978
9.810423374176025,-0.013805827125906944,-0.04601942375302315,-0.003067961661145091,0.8375535607337952,-0.2485048919916153,0.35225686268447814,-0.004863506350231235,0.20425400857395054,0.35225686268447826,-0.004863506350231235,0.2042540085739505,0.019564548179113645,-1.2437532620043996e-05,0.015746274810949153,0.01190341788722558,-1.2676734763805023e-19,0.0,0.0,0.0,0.0,0.0,0.006844246645363859,0.18062031433732978
9.830421447753906,-0.013805827125906944,-0.0475534051656723,-0.003067961661145091,0.8375535607337952,-0.2485048919916153,0.35225686268447814,-0.004863506350231235,0.20425400857395054,0.3521039405809142,-0.0048613949999622656,0.20479429835892235,0.019572211367250937,0.0018957053509888744,0.016213357585832255,0.011586693105988111,-1.2161469652200534e-19,0.0,0.0,0.0,0.0,0.0,0.007144580048403213,0.1806203143373298
9.850420236587524,-0.013805827125906944,-0.04601942375302315,-0.003067961661145091,0.8375535607337952,-0.2485048919916153,0.35225686268447814,-0.004863506350231235,0.20425400857395054,0.35225686268447826,-0.004863506350231235,0.2042540085739505,0.019564548179113645,-1.2437532620043996e-05,0.015746274810949153,0.01190341788722558,-1.2676734763805023e-19,0.0,0.0,0.0,0.0,0.0,0.006844246645363859,0.18062031433732978
9.870419025421143,-0.012271846644580364,-0.04601942375302315,-0.003067961661145091,0.8375535607337952,-0.2485048919916153,0.35225686268447814,-0.004863506350231235,0.20425400857395054,0.35226390875831787,-0.004323145688229986,0.2042540085739505,0.017390825879908964,1.8021494045954594e-05,0.015722024174018193,0.011874402322752775,-2.8468772811265652e-18,0.0,0.0,0.0,0.0,0.0,0.006473906120333716,0.18062031433732986
9.890422821044922,-0.013805827125906944,-0.04601942375302315,-0.003067961661145091,0.8375535607337952,-0.2485048919916153,0.35225686268447814,-0.004863506350231235,0.20425400857395054,0.35225686268447826,-0.004863506350231235,0.2042540085739505,0.019564548179113645,-1.2437532620043996e-05,0.015746274810949153,0.01190341788722558,-1.2676734763805023e-19,0.0,0.0,0.0,0.0,0.0,0.006844246645363859,0.18062031433732978
9.910421371459961,-0.013805827125906944,-0.04601942375302315,-0.003067961661145091,0.8375535607337952,-0.2485048919916153,0.35225686268447814,-0.004863506350231235,0.20425400857395054,0.35225686268447826,-0.004863506350231235,0.2042540085739505,0.019564548179113645,-1.2437532620043996e-05,0.015746274810949153,0.01190341788722558,-1.2676734763805023e-19,0.0,0.0,0.0,0.0,0.0,0.006844246645363859,0.18062031433732978
9.93042254447937,-0.013805827125906944,-0.04601942375302315,-0.003067961661145091,0.8375535607337952,-0.2485048919916153,0.35225686268447814,-0.004863506350231235,0.20425400857395054,0.35225686268447826,-0.004863506350231235,0.2042540085739505,0.019564548179113645,-1.2437532620043996e-05,0.015746274810949153,0.01190341788722558,-1.2676734763805023e-19,0.0,0.0,0.0,0.0,0.0,0.006844246645363859,0.18062031433732978
9.950422525405884,-0.013805827125906944,-0.04601942375302315,-0.003067961661145091,0.8375535607337952,-0.2485048919916153,0.35225686268447814,-0.004863506350231235,0.20425400857395054,0.35225686268447826,-0.004863506350231235,0.2042540085739505,0.019564548179113645,-1.2437532620043996e-05,0.015746274810949153,0.01190341788722558,-1.2676734763805023e-19,0.0,0.0,0.0,0.0,0.0,0.006844246645363859,0.18062031433732978
9.97042202949524,-0.013805827125906944,-0.0475534051656723,-0.003067961661145091,0.8375535607337952,-0.2485048919916153,0.35225686268447814,-0.004863506350231235,0.20425400857395054,0.3521039405809142,-0.0048613949999622656,0.20479429835892235,0.019572211367250937,0.0018957053509888744,0.016213357585832255,0.011586693105988111,-1.2161469652200534e-19,0.0,0.0,0.0,0.0,0.0,0.007144580048403213,0.1806203143373298
9.990419864654541,-0.013805827125906944,-0.04601942375302315,-0.003067961661145091,0.8375535607337952,-0.2485048919916153,0.35225686268447814,-0.004863506350231235,0.20425400857395054,0.35225686268447826,-0.004863506350231235,0.2042540085739505,0.019564548179113645,-1.2437532620043996e-05,0.015746274810949153,0.01190341788722558,-1.2676734763805023e-19,0.0,0.0,0.0,0.0,0.0,0.006844246645363859,0.18062031433732978
10.010420322418213,-0.013805827125906944,-0.04601942375302315,-0.003067961661145091,0.8375535607337952,-0.2485048919916153,0.35225686268447814,-0.004863506350231235,0.20425400857395054,0.35225686268447826,-0.004863506350231235,0.2042540085739505,0.019564548179113645,-1.2437532620043996e-05,0.015746274810949153,0.01190341788722558,-1.2676734763805023e-19,0.0,0.0,0.0,0.0,0.0,0.006844246645363859,0.18062031433732978
10.03042197227478,-0.013805827125906944,-0.04601942375302315,-0.003067961661145091,0.8375535607337952,-0.2485048919916153,0.35225686268447814,-0.004863506350231235,0.20425400857395054,0.35225686268447826,-0.004863506350231235,0.2042540085739505,0.019564548179113645,-1.2437532620043996e-05,0.015746274810949153,0.01190341788722558,-1.2676734763805023e-19,0.0,0.0,0.0,0.0,0.0,0.006844246645363859,0.18062031433732978
10.050427675247192,-0.013805827125906944,-0.0475534051656723,-0.003067961661145091,0.8375535607337952,-0.25003886222839355,0.35225686268447814,-0.004863506350231235,0.20425400857395054,0.3521039405809142,-0.004861394999962267,0.20479429835892235,0.01957221136725094,0.0018957053509888744,0.016213357585832255,0.011586693105988111,-1.5776108156177364e-18,0.0,0.0,0.0,0.0,0.0,0.007144580048403215,0.18062031433732978
10.070461511611938,-0.013805827125906944,-0.0475534051656723,-0.003067961661145091,0.8375535607337952,-0.2485048919916153,0.35210394058091404,-0.004861394999962266,0.20479429835892232,0.3521039405809142,-0.0048613949999622656,0.20479429835892235,0.019572211367250937,0.0018957053509888744,0.016213357585832255,0.011586693105988111,-1.2161469652200534e-19,0.0,0.0,0.0,0.0,0.0,0.007144580048403213,0.1806203143373298
10.090467691421509,-0.013805827125906944,-0.04601942375302315,-0.003067961661145091,0.8375535607337952,-0.2485048919916153,0.35225686268447814,-0.004863506350231235,0.20425400857395054,0.35225686268447826,-0.004863506350231235,0.2042540085739505,0.019564548179113645,-1.2437532620043996e-05,0.015746274810949153,0.01190341788722558,-1.2676734763805023e-19,0.0,0.0,0.0,0.0,0.0,0.006844246645363859,0.18062031433732978
10.11046838760376,-0.013805827125906944,-0.04601942375302315,-0.003067961661145091,0.8375535607337952,-0.2485048919916153,0.35225686268447814,-0.004863506350231235,0.20425400857395054,0.35225686268447826,-0.004863506350231235,0.2042540085739505,0.019564548179113645,-1.2437532620043996e-05,0.015746274810949153,0.01190341788722558,-1.2676734763805023e-19,0.0,0.0,0.0,0.0,0.0,0.006844246645363859,0.18062031433732978
10.130466938018799,-0.013805827125906944,-0.04601942375302315,-0.003067961661145091,0.8375535607337952,-0.2485048919916153,0.35225686268447814,-0.004863506350231235,0.20425400857395054,0.35225686268447826,-0.004863506350231235,0.2042540085739505,0.019564548179113645,-1.2437532620043996e-05,0.015746274810949153,0.01190341788722558,-1.2676734763805023e-19,0.0,0.0,0.0,0.0,0.0,0.006844246645363859,0.18062031433732978
10.1504225730896,-0.013805827125906944,-0.0475534051656723,-0.003067961661145091,0.8375535607337952,-0.2485048919916153,0.35210394058091404,-0.004861394999962266,0.20479429835892232,0.3521039405809142,-0.0048613949999622656,0.20479429835892235,0.019572211367250937,0.0018957053509888744,0.016213357585832255,0.011586693105988111,-1.2161469652200534e-19,0.0,0.0,0.0,0.0,0.0,0.007144580048403213,0.1806203143373298
10.170422792434692,-0.013805827125906944,-0.04601942375302315,-0.003067961661145091,0.8375535607337952,-0.2485048919916153,0.35225686268447814,-0.004863506350231235,0.20425400857395054,0.35225686268447826,-0.004863506350231235,0.2042540085739505,0.019564548179113645,-1.2437532620043996e-05,0.015746274810949153,0.01190341788722558,-1.2676734763805023e-19,0.0,0.0,0.0,0.0,0.0,0.006844246645363859,0.18062031433732978
10.190420389175415,-0.013805827125906944,-0.04601942375302315,-0.003067961661145091,0.8360195755958557,-0.2485048919916153,0.35225686268447814,-0.004863506350231235,0.20425400857395054,0.352429246490799,-0.004865886402475865,0.20442561723729533,0.01955591649034547,-0.00037874139573859254,0.016661698248123094,0.012717103959615877,1.6820845806447278e-18,0.0,0.0,0.0,0.0,0.0,0.007011717116791309,0.18054194192606263
10.210420608520508,-0.013805827125906944,-0.0475534051656723,-0.003067961661145091,0.8375535607337952,-0.2485048919916153,0.35225686268447814,-0.004863506350231235,0.20425400857395054,0.3521039405809142,-0.0048613949999622656,0.20479429835892235,0.019572211367250937,0.0018957053509888744,0.016213357585832255,0.011586693105988111,-1.2161469652200534e-19,0.0,0.0,0.0,0.0,0.0,0.007144580048403213,0.1806203143373298
10.2304208278656,-0.013805827125906944,-0.04601942375302315,-0.003067961661145091,0.8375535607337952,-0.2485048919916153,0.35225686268447814,-0.004863506350231235,0.20425400857395054,0.35225686268447826,-0.004863506350231235,0.2042540085739505,0.019564548179113645,-1.2437532620043996e-05,0.015746274810949153,0.01190341788722558,-1.2676734763805023e-19,0.0,0.0,0.0,0.0,0.0,0.006844246645363859,0.18062031433732978
10.250419616699219,-0.013805827125906944,-0.0475534051656723,-0.003067961661145091,0.8375535607337952,-0.2485048919916153,0.35210394058091404,-0.004861394999962266,0.20479429835892232,0.3521039405809142,-0.0048613949999622656,0.20479429835892235,0.019572211367250937,0.0018957053509888744,0.016213357585832255,0.011586693105988111,-1.2161469652200534e-19,0.0,0.0,0.0,0.0,0.0,0.007144580048403213,0.1806203143373298
10.270423889160156,-0.013805827125906944,-0.04601942375302315,-0.003067961661145091,0.8375535607337952,-0.2485048919916153,0.35210394058091404,-0.004861394999962266,0.20479429835892232,0.35225686268447826,-0.004863506350231235,0.2042540085739505,0.019564548179113645,-1.2437532620043996e-05,0.015746274810949153,0.01190341788722558,-1.2676734763805023e-19,0.0,0.0,0.0,0.0,0.0,0.006844246645363859,0.18062031433732978
10.290463924407959,-0.013805827125906944,-0.04601942375302315,-0.003067961661145091,0.8375535607337952,-0.2485048919916153,0.35225686268447814,-0.004863506350231235,0.20425400857395054,0.35225686268447826,-0.004863506350231235,0.2042540085739505,0.019564548179113645,-1.2437532620043996e-05,0.015746274810949153,0.01190341788722558,-1.2676734763805023e-19,0.0,0.0,0.0,0.0,0.0,0.006844246645363859,0.18062031433732978
10.310462951660156,-0.013805827125906944,-0.04601942375302315,-0.003067961661145091,0.8375535607337952,-0.2485048919916153,0.35225686268447814,-0.004863506350231235,0.20425400857395054,0.35225686268447826,-0.004863506350231235,0.2042540085739505,0.019564548179113645,-1.2437532620043996e-05,0.015746274810949153,0.01190341788722558,-1.2676734763805023e-19,0.0,0.0,0.0,0.0,0.0,0.006844246645363859,0.18062031433732978
10.33046579360962,-0.013805827125906944,-0.04601942375302315,-0.003067961661145091,0.8375535607337952,-0.2485048919916153,0.35225686268447814,-0.004863506350231235,0.20425400857395054,0.35225686268447826,-0.004863506350231235,0.2042540085739505,0.019564548179113645,-1.2437532620043996e-05,0.015746274810949153,0.01190341788722558,-1.2676734763805023e-19,0.0,0.0,0.0,0.0,0.0,0.006844246645363859,0.18062031433732978
10.350423336029053,-0.013805827125906944,-0.0475534051656723,-0.003067961661145091,0.8375535607337952,-0.2485048919916153,0.35225686268447814,-0.004863506350231235,0.20425400857395054,0.3521039405809142,-0.0048613949999622656,0.20479429835892235,0.019572211367250937,0.0018957053509888744,0.016213357585832255,0.011586693105988111,-1.2161469652200534e-19,0.0,0.0,0.0,0.0,0.0,0.007144580048403213,0.1806203143373298
10.37046504020691,-0.013805827125906944,-0.04601942375302315,-0.003067961661145091,0.8375535607337952,-0.2485048919916153,0.35225686268447814,-0.004863506350231235,0.20425400857395054,0.35225686268447826,-0.004863506350231235,0.2042540085739505,0.019564548179113645,-1.2437532620043996e-05,0.015746274810949153,0.01190341788722558,-1.2676734763805023e-19,0.0,0.0,0.0,0.0,0.0,0.006844246645363859,0.18062031433732978
10.390463590621948,-0.013805827125906944,-0.04601942375302315,-0.003067961661145091,0.8375535607337952,-0.2485048919916153,0.35225686268447814,-0.004863506350231235,0.20425400857395054,0.35225686268447826,-0.004863506350231235,0.2042540085739505,0.019564548179113645,-1.2437532620043996e-05,0.015746274810949153,0.01190341788722558,-1.2676734763805023e-19,0.0,0.0,0.0,0.0,0.0,0.006844246645363859,0.18062031433732978
10.41042423248291,-0.013805827125906944,-0.04601942375302315,-0.003067961661145091,0.8360195755958557,-0.2485048919916153,0.35242924649079904,-0.004865886402475865,0.2044256172372954,0.352429246490799,-0.004865886402475865,0.20442561723729533,0.01955591649034547,-0.00037874139573859254,0.016661698248123094,0.012717103959615877,1.6820845806447278e-18,0.0,0.0,0.0,0.0,0.0,0.007011717116791309,0.18054194192606263
10.430423974990845,-0.013805827125906944,-0.04601942375302315,-0.003067961661145091,0.8375535607337952,-0.2485048919916153,0.35242924649079904,-0.004865886402475865,0.2044256172372954,0.35225686268447826,-0.004863506350231235,0.2042540085739505,0.019564548179113645,-1.2437532620043996e-05,0.015746274810949153,0.01190341788722558,-1.2676734763805023e-19,0.0,0.0,0.0,0.0,0.0,0.006844246645363859,0.18062031433732978
10.450424909591675,-0.013805827125906944,-0.04601942375302315,-0.003067961661145091,0.8375535607337952,-0.2485048919916153,0.35210394058091404,-0.004861394999962266,0.20479429835892232,0.35225686268447826,-0.004863506350231235,0.2042540085739505,0.019564548179113645,-1.2437532620043996e-05,0.015746274810949153,0.01190341788722558,-1.2676734763805023e-19,0.0,0.0,0.0,0.0,0.0,0.006844246645363859,0.18062031433732978
10.470422744750977,-0.013805827125906944,-0.04601942375302315,-0.003067961661145091,0.8375535607337952,-0.2485048919916153,0.35225686268447814,-0.004863506350231235,0.20425400857395054,0.35225686268447826,-0.004863506350231235,0.2042540085739505,0.019564548179113645,-1.2437532620043996e-05,0.015746274810949153,0.01190341788722558,-1.2676734763805023e-19,0.0,0.0,0.0,0.0,0.0,0.006844246645363859,0.18062031433732978
10.490460872650146,-0.013805827125906944,-0.04601942375302315,-0.003067961661145091,0.8375535607337952,-0.2485048919916153,0.35225686268447814,-0.004863506350231235,0.20425400857395054,0.35225686268447826,-0.004863506350231235,0.2042540085739505,0.019564548179113645,-1.2437532620043996e-05,0.015746274810949153,0.01190341788722558,-1.2676734763805023e-19,0.0,0.0,0.0,0.0,0.0,0.006844246645363859,0.18062031433732978
10.510463953018188,-0.013805827125906944,-0.04601942375302315,-0.003067961661145091,0.8375535607337952,-0.2485048919916153,0.35225686268447814,-0.004863506350231235,0.20425400857395054,0.35225686268447826,-0.004863506350231235,0.2042540085739505,0.019564548179113645,-1.2437532620043996e-05,0.015746274810949153,0.01190341788722558,-1.2676734763805023e-19,0.0,0.0,0.0,0.0,0.0,0.006844246645363859,0.18062031433732978
10.530463218688965,-0.013805827125906944,-0.04601942375302315,-0.003067961661145091,0.8360195755958557,-0.2485048919916153,0.35225686268447814,-0.004863506350231235,0.20425400857395054,0.352429246490799,-0.004865886402475865,0.20442561723729533,0.01955591649034547,-0.00037874139573859254,0.016661698248123094,0.012717103959615877,1.6820845806447278e-18,0.0,0.0,0.0,0.0,0.0,0.007011717116791309,0.18054194192606263
10.550478458404541,-0.013805827125906944,-0.04601942375302315,-0.003067961661145091,0.8375535607337952,-0.2485048919916153,0.35225686268447814,-0.004863506350231235,0.20425400857395054,0.35225686268447826,-0.004863506350231235,0.2042540085739505,0.019564548179113645,-1.2437532620043996e-05,0.015746274810949153,0.01190341788722558,-1.2676734763805023e-19,0.0,0.0,0.0,0.0,0.0,0.006844246645363859,0.18062031433732978
10.570460796356201,-0.013805827125906944,-0.04601942375302315,-0.003067961661145091,0.8375535607337952,-0.2485048919916153,0.35225686268447814,-0.004863506350231235,0.20425400857395054,0.35225686268447826,-0.004863506350231235,0.2042540085739505,0.019564548179113645,-1.2437532620043996e-05,0.015746274810949153,0.01190341788722558,-1.2676734763805023e-19,0.0,0.0,0.0,0.0,0.0,0.006844246645363859,0.18062031433732978
10.59047555923462,-0.013805827125906944,-0.04601942375302315,-0.003067961661145091,0.8375535607337952,-0.2485048919916153,0.35225686268447814,-0.004863506350231235,0.20425400857395054,0.35225686268447826,-0.004863506350231235,0.2042540085739505,0.019564548179113645,-1.2437532620043996e-05,0.015746274810949153,0.01190341788722558,-1.2676734763805023e-19,0.0,0.0,0.0,0.0,0.0,0.006844246645363859,0.18062031433732978
10.61046314239502,-0.013805827125906944,-0.04601942375302315,-0.003067961661145091,0.8375535607337952,-0.2485048919916153,0.35225686268447814,-0.004863506350231235,0.20425400857395054,0.35225686268447826,-0.004863506350231235,0.2042540085739505,0.019564548179113645,-1.2437532620043996e-05,0.015746274810949153,0.01190341788722558,-1.2676734763805023e-19,0.0,0.0,0.0,0.0,0.0,0.006844246645363859,0.18062031433732978
10.630464553833008,-0.013805827125906944,-0.04601942375302315,-0.003067961661145091,0.8375535607337952,-0.2485048919916153,0.35225686268447814,-0.004863506350231235,0.20425400857395054,0.35225686268447826,-0.004863506350231235,0.2042540085739505,0.019564548179113645,-1.2437532620043996e-05,0.015746274810949153,0.01190341788722558,-1.2676734763805023e-19,0.0,0.0,0.0,0.0,0.0,0.006844246645363859,0.18062031433732978
10.650426626205444,-0.013805827125906944,-0.04601942375302315,-0.003067961661145091,0.8375535607337952,-0.2485048919916153,0.35225686268447814,-0.004863506350231235,0.20425400857395054,0.35225686268447826,-0.004863506350231235,0.2042540085739505,0.019564548179113645,-1.2437532620043996e-05,0.015746274810949153,0.01190341788722558,-1.2676734763805023e-19,0.0,0.0,0.0,0.0,0.0,0.006844246645363859,0.18062031433732978
10.67046570777893,-0.013805827125906944,-0.04601942375302315,-0.003067961661145091,0.8375535607337952,-0.2485048919916153,0.35225686268447814,-0.004863506350231235,0.20425400857395054,0.35225686268447826,-0.004863506350231235,0.2042540085739505,0.019564548179113645,-1.2437532620043996e-05,0.015746274810949153,0.01190341788722558,-1.2676734763805023e-19,0.0,0.0,0.0,0.0,0.0,0.006844246645363859,0.18062031433732978
10.69046425819397,-0.013805827125906944,-0.04601942375302315,-0.003067961661145091,0.8375535607337952,-0.2485048919916153,0.35225686268447814,-0.004863506350231235,0.20425400857395054,0.35225686268447826,-0.004863506350231235,0.2042540085739505,0.019564548179113645,-1.2437532620043996e-05,0.015746274810949153,0.01190341788722558,-1.2676734763805023e-19,0.0,0.0,0.0,0.0,0.0,0.006844246645363859,0.18062031433732978
10.710465908050537,-0.013805827125906944,-0.04601942375302315,-0.003067961661145091,0.8375535607337952,-0.2485048919916153,0.35225686268447814,-0.004863506350231235,0.20425400857395054,0.35225686268447826,-0.004863506350231235,0.2042540085739505,0.019564548179113645,-1.2437532620043996e-05,0.015746274810949153,0.01190341788722558,-1.2676734763805023e-19,0.0,0.0,0.0,0.0,0.0,0.006844246645363859,0.18062031433732978
10.730467319488525,-0.013805827125906944,-0.0475534051656723,-0.003067961661145091,0.8375535607337952,-0.2485048919916153,0.35225686268447814,-0.004863506350231235,0.20425400857395054,0.3521039405809142,-0.0048613949999622656,0.20479429835892235,0.019572211367250937,0.0018957053509888744,0.016213357585832255,0.011586693105988111,-1.2161469652200534e-19,0.0,0.0,0.0,0.0,0.0,0.007144580048403213,0.1806203143373298
10.750540018081665,-0.013805827125906944,-0.04601942375302315,-0.003067961661145091,0.8375535607337952,-0.25003886222839355,0.35225686268447814,-0.004863506350231235,0.20425400857395054,0.3522568626844782,-0.0048635063502312365,0.20425400857395054,0.01956454817911366,-1.2437532619737167e-05,0.015746274810949014,0.011903417887225366,1.6692466863908146e-18,0.0,0.0,0.0,0.0,0.0,0.006844246645363859,0.18062031433732975
10.770466566085815,-0.013805827125906944,-0.04601942375302315,-0.003067961661145091,0.8375535607337952,-0.2485048919916153,0.35225686268447814,-0.004863506350231235,0.20425400857395054,0.35225686268447826,-0.004863506350231235,0.2042540085739505,0.019564548179113645,-1.2437532620043996e-05,0.015746274810949153,0.01190341788722558,-1.2676734763805023e-19,0.0,0.0,0.0,0.0,0.0,0.006844246645363859,0.18062031433732978
10.790512084960938,-0.013805827125906944,-0.04601942375302315,-0.003067961661145091,0.8375535607337952,-0.2485048919916153,0.35225686268447814,-0.004863506350231235,0.20425400857395054,0.35225686268447826,-0.004863506350231235,0.2042540085739505,0.019564548179113645,-1.2437532620043996e-05,0.015746274810949153,0.01190341788722558,-1.2676734763805023e-19,0.0,0.0,0.0,0.0,0.0,0.006844246645363859,0.18062031433732978
10.810481071472168,-0.013805827125906944,-0.04601942375302315,-0.003067961661145091,0.8375535607337952,-0.2485048919916153,0.35225686268447814,-0.004863506350231235,0.20425400857395054,0.35225686268447826,-0.004863506350231235,0.2042540085739505,0.019564548179113645,-1.2437532620043996e-05,0.015746274810949153,0.01190341788722558,-1.2676734763805023e-19,0.0,0.0,0.0,0.0,0.0,0.006844246645363859,0.18062031433732978
10.830470561981201,-0.013805827125906944,-0.04601942375302315,-0.003067961661145091,0.8375535607337952,-0.2485048919916153,0.35225686268447814,-0.004863506350231235,0.20425400857395054,0.35225686268447826,-0.004863506350231235,0.2042540085739505,0.019564548179113645,-1.2437532620043996e-05,0.015746274810949153,0.01190341788722558,-1.2676734763805023e-19,0.0,0.0,0.0,0.0,0.0,0.006844246645363859,0.18062031433732978
10.850464582443237,-0.013805827125906944,-0.04601942375302315,-0.003067961661145091,0.8375535607337952,-0.2485048919916153,0.35225686268447814,-0.004863506350231235,0.20425400857395054,0.35225686268447826,-0.004863506350231235,0.2042540085739505,0.019564548179113645,-1.2437532620043996e-05,0.015746274810949153,0.01190341788722558,-1.2676734763805023e-19,0.0,0.0,0.0,0.0,0.0,0.006844246645363859,0.18062031433732978
10.870463371276855,-0.013805827125906944,-0.04601942375302315,-0.003067961661145091,0.8375535607337952,-0.2485048919916153,0.35225686268447814,-0.004863506350231235,0.20425400857395054,0.35225686268447826,-0.004863506350231235,0.2042540085739505,0.019564548179113645,-1.2437532620043996e-05,0.015746274810949153,0.01190341788722558,-1.2676734763805023e-19,0.0,0.0,0.0,0.0,0.0,0.006844246645363859,0.18062031433732978
10.890462875366211,-0.013805827125906944,-0.04601942375302315,-0.003067961661145091,0.8375535607337952,-0.2485048919916153,0.35225686268447814,-0.004863506350231235,0.20425400857395054,0.35225686268447826,-0.004863506350231235,0.2042540085739505,0.019564548179113645,-1.2437532620043996e-05,0.015746274810949153,0.01190341788722558,-1.2676734763805023e-19,0.0,0.0,0.0,0.0,0.0,0.006844246645363859,0.18062031433732978
10.910482168197632,-0.013805827125906944,-0.04601942375302315,-0.003067961661145091,0.8375535607337952,-0.2485048919916153,0.35225686268447814,-0.004863506350231235,0.20425400857395054,0.35225686268447826,-0.004863506350231235,0.2042540085739505,0.019564548179113645,-1.2437532620043996e-05,0.015746274810949153,0.01190341788722558,-1.2676734763805023e-19,0.0,0.0,0.0,0.0,0.0,0.006844246645363859,0.18062031433732978
10.93046498298645,-0.013805827125906944,-0.04601942375302315,-0.003067961661145091,0.8375535607337952,-0.2485048919916153,0.35225686268447814,-0.004863506350231235,0.20425400857395054,0.35225686268447826,-0.004863506350231235,0.2042540085739505,0.019564548179113645,-1.2437532620043996e-05,0.015746274810949153,0.01190341788722558,-1.2676734763805023e-19,0.0,0.0,0.0,0.0,0.0,0.006844246645363859,0.18062031433732978
10.950459003448486,-0.013805827125906944,-0.04601942375302315,-0.003067961661145091,0.8375535607337952,-0.2485048919916153,0.35225686268447814,-0.004863506350231235,0.20425400857395054,0.35225686268447826,-0.004863506350231235,0.2042540085739505,0.019564548179113645,-1.2437532620043996e-05,0.015746274810949153,0.01190341788722558,-1.2676734763805023e-19,0.0,0.0,0.0,0.0,0.0,0.006844246645363859,0.18062031433732978
10.970462083816528,-0.013805827125906944,-0.04601942375302315,-0.003067961661145091,0.8375535607337952,-0.2485048919916153,0.35242924649079904,-0.004865886402475865,0.2044256172372954,0.35225686268447826,-0.004863506350231235,0.2042540085739505,0.019564548179113645,-1.2437532620043996e-05,0.015746274810949153,0.01190341788722558,-1.2676734763805023e-19,0.0,0.0,0.0,0.0,0.0,0.006844246645363859,0.18062031433732978
10.990463256835938,-0.013805827125906944,-0.04601942375302315,-0.003067961661145091,0.8375535607337952,-0.2485048919916153,0.35227606096510705,-0.004863771415215464,0.20496617127901473,0.35225686268447826,-0.004863506350231235,0.2042540085739505,0.019564548179113645,-1.2437532620043996e-05,0.015746274810949153,0.01190341788722558,-1.2676734763805023e-19,0.0,0.0,0.0,0.0,0.0,0.006844246645363859,0.18062031433732978
11.010465860366821,-0.013805827125906944,-0.04601942375302315,-0.003067961661145091,0.8375535607337952,-0.2485048919916153,0.35225686268447814,-0.004863506350231235,0.20425400857395054,0.35225686268447826,-0.004863506350231235,0.2042540085739505,0.019564548179113645,-1.2437532620043996e-05,0.015746274810949153,0.01190341788722558,-1.2676734763805023e-19,0.0,0.0,0.0,0.0,0.0,0.006844246645363859,0.18062031433732978
11.030508995056152,-0.013805827125906944,-0.04601942375302315,-0.003067961661145091,0.8375535607337952,-0.2485048919916153,0.35225686268447814,-0.004863506350231235,0.20425400857395054,0.35225686268447826,-0.004863506350231235,0.2042540085739505,0.019564548179113645,-1.2437532620043996e-05,0.015746274810949153,0.01190341788722558,-1.2676734763805023e-19,0.0,0.0,0.0,0.0,0.0,0.006844246645363859,0.18062031433732978
11.050422191619873,-0.013805827125906944,-0.04601942375302315,-0.003067961661145091,0.8375535607337952,-0.2485048919916153,0.35225686268447814,-0.004863506350231235,0.20425400857395054,0.35225686268447826,-0.004863506350231235,0.2042540085739505,0.019564548179113645,-1.2437532620043996e-05,0.015746274810949153,0.01190341788722558,-1.2676734763805023e-19,0.0,0.0,0.0,0.0,0.0,0.006844246645363859,0.18062031433732978
11.07042670249939,-0.013805827125906944,-0.04601942375302315,-0.003067961661145091,0.8375535607337952,-0.2485048919916153,0.35225686268447814,-0.004863506350231235,0.20425400857395054,0.35225686268447826,-0.004863506350231235,0.2042540085739505,0.019564548179113645,-1.2437532620043996e-05,0.015746274810949153,0.01190341788722558,-1.2676734763805023e-19,0.0,0.0,0.0,0.0,0.0,0.006844246645363859,0.18062031433732978
11.09044623374939,-0.013805827125906944,-0.04601942375302315,-0.003067961661145091,0.8375535607337952,-0.2485048919916153,0.35225686268447814,-0.004863506350231235,0.20425400857395054,0.35225686268447826,-0.004863506350231235,0.2042540085739505,0.019564548179113645,-1.2437532620043996e-05,0.015746274810949153,0.01190341788722558,-1.2676734763805023e-19,0.0,0.0,0.0,0.0,0.0,0.006844246645363859,0.18062031433732978
11.110416412353516,-0.013805827125906944,-0.0475534051656723,-0.003067961661145091,0.8375535607337952,-0.2485048919916153,0.35225686268447814,-0.004863506350231235,0.20425400857395054,0.3521039405809142,-0.0048613949999622656,0.20479429835892235,0.019572211367250937,0.0018957053509888744,0.016213357585832255,0.011586693105988111,-1.2161469652200534e-19,0.0,0.0,0.0,0.0,0.0,0.007144580048403213,0.1806203143373298
11.130422353744507,-0.013805827125906944,-0.04601942375302315,-0.003067961661145091,0.8375535607337952,-0.2485048919916153,0.35225686268447814,-0.004863506350231235,0.20425400857395054,0.35225686268447826,-0.004863506350231235,0.2042540085739505,0.019564548179113645,-1.2437532620043996e-05,0.015746274810949153,0.01190341788722558,-1.2676734763805023e-19,0.0,0.0,0.0,0.0,0.0,0.006844246645363859,0.18062031433732978
11.15041708946228,-0.013805827125906944,-0.04601942375302315,-0.003067961661145091,0.8375535607337952,-0.2485048919916153,0.35225686268447814,-0.004863506350231235,0.20425400857395054,0.35225686268447826,-0.004863506350231235,0.2042540085739505,0.019564548179113645,-1.2437532620043996e-05,0.015746274810949153,0.01190341788722558,-1.2676734763805023e-19,0.0,0.0,0.0,0.0,0.0,0.006844246645363859,0.18062031433732978
11.17042851448059,-0.013805827125906944,-0.04601942375302315,-0.003067961661145091,0.8375535607337952,-0.2485048919916153,0.35225686268447814,-0.004863506350231235,0.20425400857395054,0.35225686268447826,-0.004863506350231235,0.2042540085739505,0.019564548179113645,-1.2437532620043996e-05,0.015746274810949153,0.01190341788722558,-1.2676734763805023e-19,0.0,0.0,0.0,0.0,0.0,0.006844246645363859,0.18062031433732978
11.190424680709839,-0.012271846644580364,-0.04601942375302315,-0.003067961661145091,0.8375535607337952,-0.2485048919916153,0.35225686268447814,-0.004863506350231235,0.20425400857395054,0.35226390875831787,-0.004323145688229986,0.2042540085739505,0.017390825879908964,1.8021494045954594e-05,0.015722024174018193,0.011874402322752775,-2.8468772811265652e-18,0.0,0.0,0.0,0.0,0.0,0.006473906120333716,0.18062031433732986
11.210424184799194,-0.013805827125906944,-0.04601942375302315,-0.003067961661145091,0.8375535607337952,-0.2485048919916153,0.35225686268447814,-0.004863506350231235,0.20425400857395054,0.35225686268447826,-0.004863506350231235,0.2042540085739505,0.019564548179113645,-1.2437532620043996e-05,0.015746274810949153,0.01190341788722558,-1.2676734763805023e-19,0.0,0.0,0.0,0.0,0.0,0.006844246645363859,0.18062031433732978
11.230420351028442,-0.013805827125906944,-0.04601942375302315,-0.003067961661145091,0.8375535607337952,-0.2485048919916153,0.35225686268447814,-0.004863506350231235,0.20425400857395054,0.35225686268447826,-0.004863506350231235,0.2042540085739505,0.019564548179113645,-1.2437532620043996e-05,0.015746274810949153,0.01190341788722558,-1.2676734763805023e-19,0.0,0.0,0.0,0.0,0.0,0.006844246645363859,0.18062031433732978
11.250423192977905,-0.012271846644580364,-0.04601942375302315,-0.003067961661145091,0.8375535607337952,-0.2485048919916153,0.35210394058091404,-0.004861394999962266,0.20479429835892232,0.35226390875831787,-0.004323145688229986,0.2042540085739505,0.017390825879908964,1.8021494045954594e-05,0.015722024174018193,0.011874402322752775,-2.8468772811265652e-18,0.0,0.0,0.0,0.0,0.0,0.006473906120333716,0.18062031433732986
11.270427227020264,-0.013805827125906944,-0.04601942375302315,-0.003067961661145091,0.8375535607337952,-0.2485048919916153,0.35225686268447814,-0.004863506350231235,0.20425400857395054,0.35225686268447826,-0.004863506350231235,0.2042540085739505,0.019564548179113645,-1.2437532620043996e-05,0.015746274810949153,0.01190341788722558,-1.2676734763805023e-19,0.0,0.0,0.0,0.0,0.0,0.006844246645363859,0.18062031433732978
11.29041838645935,-0.013805827125906944,-0.04601942375302315,-0.003067961661145091,0.8375535607337952,-0.2485048919916153,0.35225686268447814,-0.004863506350231235,0.20425400857395054,0.35225686268447826,-0.004863506350231235,0.2042540085739505,0.019564548179113645,-1.2437532620043996e-05,0.015746274810949153,0.01190341788722558,-1.2676734763805023e-19,0.0,0.0,0.0,0.0,0.0,0.006844246645363859,0.18062031433732978
11.310418605804443,-0.013805827125906944,-0.04601942375302315,-0.003067961661145091,0.8375535607337952,-0.2485048919916153,0.35225686268447814,-0.004863506350231235,0.20425400857395054,0.35225686268447826,-0.004863506350231235,0.2042540085739505,0.019564548179113645,-1.2437532620043996e-05,0.015746274810949153,0.01190341788722558,-1.2676734763805023e-19,0.0,0.0,0.0,0.0,0.0,0.006844246645363859,0.18062031433732978
11.330420732498169,-0.013805827125906944,-0.04601942375302315,-0.003067961661145091,0.8360195755958557,-0.2485048919916153,0.35210394058091404,-0.004861394999962266,0.20479429835892232,0.352429246490799,-0.004865886402475865,0.20442561723729533,0.01955591649034547,-0.00037874139573859254,0.016661698248123094,0.012717103959615877,1.6820845806447278e-18,0.0,0.0,0.0,0.0,0.0,0.007011717116791309,0.18054194192606263
11.350425958633423,-0.012271846644580364,-0.04601942375302315,-0.003067961661145091,0.8375535607337952,-0.2485048919916153,0.3522639087583177,-0.004323145688229985,0.20425400857395054,0.35226390875831787,-0.004323145688229986,0.2042540085739505,0.017390825879908964,1.8021494045954594e-05,0.015722024174018193,0.011874402322752775,-2.8468772811265652e-18,0.0,0.0,0.0,0.0,0.0,0.006473906120333716,0.18062031433732986
11.370419025421143,-0.013805827125906944,-0.04601942375302315,-0.003067961661145091,0.8375535607337952,-0.2485048919916153,0.35225686268447814,-0.004863506350231235,0.20425400857395054,0.35225686268447826,-0.004863506350231235,0.2042540085739505,0.019564548179113645,-1.2437532620043996e-05,0.015746274810949153,0.01190341788722558,-1.2676734763805023e-19,0.0,0.0,0.0,0.0,0.0,0.006844246645363859,0.18062031433732978
11.390426874160767,-0.013805827125906944,-0.0475534051656723,-0.003067961661145091,0.8375535607337952,-0.2485048919916153,0.35210394058091404,-0.004861394999962266,0.20479429835892232,0.3521039405809142,-0.0048613949999622656,0.20479429835892235,0.019572211367250937,0.0018957053509888744,0.016213357585832255,0.011586693105988111,-1.2161469652200534e-19,0.0,0.0,0.0,0.0,0.0,0.007144580048403213,0.1806203143373298
11.410418033599854,-0.013805827125906944,-0.04601942375302315,-0.003067961661145091,0.8375535607337952,-0.2485048919916153,0.35210394058091404,-0.004861394999962266,0.20479429835892232,0.35225686268447826,-0.004863506350231235,0.2042540085739505,0.019564548179113645,-1.2437532620043996e-05,0.015746274810949153,0.01190341788722558,-1.2676734763805023e-19,0.0,0.0,0.0,0.0,0.0,0.006844246645363859,0.18062031433732978
11.430423498153687,-0.013805827125906944,-0.04601942375302315,-0.003067961661145091,0.8375535607337952,-0.2485048919916153,0.35225686268447814,-0.004863506350231235,0.20425400857395054,0.35225686268447826,-0.004863506350231235,0.2042540085739505,0.019564548179113645,-1.2437532620043996e-05,0.015746274810949153,0.01190341788722558,-1.2676734763805023e-19,0.0,0.0,0.0,0.0,0.0,0.006844246645363859,0.18062031433732978
11.450424432754517,-0.013805827125906944,-0.0475534051656723,-0.003067961661145091,0.8375535607337952,-0.2485048919916153,0.35225686268447814,-0.004863506350231235,0.20425400857395054,0.3521039405809142,-0.0048613949999622656,0.20479429835892235,0.019572211367250937,0.0018957053509888744,0.016213357585832255,0.011586693105988111,-1.2161469652200534e-19,0.0,0.0,0.0,0.0,0.0,0.007144580048403213,0.1806203143373298
11.470419883728027,-0.013805827125906944,-0.04601942375302315,-0.003067961661145091,0.8375535607337952,-0.2485048919916153,0.35225686268447814,-0.004863506350231235,0.20425400857395054,0.35225686268447826,-0.004863506350231235,0.2042540085739505,0.019564548179113645,-1.2437532620043996e-05,0.015746274810949153,0.01190341788722558,-1.2676734763805023e-19,0.0,0.0,0.0,0.0,0.0,0.006844246645363859,0.18062031433732978
11.490424871444702,-0.013805827125906944,-0.04601942375302315,-0.003067961661145091,0.8375535607337952,-0.2485048919916153,0.35225686268447814,-0.004863506350231235,0.20425400857395054,0.35225686268447826,-0.004863506350231235,0.2042540085739505,0.019564548179113645,-1.2437532620043996e-05,0.015746274810949153,0.01190341788722558,-1.2676734763805023e-19,0.0,0.0,0.0,0.0,0.0,0.006844246645363859,0.18062031433732978
11.510432243347168,-0.013805827125906944,-0.04601942375302315,-0.003067961661145091,0.8375535607337952,-0.2485048919916153,0.35225686268447814,-0.004863506350231235,0.20425400857395054,0.35225686268447826,-0.004863506350231235,0.2042540085739505,0.019564548179113645,-1.2437532620043996e-05,0.015746274810949153,0.01190341788722558,-1.2676734763805023e-19,0.0,0.0,0.0,0.0,0.0,0.006844246645363859,0.18062031433732978
11.530418395996094,-0.013805827125906944,-0.04601942375302315,-0.003067961661145091,0.8375535607337952,-0.2485048919916153,0.35225686268447814,-0.004863506350231235,0.20425400857395054,0.35225686268447826,-0.004863506350231235,0.2042540085739505,0.019564548179113645,-1.2437532620043996e-05,0.015746274810949153,0.01190341788722558,-1.2676734763805023e-19,0.0,0.0,0.0,0.0,0.0,0.006844246645363859,0.18062031433732978
11.550424575805664,-0.013805827125906944,-0.0475534051656723,-0.003067961661145091,0.8375535607337952,-0.2485048919916153,0.35210394058091404,-0.004861394999962266,0.20479429835892232,0.3521039405809142,-0.0048613949999622656,0.20479429835892235,0.019572211367250937,0.0018957053509888744,0.016213357585832255,0.011586693105988111,-1.2161469652200534e-19,0.0,0.0,0.0,0.0,0.0,0.007144580048403213,0.1806203143373298
11.57042121887207,-0.013805827125906944,-0.0475534051656723,-0.003067961661145091,0.8375535607337952,-0.2485048919916153,0.35210394058091404,-0.004861394999962266,0.20479429835892232,0.3521039405809142,-0.0048613949999622656,0.20479429835892235,0.019572211367250937,0.0018957053509888744,0.016213357585832255,0.011586693105988111,-1.2161469652200534e-19,0.0,0.0,0.0,0.0,0.0,0.007144580048403213,0.1806203143373298
11.590417385101318,-0.013805827125906944,-0.04601942375302315,-0.003067961661145091,0.8375535607337952,-0.2485048919916153,0.35225686268447814,-0.004863506350231235,0.20425400857395054,0.35225686268447826,-0.004863506350231235,0.2042540085739505,0.019564548179113645,-1.2437532620043996e-05,0.015746274810949153,0.01190341788722558,-1.2676734763805023e-19,0.0,0.0,0.0,0.0,0.0,0.006844246645363859,0.18062031433732978
11.61041784286499,-0.013805827125906944,-0.04601942375302315,-0.003067961661145091,0.8375535607337952,-0.2485048919916153,0.35225686268447814,-0.004863506350231235,0.20425400857395054,0.35225686268447826,-0.004863506350231235,0.2042540085739505,0.019564548179113645,-1.2437532620043996e-05,0.015746274810949153,0.01190341788722558,-1.2676734763805023e-19,0.0,0.0,0.0,0.0,0.0,0.006844246645363859,0.18062031433732978
11.630417346954346,-0.013805827125906944,-0.04601942375302315,-0.003067961661145091,0.8375535607337952,-0.2485048919916153,0.35225686268447814,-0.004863506350231235,0.20425400857395054,0.35225686268447826,-0.004863506350231235,0.2042540085739505,0.019564548179113645,-1.2437532620043996e-05,0.015746274810949153,0.01190341788722558,-1.2676734763805023e-19,0.0,0.0,0.0,0.0,0.0,0.006844246645363859,0.18062031433732978
11.650418758392334,-0.013805827125906944,-0.04601942375302315,-0.003067961661145091,0.8375535607337952,-0.2485048919916153,0.35242924649079904,-0.004865886402475865,0.2044256172372954,0.35225686268447826,-0.004863506350231235,0.2042540085739505,0.019564548179113645,-1.2437532620043996e-05,0.015746274810949153,0.01190341788722558,-1.2676734763805023e-19,0.0,0.0,0.0,0.0,0.0,0.006844246645363859,0.18062031433732978
11.67041540145874,-0.013805827125906944,-0.04601942375302315,-0.003067961661145091,0.8375535607337952,-0.2485048919916153,0.35225686268447814,-0.004863506350231235,0.20425400857395054,0.35225686268447826,-0.004863506350231235,0.2042540085739505,0.019564548179113645,-1.2437532620043996e-05,0.015746274810949153,0.01190341788722558,-1.2676734763805023e-19,0.0,0.0,0.0,0.0,0.0,0.006844246645363859,0.18062031433732978
11.690430879592896,-0.013805827125906944,-0.04601942375302315,-0.003067961661145091,0.8375535607337952,-0.2485048919916153,0.35225686268447814,-0.004863506350231235,0.20425400857395054,0.35225686268447826,-0.004863506350231235,0.2042540085739505,0.019564548179113645,-1.2437532620043996e-05,0.015746274810949153,0.01190341788722558,-1.2676734763805023e-19,0.0,0.0,0.0,0.0,0.0,0.006844246645363859,0.18062031433732978
11.710418462753296,-0.013805827125906944,-0.04601942375302315,-0.003067961661145091,0.8375535607337952,-0.2485048919916153,0.35225686268447814,-0.004863506350231235,0.20425400857395054,0.35225686268447826,-0.004863506350231235,0.2042540085739505,0.019564548179113645,-1.2437532620043996e-05,0.015746274810949153,0.01190341788722558,-1.2676734763805023e-19,0.0,0.0,0.0,0.0,0.0,0.006844246645363859,0.18062031433732978
11.730426549911499,-0.013805827125906944,-0.04601942375302315,-0.003067961661145091,0.8375535607337952,-0.2485048919916153,0.35225686268447814,-0.004863506350231235,0.20425400857395054,0.35225686268447826,-0.004863506350231235,0.2042540085739505,0.019564548179113645,-1.2437532620043996e-05,0.015746274810949153,0.01190341788722558,-1.2676734763805023e-19,0.0,0.0,0.0,0.0,0.0,0.006844246645363859,0.18062031433732978
11.750433206558228,-0.013805827125906944,-0.0475534051656723,-0.003067961661145091,0.8375535607337952,-0.2485048919916153,0.3522639087583177,-0.004323145688229985,0.20425400857395054,0.3521039405809142,-0.0048613949999622656,0.20479429835892235,0.019572211367250937,0.0018957053509888744,0.016213357585832255,0.011586693105988111,-1.2161469652200534e-19,0.0,0.0,0.0,0.0,0.0,0.007144580048403213,0.1806203143373298
11.770419359207153,-0.013805827125906944,-0.04601942375302315,-0.003067961661145091,0.8375535607337952,-0.2485048919916153,0.35225686268447814,-0.004863506350231235,0.20425400857395054,0.35225686268447826,-0.004863506350231235,0.2042540085739505,0.019564548179113645,-1.2437532620043996e-05,0.015746274810949153,0.01190341788722558,-1.2676734763805023e-19,0.0,0.0,0.0,0.0,0.0,0.006844246645363859,0.18062031433732978
11.790424346923828,-0.013805827125906944,-0.0475534051656723,-0.003067961661145091,0.8375535607337952,-0.2485048919916153,0.35225686268447814,-0.004863506350231235,0.20425400857395054,0.3521039405809142,-0.0048613949999622656,0.20479429835892235,0.019572211367250937,0.0018957053509888744,0.016213357585832255,0.011586693105988111,-1.2161469652200534e-19,0.0,0.0,0.0,0.0,0.0,0.007144580048403213,0.1806203143373298
11.810424327850342,-0.013805827125906944,-0.04601942375302315,-0.003067961661145091,0.8375535607337952,-0.2485048919916153,0.3522639087583177,-0.004323145688229985,0.20425400857395054,0.35225686268447826,-0.004863506350231235,0.2042540085739505,0.019564548179113645,-1.2437532620043996e-05,0.015746274810949153,0.01190341788722558,-1.2676734763805023e-19,0.0,0.0,0.0,0.0,0.0,0.006844246645363859,0.18062031433732978
11.830419063568115,-0.013805827125906944,-0.04601942375302315,-0.003067961661145091,0.8375535607337952,-0.2485048919916153,0.35225686268447814,-0.004863506350231235,0.20425400857395054,0.35225686268447826,-0.004863506350231235,0.2042540085739505,0.019564548179113645,-1.2437532620043996e-05,0.015746274810949153,0.01190341788722558,-1.2676734763805023e-19,0.0,0.0,0.0,0.0,0.0,0.006844246645363859,0.18062031433732978
11.850427389144897,-0.012271846644580364,-0.04601942375302315,-0.003067961661145091,0.8375535607337952,-0.2485048919916153,0.35225686268447814,-0.004863506350231235,0.20425400857395054,0.35226390875831787,-0.004323145688229986,0.2042540085739505,0.017390825879908964,1.8021494045954594e-05,0.015722024174018193,0.011874402322752775,-2.8468772811265652e-18,0.0,0.0,0.0,0.0,0.0,0.006473906120333716,0.18062031433732986
11.870424032211304,-0.013805827125906944,-0.04601942375302315,-0.0015339808305725455,0.8375535607337952,-0.2485048919916153,0.35225686268447814,-0.004863506350231235,0.20425400857395054,0.3520990336762615,-0.004861327251780567,0.2037762270099471,0.01957245735404177,-0.0004286146231198861,0.01432297849936859,0.010970009145287165,-3.3109409539438666e-20,0.0,0.0,0.0,0.0,0.0,0.006503717049014225,0.18065082954246026
11.890419721603394,-0.013805827125906944,-0.04601942375302315,-0.003067961661145091,0.8375535607337952,-0.2485048919916153,0.35225686268447814,-0.004863506350231235,0.20425400857395054,0.35225686268447826,-0.004863506350231235,0.2042540085739505,0.019564548179113645,-1.2437532620043996e-05,0.015746274810949153,0.01190341788722558,-1.2676734763805023e-19,0.0,0.0,0.0,0.0,0.0,0.006844246645363859,0.18062031433732978
11.910419464111328,-0.013805827125906944,-0.04601942375302315,-0.003067961661145091,0.8375535607337952,-0.2485048919916153,0.35225686268447814,-0.004863506350231235,0.20425400857395054,0.35225686268447826,-0.004863506350231235,0.2042540085739505,0.019564548179113645,-1.2437532620043996e-05,0.015746274810949153,0.01190341788722558,-1.2676734763805023e-19,0.0,0.0,0.0,0.0,0.0,0.006844246645363859,0.18062031433732978
11.930419445037842,-0.013805827125906944,-0.04601942375302315,-0.003067961661145091,0.8375535607337952,-0.2485048919916153,0.35225686268447814,-0.004863506350231235,0.20425400857395054,0.35225686268447826,-0.004863506350231235,0.2042540085739505,0.019564548179113645,-1.2437532620043996e-05,0.015746274810949153,0.01190341788722558,-1.2676734763805023e-19,0.0,0.0,0.0,0.0,0.0,0.006844246645363859,0.18062031433732978
11.950430154800415,-0.013805827125906944,-0.04601942375302315,-0.003067961661145091,0.8375535607337952,-0.2485048919916153,0.35225686268447814,-0.004863506350231235,0.20425400857395054,0.35225686268447826,-0.004863506350231235,0.2042540085739505,0.019564548179113645,-1.2437532620043996e-05,0.015746274810949153,0.01190341788722558,-1.2676734763805023e-19,0.0,0.0,0.0,0.0,0.0,0.006844246645363859,0.18062031433732978
11.970420122146606,-0.013805827125906944,-0.04601942375302315,-0.003067961661145091,0.8375535607337952,-0.2485048919916153,0.35225686268447814,-0.004863506350231235,0.20425400857395054,0.35225686268447826,-0.004863506350231235,0.2042540085739505,0.019564548179113645,-1.2437532620043996e-05,0.015746274810949153,0.01190341788722558,-1.2676734763805023e-19,0.0,0.0,0.0,0.0,0.0,0.006844246645363859,0.18062031433732978
11.990425109863281,-0.013805827125906944,-0.04601942375302315,-0.003067961661145091,0.8375535607337952,-0.2485048919916153,0.35242924649079904,-0.004865886402475865,0.2044256172372954,0.35225686268447826,-0.004863506350231235,0.2042540085739505,0.019564548179113645,-1.2437532620043996e-05,0.015746274810949153,0.01190341788722558,-1.2676734763805023e-19,0.0,0.0,0.0,0.0,0.0,0.006844246645363859,0.18062031433732978
12.01041865348816,-0.013805827125906944,-0.04601942375302315,-0.003067961661145091,0.8375535607337952,-0.2485048919916153,0.35225686268447814,-0.004863506350231235,0.20425400857395054,0.35225686268447826,-0.004863506350231235,0.2042540085739505,0.019564548179113645,-1.2437532620043996e-05,0.015746274810949153,0.01190341788722558,-1.2676734763805023e-19,0.0,0.0,0.0,0.0,0.0,0.006844246645363859,0.18062031433732978
12.030420064926147,-0.013805827125906944,-0.04601942375302315,-0.003067961661145091,0.8375535607337952,-0.2485048919916153,0.35225686268447814,-0.004863506350231235,0.20425400857395054,0.35225686268447826,-0.004863506350231235,0.2042540085739505,0.019564548179113645,-1.2437532620043996e-05,0.015746274810949153,0.01190341788722558,-1.2676734763805023e-19,0.0,0.0,0.0,0.0,0.0,0.006844246645363859,0.18062031433732978
12.05042839050293,-0.013805827125906944,-0.04601942375302315,-0.003067961661145091,0.8375535607337952,-0.2485048919916153,0.35225686268447814,-0.004863506350231235,0.20425400857395054,0.35225686268447826,-0.004863506350231235,0.2042540085739505,0.019564548179113645,-1.2437532620043996e-05,0.015746274810949153,0.01190341788722558,-1.2676734763805023e-19,0.0,0.0,0.0,0.0,0.0,0.006844246645363859,0.18062031433732978
12.070432662963867,-0.013805827125906944,-0.04601942375302315,-0.003067961661145091,0.8375535607337952,-0.2485048919916153,0.35210394058091404,-0.004861394999962266,0.20479429835892232,0.35225686268447826,-0.004863506350231235,0.2042540085739505,0.019564548179113645,-1.2437532620043996e-05,0.015746274810949153,0.01190341788722558,-1.2676734763805023e-19,0.0,0.0,0.0,0.0,0.0,0.006844246645363859,0.18062031433732978
12.09042763710022,-0.013805827125906944,-0.0475534051656723,-0.003067961661145091,0.8375535607337952,-0.2485048919916153,0.35225686268447814,-0.004863506350231235,0.20425400857395054,0.3521039405809142,-0.0048613949999622656,0.20479429835892235,0.019572211367250937,0.0018957053509888744,0.016213357585832255,0.011586693105988111,-1.2161469652200534e-19,0.0,0.0,0.0,0.0,0.0,0.007144580048403213,0.1806203143373298
12.110433101654053,-0.013805827125906944,-0.04601942375302315,-0.003067961661145091,0.8375535607337952,-0.2485048919916153,0.35227606096510705,-0.004863771415215464,0.20496617127901473,0.35225686268447826,-0.004863506350231235,0.2042540085739505,0.019564548179113645,-1.2437532620043996e-05,0.015746274810949153,0.01190341788722558,-1.2676734763805023e-19,0.0,0.0,0.0,0.0,0.0,0.006844246645363859,0.18062031433732978
12.130420207977295,-0.013805827125906944,-0.04601942375302315,-0.003067961661145091,0.8375535607337952,-0.2485048919916153,0.35225686268447814,-0.004863506350231235,0.20425400857395054,0.35225686268447826,-0.004863506350231235,0.2042540085739505,0.019564548179113645,-1.2437532620043996e-05,0.015746274810949153,0.01190341788722558,-1.2676734763805023e-19,0.0,0.0,0.0,0.0,0.0,0.006844246645363859,0.18062031433732978
12.150420188903809,-0.013805827125906944,-0.04601942375302315,-0.003067961661145091,0.8375535607337952,-0.2485048919916153,0.35225686268447814,-0.004863506350231235,0.20425400857395054,0.35225686268447826,-0.004863506350231235,0.2042540085739505,0.019564548179113645,-1.2437532620043996e-05,0.015746274810949153,0.01190341788722558,-1.2676734763805023e-19,0.0,0.0,0.0,0.0,0.0,0.006844246645363859,0.18062031433732978
12.17042064666748,-0.013805827125906944,-0.04601942375302315,-0.003067961661145091,0.8375535607337952,-0.2485048919916153,0.35225686268447814,-0.004863506350231235,0.20425400857395054,0.35225686268447826,-0.004863506350231235,0.2042540085739505,0.019564548179113645,-1.2437532620043996e-05,0.015746274810949153,0.01190341788722558,-1.2676734763805023e-19,0.0,0.0,0.0,0.0,0.0,0.006844246645363859,0.18062031433732978
12.19041895866394,-0.013805827125906944,-0.04601942375302315,-0.003067961661145091,0.8375535607337952,-0.2485048919916153,0.35225686268447814,-0.004863506350231235,0.20425400857395054,0.35225686268447826,-0.004863506350231235,0.2042540085739505,0.019564548179113645,-1.2437532620043996e-05,0.015746274810949153,0.01190341788722558,-1.2676734763805023e-19,0.0,0.0,0.0,0.0,0.0,0.006844246645363859,0.18062031433732978
12.210418939590454,-0.013805827125906944,-0.0475534051656723,-0.003067961661145091,0.8375535607337952,-0.2485048919916153,0.35225686268447814,-0.004863506350231235,0.20425400857395054,0.3521039405809142,-0.0048613949999622656,0.20479429835892235,0.019572211367250937,0.0018957053509888744,0.016213357585832255,0.011586693105988111,-1.2161469652200534e-19,0.0,0.0,0.0,0.0,0.0,0.007144580048403213,0.1806203143373298
12.23041820526123,-0.013805827125906944,-0.04601942375302315,-0.003067961661145091,0.8375535607337952,-0.2485048919916153,0.35225686268447814,-0.004863506350231235,0.20425400857395054,0.35225686268447826,-0.004863506350231235,0.2042540085739505,0.019564548179113645,-1.2437532620043996e-05,0.015746274810949153,0.01190341788722558,-1.2676734763805023e-19,0.0,0.0,0.0,0.0,0.0,0.006844246645363859,0.18062031433732978
12.250420570373535,-0.013805827125906944,-0.04601942375302315,-0.003067961661145091,0.8375535607337952,-0.2485048919916153,0.35225686268447814,-0.004863506350231235,0.20425400857395054,0.35225686268447826,-0.004863506350231235,0.2042540085739505,0.019564548179113645,-1.2437532620043996e-05,0.015746274810949153,0.01190341788722558,-1.2676734763805023e-19,0.0,0.0,0.0,0.0,0.0,0.006844246645363859,0.18062031433732978
12.270426273345947,-0.013805827125906944,-0.04601942375302315,-0.003067961661145091,0.8375535607337952,-0.2485048919916153,0.35225686268447814,-0.004863506350231235,0.20425400857395054,0.35225686268447826,-0.004863506350231235,0.2042540085739505,0.019564548179113645,-1.2437532620043996e-05,0.015746274810949153,0.01190341788722558,-1.2676734763805023e-19,0.0,0.0,0.0,0.0,0.0,0.006844246645363859,0.18062031433732978
12.290427207946777,-0.013805827125906944,-0.04601942375302315,-0.003067961661145091,0.8375535607337952,-0.2485048919916153,0.35225686268447814,-0.004863506350231235,0.20425400857395054,0.35225686268447826,-0.004863506350231235,0.2042540085739505,0.019564548179113645,-1.2437532620043996e-05,0.015746274810949153,0.01190341788722558,-1.2676734763805023e-19,0.0,0.0,0.0,0.0,0.0,0.006844246645363859,0.18062031433732978
12.310424327850342,-0.013805827125906944,-0.04601942375302315,-0.003067961661145091,0.8375535607337952,-0.2485048919916153,0.35225686268447814,-0.004863506350231235,0.20425400857395054,0.35225686268447826,-0.004863506350231235,0.2042540085739505,0.019564548179113645,-1.2437532620043996e-05,0.015746274810949153,0.01190341788722558,-1.2676734763805023e-19,0.0,0.0,0.0,0.0,0.0,0.006844246645363859,0.18062031433732978
12.33042597770691,-0.013805827125906944,-0.04601942375302315,-0.003067961661145091,0.8360195755958557,-0.2485048919916153,0.35242924649079904,-0.004865886402475865,0.2044256172372954,0.352429246490799,-0.004865886402475865,0.20442561723729533,0.01955591649034547,-0.00037874139573859254,0.016661698248123094,0.012717103959615877,1.6820845806447278e-18,0.0,0.0,0.0,0.0,0.0,0.007011717116791309,0.18054194192606263
12.350417375564575,-0.013805827125906944,-0.04601942375302315,-0.003067961661145091,0.8375535607337952,-0.2485048919916153,0.35242924649079904,-0.004865886402475865,0.2044256172372954,0.35225686268447826,-0.004863506350231235,0.2042540085739505,0.019564548179113645,-1.2437532620043996e-05,0.015746274810949153,0.01190341788722558,-1.2676734763805023e-19,0.0,0.0,0.0,0.0,0.0,0.006844246645363859,0.18062031433732978
12.370420217514038,-0.012271846644580364,-0.04601942375302315,-0.003067961661145091,0.8375535607337952,-0.2485048919916153,0.35225686268447814,-0.004863506350231235,0.20425400857395054,0.35226390875831787,-0.004323145688229986,0.2042540085739505,0.017390825879908964,1.8021494045954594e-05,0.015722024174018193,0.011874402322752775,-2.8468772811265652e-18,0.0,0.0,0.0,0.0,0.0,0.006473906120333716,0.18062031433732986
12.390424966812134,-0.013805827125906944,-0.04601942375302315,-0.003067961661145091,0.8375535607337952,-0.2485048919916153,0.35225686268447814,-0.004863506350231235,0.20425400857395054,0.35225686268447826,-0.004863506350231235,0.2042540085739505,0.019564548179113645,-1.2437532620043996e-05,0.015746274810949153,0.01190341788722558,-1.2676734763805023e-19,0.0,0.0,0.0,0.0,0.0,0.006844246645363859,0.18062031433732978
12.410419464111328,-0.013805827125906944,-0.0475534051656723,-0.004601942375302315,0.8375535607337952,-0.2485048919916153,0.3522603031607095,-0.004863553851869305,0.20527256189691662,0.35226030316070966,-0.0048635538518693065,0.20527256189691664,0.019564375835826344,0.0023047035235554234,0.017639944855425662,0.01252621172076466,1.6493842898998023e-18,0.0,0.0,0.0,0.0,0.0,0.007520840073101148,0.18058948795133745
12.430418968200684,-0.013805827125906944,-0.04601942375302315,-0.003067961661145091,0.8360195755958557,-0.2485048919916153,0.3522603031607095,-0.004863553851869305,0.20527256189691662,0.352429246490799,-0.004865886402475865,0.20442561723729533,0.01955591649034547,-0.00037874139573859254,0.016661698248123094,0.012717103959615877,1.6820845806447278e-18,0.0,0.0,0.0,0.0,0.0,0.007011717116791309,0.18054194192606263
12.450422048568726,-0.013805827125906944,-0.04601942375302315,-0.003067961661145091,0.8375535607337952,-0.2485048919916153,0.35225686268447814,-0.004863506350231235,0.20425400857395054,0.35225686268447826,-0.004863506350231235,0.2042540085739505,0.019564548179113645,-1.2437532620043996e-05,0.015746274810949153,0.01190341788722558,-1.2676734763805023e-19,0.0,0.0,0.0,0.0,0.0,0.006844246645363859,0.18062031433732978
12.47042179107666,-0.013805827125906944,-0.04601942375302315,-0.003067961661145091,0.8375535607337952,-0.2485048919916153,0.35225686268447814,-0.004863506350231235,0.20425400857395054,0.35225686268447826,-0.004863506350231235,0.2042540085739505,0.019564548179113645,-1.2437532620043996e-05,0.015746274810949153,0.01190341788722558,-1.2676734763805023e-19,0.0,0.0,0.0,0.0,0.0,0.006844246645363859,0.18062031433732978
12.490419149398804,-0.013805827125906944,-0.04601942375302315,-0.003067961661145091,0.8360195755958557,-0.2485048919916153,0.35242924649079904,-0.004865886402475865,0.2044256172372954,0.352429246490799,-0.004865886402475865,0.20442561723729533,0.01955591649034547,-0.00037874139573859254,0.016661698248123094,0.012717103959615877,1.6820845806447278e-18,0.0,0.0,0.0,0.0,0.0,0.007011717116791309,0.18054194192606263
12.510418891906738,-0.013805827125906944,-0.04601942375302315,-0.003067961661145091,0.8375535607337952,-0.2485048919916153,0.35242924649079904,-0.004865886402475865,0.2044256172372954,0.35225686268447826,-0.004863506350231235,0.2042540085739505,0.019564548179113645,-1.2437532620043996e-05,0.015746274810949153,0.01190341788722558,-1.2676734763805023e-19,0.0,0.0,0.0,0.0,0.0,0.006844246645363859,0.18062031433732978
12.530420064926147,-0.013805827125906944,-0.04601942375302315,-0.003067961661145091,0.8375535607337952,-0.2485048919916153,0.35225686268447814,-0.004863506350231235,0.20425400857395054,0.35225686268447826,-0.004863506350231235,0.2042540085739505,0.019564548179113645,-1.2437532620043996e-05,0.015746274810949153,0.01190341788722558,-1.2676734763805023e-19,0.0,0.0,0.0,0.0,0.0,0.006844246645363859,0.18062031433732978
12.550426244735718,-0.013805827125906944,-0.04601942375302315,-0.003067961661145091,0.8360195755958557,-0.2485048919916153,0.35242924649079904,-0.004865886402475865,0.2044256172372954,0.352429246490799,-0.004865886402475865,0.20442561723729533,0.01955591649034547,-0.00037874139573859254,0.016661698248123094,0.012717103959615877,1.6820845806447278e-18,0.0,0.0,0.0,0.0,0.0,0.007011717116791309,0.18054194192606263
12.57042145729065,-0.013805827125906944,-0.04601942375302315,-0.003067961661145091,0.8360195755958557,-0.2485048919916153,0.35242924649079904,-0.004865886402475865,0.2044256172372954,0.352429246490799,-0.004865886402475865,0.20442561723729533,0.01955591649034547,-0.00037874139573859254,0.016661698248123094,0.012717103959615877,1.6820845806447278e-18,0.0,0.0,0.0,0.0,0.0,0.007011717116791309,0.18054194192606263
12.590426921844482,-0.013805827125906944,-0.04601942375302315,-0.003067961661145091,0.8375535607337952,-0.2485048919916153,0.35225686268447814,-0.004863506350231235,0.20425400857395054,0.35225686268447826,-0.004863506350231235,0.2042540085739505,0.019564548179113645,-1.2437532620043996e-05,0.015746274810949153,0.01190341788722558,-1.2676734763805023e-19,0.0,0.0,0.0,0.0,0.0,0.006844246645363859,0.18062031433732978
12.610427856445312,-0.013805827125906944,-0.04601942375302315,-0.003067961661145091,0.8375535607337952,-0.2485048919916153,0.35225686268447814,-0.004863506350231235,0.20425400857395054,0.35225686268447826,-0.004863506350231235,0.2042540085739505,0.019564548179113645,-1.2437532620043996e-05,0.015746274810949153,0.01190341788722558,-1.2676734763805023e-19,0.0,0.0,0.0,0.0,0.0,0.006844246645363859,0.18062031433732978
12.630425691604614,-0.013805827125906944,-0.04601942375302315,-0.003067961661145091,0.8375535607337952,-0.2485048919916153,0.35225686268447814,-0.004863506350231235,0.20425400857395054,0.35225686268447826,-0.004863506350231235,0.2042540085739505,0.019564548179113645,-1.2437532620043996e-05,0.015746274810949153,0.01190341788722558,-1.2676734763805023e-19,0.0,0.0,0.0,0.0,0.0,0.006844246645363859,0.18062031433732978
12.65042519569397,-0.012271846644580364,-0.04601942375302315,-0.003067961661145091,0.8375535607337952,-0.2485048919916153,0.35225686268447814,-0.004863506350231235,0.20425400857395054,0.35226390875831787,-0.004323145688229986,0.2042540085739505,0.017390825879908964,1.8021494045954594e-05,0.015722024174018193,0.011874402322752775,-2.8468772811265652e-18,0.0,0.0,0.0,0.0,0.0,0.006473906120333716,0.18062031433732986
12.67042326927185,-0.012271846644580364,-0.04601942375302315,-0.003067961661145091,0.8360195755958557,-0.2485048919916153,0.35225686268447814,-0.004863506350231235,0.20425400857395054,0.3524362960127731,-0.004325261304383882,0.20442561723729535,0.017383153216321594,-0.0003482596240380008,0.016637433601074957,0.012688098363680653,-7.659315842115362e-20,0.0,0.0,0.0,0.0,0.0,0.00665052716287216,0.18054194192606265
12.690487146377563,-0.013805827125906944,-0.0475534051656723,-0.003067961661145091,0.8375535607337952,-0.2485048919916153,0.35210394058091404,-0.004861394999962266,0.20479429835892232,0.3521039405809142,-0.0048613949999622656,0.20479429835892235,0.019572211367250937,0.0018957053509888744,0.016213357585832255,0.011586693105988111,-1.2161469652200534e-19,0.0,0.0,0.0,0.0,0.0,0.007144580048403213,0.1806203143373298
12.710479021072388,-0.013805827125906944,-0.04601942375302315,-0.003067961661145091,0.8375535607337952,-0.2485048919916153,0.35225686268447814,-0.004863506350231235,0.20425400857395054,0.35225686268447826,-0.004863506350231235,0.2042540085739505,0.019564548179113645,-1.2437532620043996e-05,0.015746274810949153,0.01190341788722558,-1.2676734763805023e-19,0.0,0.0,0.0,0.0,0.0,0.006844246645363859,0.18062031433732978
12.730418682098389,-0.012271846644580364,-0.04601942375302315,-0.003067961661145091,0.8375535607337952,-0.2485048919916153,0.35225686268447814,-0.004863506350231235,0.20425400857395054,0.35226390875831787,-0.004323145688229986,0.2042540085739505,0.017390825879908964,1.8021494045954594e-05,0.015722024174018193,0.011874402322752775,-2.8468772811265652e-18,0.0,0.0,0.0,0.0,0.0,0.006473906120333716,0.18062031433732986
12.750480651855469,-0.013805827125906944,-0.04601942375302315,-0.003067961661145091,0.8375535607337952,-0.2485048919916153,0.35242924649079904,-0.004865886402475865,0.2044256172372954,0.35225686268447826,-0.004863506350231235,0.2042540085739505,0.019564548179113645,-1.2437532620043996e-05,0.015746274810949153,0.01190341788722558,-1.2676734763805023e-19,0.0,0.0,0.0,0.0,0.0,0.006844246645363859,0.18062031433732978
12.770421981811523,-0.013805827125906944,-0.04601942375302315,-0.003067961661145091,0.8375535607337952,-0.2485048919916153,0.35225686268447814,-0.004863506350231235,0.20425400857395054,0.35225686268447826,-0.004863506350231235,0.2042540085739505,0.019564548179113645,-1.2437532620043996e-05,0.015746274810949153,0.01190341788722558,-1.2676734763805023e-19,0.0,0.0,0.0,0.0,0.0,0.006844246645363859,0.18062031433732978
12.790417194366455,-0.012271846644580364,-0.04601942375302315,-0.003067961661145091,0.8375535607337952,-0.2485048919916153,0.35225686268447814,-0.004863506350231235,0.20425400857395054,0.35226390875831787,-0.004323145688229986,0.2042540085739505,0.017390825879908964,1.8021494045954594e-05,0.015722024174018193,0.011874402322752775,-2.8468772811265652e-18,0.0,0.0,0.0,0.0,0.0,0.006473906120333716,0.18062031433732986
12.810415983200073,-0.013805827125906944,-0.04601942375302315,-0.003067961661145091,0.8375535607337952,-0.2485048919916153,0.35225686268447814,-0.004863506350231235,0.20425400857395054,0.35225686268447826,-0.004863506350231235,0.2042540085739505,0.019564548179113645,-1.2437532620043996e-05,0.015746274810949153,0.01190341788722558,-1.2676734763805023e-19,0.0,0.0,0.0,0.0,0.0,0.006844246645363859,0.18062031433732978
12.83041763305664,-0.013805827125906944,-0.0475534051656723,-0.003067961661145091,0.8375535607337952,-0.2485048919916153,0.35225686268447814,-0.004863506350231235,0.20425400857395054,0.3521039405809142,-0.0048613949999622656,0.20479429835892235,0.019572211367250937,0.0018957053509888744,0.016213357585832255,0.011586693105988111,-1.2161469652200534e-19,0.0,0.0,0.0,0.0,0.0,0.007144580048403213,0.1806203143373298
12.850486755371094,-0.013805827125906944,-0.04601942375302315,-0.003067961661145091,0.8375535607337952,-0.2485048919916153,0.35225686268447814,-0.004863506350231235,0.20425400857395054,0.35225686268447826,-0.004863506350231235,0.2042540085739505,0.019564548179113645,-1.2437532620043996e-05,0.015746274810949153,0.01190341788722558,-1.2676734763805023e-19,0.0,0.0,0.0,0.0,0.0,0.006844246645363859,0.18062031433732978
12.870426654815674,-0.013805827125906944,-0.04601942375302315,-0.003067961661145091,0.8375535607337952,-0.2485048919916153,0.35225686268447814,-0.004863506350231235,0.20425400857395054,0.35225686268447826,-0.004863506350231235,0.2042540085739505,0.019564548179113645,-1.2437532620043996e-05,0.015746274810949153,0.01190341788722558,-1.2676734763805023e-19,0.0,0.0,0.0,0.0,0.0,0.006844246645363859,0.18062031433732978
12.890417337417603,-0.013805827125906944,-0.04601942375302315,-0.003067961661145091,0.8375535607337952,-0.2485048919916153,0.35225686268447814,-0.004863506350231235,0.20425400857395054,0.35225686268447826,-0.004863506350231235,0.2042540085739505,0.019564548179113645,-1.2437532620043996e-05,0.015746274810949153,0.01190341788722558,-1.2676734763805023e-19,0.0,0.0,0.0,0.0,0.0,0.006844246645363859,0.18062031433732978
12.910417079925537,-0.013805827125906944,-0.04601942375302315,-0.003067961661145091,0.8375535607337952,-0.2485048919916153,0.35210394058091404,-0.004861394999962266,0.20479429835892232,0.35225686268447826,-0.004863506350231235,0.2042540085739505,0.019564548179113645,-1.2437532620043996e-05,0.015746274810949153,0.01190341788722558,-1.2676734763805023e-19,0.0,0.0,0.0,0.0,0.0,0.006844246645363859,0.18062031433732978
12.930424690246582,-0.013805827125906944,-0.0475534051656723,-0.003067961661145091,0.8375535607337952,-0.2485048919916153,0.35227606096510705,-0.004863771415215464,0.20496617127901473,0.3521039405809142,-0.0048613949999622656,0.20479429835892235,0.019572211367250937,0.0018957053509888744,0.016213357585832255,0.011586693105988111,-1.2161469652200534e-19,0.0,0.0,0.0,0.0,0.0,0.007144580048403213,0.1806203143373298
12.950418710708618,-0.013805827125906944,-0.04601942375302315,-0.003067961661145091,0.8375535607337952,-0.2485048919916153,0.3520990336762614,-0.0048613272517805655,0.20377622700994713,0.35225686268447826,-0.004863506350231235,0.2042540085739505,0.019564548179113645,-1.2437532620043996e-05,0.015746274810949153,0.01190341788722558,-1.2676734763805023e-19,0.0,0.0,0.0,0.0,0.0,0.006844246645363859,0.18062031433732978
12.970420360565186,-0.012271846644580364,-0.04601942375302315,-0.003067961661145091,0.8360195755958557,-0.2485048919916153,0.352436296012773,-0.004325261304383883,0.2044256172372954,0.3524362960127731,-0.004325261304383882,0.20442561723729535,0.017383153216321594,-0.0003482596240380008,0.016637433601074957,0.012688098363680653,-7.659315842115362e-20,0.0,0.0,0.0,0.0,0.0,0.00665052716287216,0.18054194192606265
12.990475416183472,-0.013805827125906944,-0.04601942375302315,-0.003067961661145091,0.8375535607337952,-0.2485048919916153,0.352436296012773,-0.004325261304383883,0.2044256172372954,0.35225686268447826,-0.004863506350231235,0.2042540085739505,0.019564548179113645,-1.2437532620043996e-05,0.015746274810949153,0.01190341788722558,-1.2676734763805023e-19,0.0,0.0,0.0,0.0,0.0,0.006844246645363859,0.18062031433732978
13.01041865348816,-0.012271846644580364,-0.04601942375302315,-0.003067961661145091,0.8375535607337952,-0.2485048919916153,0.35225686268447814,-0.004863506350231235,0.20425400857395054,0.35226390875831787,-0.004323145688229986,0.2042540085739505,0.017390825879908964,1.8021494045954594e-05,0.015722024174018193,0.011874402322752775,-2.8468772811265652e-18,0.0,0.0,0.0,0.0,0.0,0.006473906120333716,0.18062031433732986
13.030484914779663,-0.013805827125906944,-0.04601942375302315,-0.003067961661145091,0.8375535607337952,-0.2485048919916153,0.35225686268447814,-0.004863506350231235,0.20425400857395054,0.35225686268447826,-0.004863506350231235,0.2042540085739505,0.019564548179113645,-1.2437532620043996e-05,0.015746274810949153,0.01190341788722558,-1.2676734763805023e-19,0.0,0.0,0.0,0.0,0.0,0.006844246645363859,0.18062031433732978
13.050426006317139,-0.012271846644580364,-0.04601942375302315,-0.003067961661145091,0.8375535607337952,-0.2485048919916153,0.35225686268447814,-0.004863506350231235,0.20425400857395054,0.35226390875831787,-0.004323145688229986,0.2042540085739505,0.017390825879908964,1.8021494045954594e-05,0.015722024174018193,0.011874402322752775,-2.8468772811265652e-18,0.0,0.0,0.0,0.0,0.0,0.006473906120333716,0.18062031433732986
13.070439100265503,-0.013805827125906944,-0.04601942375302315,-0.003067961661145091,0.8375535607337952,-0.2485048919916153,0.35225686268447814,-0.004863506350231235,0.20425400857395054,0.35225686268447826,-0.004863506350231235,0.2042540085739505,0.019564548179113645,-1.2437532620043996e-05,0.015746274810949153,0.01190341788722558,-1.2676734763805023e-19,0.0,0.0,0.0,0.0,0.0,0.006844246645363859,0.18062031433732978
13.090421915054321,-0.013805827125906944,-0.0475534051656723,-0.003067961661145091,0.8375535607337952,-0.2485048919916153,0.35225686268447814,-0.004863506350231235,0.20425400857395054,0.3521039405809142,-0.0048613949999622656,0.20479429835892235,0.019572211367250937,0.0018957053509888744,0.016213357585832255,0.011586693105988111,-1.2161469652200534e-19,0.0,0.0,0.0,0.0,0.0,0.007144580048403213,0.1806203143373298
13.110417604446411,-0.012271846644580364,-0.04601942375302315,-0.003067961661145091,0.8375535607337952,-0.2485048919916153,0.35225686268447814,-0.004863506350231235,0.20425400857395054,0.35226390875831787,-0.004323145688229986,0.2042540085739505,0.017390825879908964,1.8021494045954594e-05,0.015722024174018193,0.011874402322752775,-2.8468772811265652e-18,0.0,0.0,0.0,0.0,0.0,0.006473906120333716,0.18062031433732986
13.130424976348877,-0.013805827125906944,-0.04601942375302315,-0.003067961661145091,0.8375535607337952,-0.2485048919916153,0.35225686268447814,-0.004863506350231235,0.20425400857395054,0.35225686268447826,-0.004863506350231235,0.2042540085739505,0.019564548179113645,-1.2437532620043996e-05,0.015746274810949153,0.01190341788722558,-1.2676734763805023e-19,0.0,0.0,0.0,0.0,0.0,0.006844246645363859,0.18062031433732978
13.15042519569397,-0.012271846644580364,-0.04601942375302315,-0.003067961661145091,0.8375535607337952,-0.2485048919916153,0.3522639087583177,-0.004323145688229985,0.20425400857395054,0.35226390875831787,-0.004323145688229986,0.2042540085739505,0.017390825879908964,1.8021494045954594e-05,0.015722024174018193,0.011874402322752775,-2.8468772811265652e-18,0.0,0.0,0.0,0.0,0.0,0.006473906120333716,0.18062031433732986
13.170417785644531,-0.013805827125906944,-0.04601942375302315,-0.003067961661145091,0.8375535607337952,-0.2485048919916153,0.35225686268447814,-0.004863506350231235,0.20425400857395054,0.35225686268447826,-0.004863506350231235,0.2042540085739505,0.019564548179113645,-1.2437532620043996e-05,0.015746274810949153,0.01190341788722558,-1.2676734763805023e-19,0.0,0.0,0.0,0.0,0.0,0.006844246645363859,0.18062031433732978
13.190423250198364,-0.013805827125906944,-0.0475534051656723,-0.003067961661145091,0.8360195755958557,-0.2485048919916153,0.35225686268447814,-0.004863506350231235,0.20425400857395054,0.3522760609651072,-0.004863771415215466,0.20496617127901476,0.01956358651882874,0.0015280008348689683,0.01712882049424243,0.012401923786531533,1.6325254372680776e-18,0.0,0.0,0.0,0.0,0.0,0.007314340918282585,0.18054194192606268
13.21042251586914,-0.013805827125906944,-0.04601942375302315,-0.003067961661145091,0.8375535607337952,-0.2485048919916153,0.35225686268447814,-0.004863506350231235,0.20425400857395054,0.35225686268447826,-0.004863506350231235,0.2042540085739505,0.019564548179113645,-1.2437532620043996e-05,0.015746274810949153,0.01190341788722558,-1.2676734763805023e-19,0.0,0.0,0.0,0.0,0.0,0.006844246645363859,0.18062031433732978
13.23042368888855,-0.013805827125906944,-0.0475534051656723,-0.003067961661145091,0.8375535607337952,-0.2485048919916153,0.35242924649079904,-0.004865886402475865,0.2044256172372954,0.3521039405809142,-0.0048613949999622656,0.20479429835892235,0.019572211367250937,0.0018957053509888744,0.016213357585832255,0.011586693105988111,-1.2161469652200534e-19,0.0,0.0,0.0,0.0,0.0,0.007144580048403213,0.1806203143373298
13.250426292419434,-0.012271846644580364,-0.04601942375302315,-0.003067961661145091,0.8375535607337952,-0.2485048919916153,0.3522639087583177,-0.004323145688229985,0.20425400857395054,0.35226390875831787,-0.004323145688229986,0.2042540085739505,0.017390825879908964,1.8021494045954594e-05,0.015722024174018193,0.011874402322752775,-2.8468772811265652e-18,0.0,0.0,0.0,0.0,0.0,0.006473906120333716,0.18062031433732986
13.270418882369995,-0.013805827125906944,-0.04601942375302315,-0.003067961661145091,0.8375535607337952,-0.2485048919916153,0.3522639087583177,-0.004323145688229985,0.20425400857395054,0.35225686268447826,-0.004863506350231235,0.2042540085739505,0.019564548179113645,-1.2437532620043996e-05,0.015746274810949153,0.01190341788722558,-1.2676734763805023e-19,0.0,0.0,0.0,0.0,0.0,0.006844246645363859,0.18062031433732978
13.290416240692139,-0.012271846644580364,-0.0475534051656723,-0.003067961661145091,0.8375535607337952,-0.2485048919916153,0.35210394058091404,-0.004861394999962266,0.20479429835892232,0.3521109835959051,-0.004321268919875157,0.2047942983589223,0.017397637648285155,0.0019261898335863417,0.016189126404456283,0.011557683309490373,7.121978012880297e-20,0.0,0.0,0.0,0.0,0.0,0.006790796240090288,0.18062031433732983
13.310417413711548,-0.012271846644580364,-0.04601942375302315,-0.003067961661145091,0.8375535607337952,-0.2485048919916153,0.35210394058091404,-0.004861394999962266,0.20479429835892232,0.35226390875831787,-0.004323145688229986,0.2042540085739505,0.017390825879908964,1.8021494045954594e-05,0.015722024174018193,0.011874402322752775,-2.8468772811265652e-18,0.0,0.0,0.0,0.0,0.0,0.006473906120333716,0.18062031433732986
13.33041763305664,-0.013805827125906944,-0.04601942375302315,-0.003067961661145091,0.8375535607337952,-0.2485048919916153,0.35225686268447814,-0.004863506350231235,0.20425400857395054,0.35225686268447826,-0.004863506350231235,0.2042540085739505,0.019564548179113645,-1.2437532620043996e-05,0.015746274810949153,0.01190341788722558,-1.2676734763805023e-19,0.0,0.0,0.0,0.0,0.0,0.006844246645363859,0.18062031433732978
13.350477457046509,-0.013805827125906944,-0.04601942375302315,-0.003067961661145091,0.8360195755958557,-0.2485048919916153,0.35242924649079904,-0.004865886402475865,0.2044256172372954,0.352429246490799,-0.004865886402475865,0.20442561723729533,0.01955591649034547,-0.00037874139573859254,0.016661698248123094,0.012717103959615877,1.6820845806447278e-18,0.0,0.0,0.0,0.0,0.0,0.007011717116791309,0.18054194192606263
13.370422601699829,-0.012271846644580364,-0.0475534051656723,-0.003067961661145091,0.8375535607337952,-0.2485048919916153,0.35242924649079904,-0.004865886402475865,0.2044256172372954,0.3521109835959051,-0.004321268919875157,0.2047942983589223,0.017397637648285155,0.0019261898335863417,0.016189126404456283,0.011557683309490373,7.121978012880297e-20,0.0,0.0,0.0,0.0,0.0,0.006790796240090288,0.18062031433732983
13.39041805267334,-0.013805827125906944,-0.04601942375302315,-0.003067961661145091,0.8375535607337952,-0.2485048919916153,0.35210394058091404,-0.004861394999962266,0.20479429835892232,0.35225686268447826,-0.004863506350231235,0.2042540085739505,0.019564548179113645,-1.2437532620043996e-05,0.015746274810949153,0.01190341788722558,-1.2676734763805023e-19,0.0,0.0,0.0,0.0,0.0,0.006844246645363859,0.18062031433732978
13.410424947738647,-0.013805827125906944,-0.04601942375302315,-0.003067961661145091,0.8375535607337952,-0.2485048919916153,0.35225686268447814,-0.004863506350231235,0.20425400857395054,0.35225686268447826,-0.004863506350231235,0.2042540085739505,0.019564548179113645,-1.2437532620043996e-05,0.015746274810949153,0.01190341788722558,-1.2676734763805023e-19,0.0,0.0,0.0,0.0,0.0,0.006844246645363859,0.18062031433732978
13.430431604385376,-0.012271846644580364,-0.04601942375302315,-0.003067961661145091,0.8375535607337952,-0.2485048919916153,0.3522639087583177,-0.004323145688229985,0.20425400857395054,0.35226390875831787,-0.004323145688229986,0.2042540085739505,0.017390825879908964,1.8021494045954594e-05,0.015722024174018193,0.011874402322752775,-2.8468772811265652e-18,0.0,0.0,0.0,0.0,0.0,0.006473906120333716,0.18062031433732986
13.450440883636475,-0.012271846644580364,-0.04601942375302315,-0.003067961661145091,0.8375535607337952,-0.2485048919916153,0.3522639087583177,-0.004323145688229985,0.20425400857395054,0.35226390875831787,-0.004323145688229986,0.2042540085739505,0.017390825879908964,1.8021494045954594e-05,0.015722024174018193,0.011874402322752775,-2.8468772811265652e-18,0.0,0.0,0.0,0.0,0.0,0.006473906120333716,0.18062031433732986
13.4704270362854,-0.012271846644580364,-0.04601942375302315,-0.003067961661145091,0.8375535607337952,-0.2485048919916153,0.3522639087583177,-0.004323145688229985,0.20425400857395054,0.35226390875831787,-0.004323145688229986,0.2042540085739505,0.017390825879908964,1.8021494045954594e-05,0.015722024174018193,0.011874402322752775,-2.8468772811265652e-18,0.0,0.0,0.0,0.0,0.0,0.006473906120333716,0.18062031433732986
13.490417957305908,-0.012271846644580364,-0.0475534051656723,-0.003067961661145091,0.8375535607337952,-0.2485048919916153,0.3522639087583177,-0.004323145688229985,0.20425400857395054,0.3521109835959051,-0.004321268919875157,0.2047942983589223,0.017397637648285155,0.0019261898335863417,0.016189126404456283,0.011557683309490373,7.121978012880297e-20,0.0,0.0,0.0,0.0,0.0,0.006790796240090288,0.18062031433732983
13.510416746139526,-0.012271846644580364,-0.04601942375302315,-0.003067961661145091,0.8375535607337952,-0.2485048919916153,0.35210394058091404,-0.004861394999962266,0.20479429835892232,0.35226390875831787,-0.004323145688229986,0.2042540085739505,0.017390825879908964,1.8021494045954594e-05,0.015722024174018193,0.011874402322752775,-2.8468772811265652e-18,0.0,0.0,0.0,0.0,0.0,0.006473906120333716,0.18062031433732986
13.530420780181885,-0.013805827125906944,-0.04601942375302315,-0.003067961661145091,0.8375535607337952,-0.2485048919916153,0.35225686268447814,-0.004863506350231235,0.20425400857395054,0.35225686268447826,-0.004863506350231235,0.2042540085739505,0.019564548179113645,-1.2437532620043996e-05,0.015746274810949153,0.01190341788722558,-1.2676734763805023e-19,0.0,0.0,0.0,0.0,0.0,0.006844246645363859,0.18062031433732978
13.550424814224243,-0.013805827125906944,-0.04601942375302315,-0.003067961661145091,0.8375535607337952,-0.2485048919916153,0.35225686268447814,-0.004863506350231235,0.20425400857395054,0.35225686268447826,-0.004863506350231235,0.2042540085739505,0.019564548179113645,-1.2437532620043996e-05,0.015746274810949153,0.01190341788722558,-1.2676734763805023e-19,0.0,0.0,0.0,0.0,0.0,0.006844246645363859,0.18062031433732978
13.570482015609741,-0.012271846644580364,-0.04601942375302315,-0.003067961661145091,0.8375535607337952,-0.2485048919916153,0.35242924649079904,-0.004865886402475865,0.2044256172372954,0.35226390875831787,-0.004323145688229986,0.2042540085739505,0.017390825879908964,1.8021494045954594e-05,0.015722024174018193,0.011874402322752775,-2.8468772811265652e-18,0.0,0.0,0.0,0.0,0.0,0.006473906120333716,0.18062031433732986
13.590473890304565,-0.013805827125906944,-0.04601942375302315,-0.003067961661145091,0.8375535607337952,-0.2485048919916153,0.35225686268447814,-0.004863506350231235,0.20425400857395054,0.35225686268447826,-0.004863506350231235,0.2042540085739505,0.019564548179113645,-1.2437532620043996e-05,0.015746274810949153,0.01190341788722558,-1.2676734763805023e-19,0.0,0.0,0.0,0.0,0.0,0.006844246645363859,0.18062031433732978
13.610419750213623,-0.012271846644580364,-0.04601942375302315,-0.003067961661145091,0.8375535607337952,-0.2485048919916153,0.35225686268447814,-0.004863506350231235,0.20425400857395054,0.35226390875831787,-0.004323145688229986,0.2042540085739505,0.017390825879908964,1.8021494045954594e-05,0.015722024174018193,0.011874402322752775,-2.8468772811265652e-18,0.0,0.0,0.0,0.0,0.0,0.006473906120333716,0.18062031433732986
13.63046932220459,-0.013805827125906944,-0.04601942375302315,-0.003067961661145091,0.8375535607337952,-0.2485048919916153,0.35225686268447814,-0.004863506350231235,0.20425400857395054,0.35225686268447826,-0.004863506350231235,0.2042540085739505,0.019564548179113645,-1.2437532620043996e-05,0.015746274810949153,0.01190341788722558,-1.2676734763805023e-19,0.0,0.0,0.0,0.0,0.0,0.006844246645363859,0.18062031433732978
13.650424480438232,-0.012271846644580364,-0.04601942375302315,-0.003067961661145091,0.8375535607337952,-0.2485048919916153,0.3522639087583177,-0.004323145688229985,0.20425400857395054,0.35226390875831787,-0.004323145688229986,0.2042540085739505,0.017390825879908964,1.8021494045954594e-05,0.015722024174018193,0.011874402322752775,-2.8468772811265652e-18,0.0,0.0,0.0,0.0,0.0,0.006473906120333716,0.18062031433732986
13.670419692993164,-0.013805827125906944,-0.04601942375302315,-0.003067961661145091,0.8375535607337952,-0.2485048919916153,0.3522639087583177,-0.004323145688229985,0.20425400857395054,0.35225686268447826,-0.004863506350231235,0.2042540085739505,0.019564548179113645,-1.2437532620043996e-05,0.015746274810949153,0.01190341788722558,-1.2676734763805023e-19,0.0,0.0,0.0,0.0,0.0,0.006844246645363859,0.18062031433732978
13.690418243408203,-0.013805827125906944,-0.04601942375302315,-0.003067961661145091,0.8375535607337952,-0.2485048919916153,0.35225686268447814,-0.004863506350231235,0.20425400857395054,0.35225686268447826,-0.004863506350231235,0.2042540085739505,0.019564548179113645,-1.2437532620043996e-05,0.015746274810949153,0.01190341788722558,-1.2676734763805023e-19,0.0,0.0,0.0,0.0,0.0,0.006844246645363859,0.18062031433732978
13.710417747497559,-0.013805827125906944,-0.0475534051656723,-0.003067961661145091,0.8375535607337952,-0.2485048919916153,0.35225686268447814,-0.004863506350231235,0.20425400857395054,0.3521039405809142,-0.0048613949999622656,0.20479429835892235,0.019572211367250937,0.0018957053509888744,0.016213357585832255,0.011586693105988111,-1.2161469652200534e-19,0.0,0.0,0.0,0.0,0.0,0.007144580048403213,0.1806203143373298
13.730426549911499,-0.012271846644580364,-0.04601942375302315,-0.003067961661145091,0.8375535607337952,-0.2485048919916153,0.3522639087583177,-0.004323145688229985,0.20425400857395054,0.35226390875831787,-0.004323145688229986,0.2042540085739505,0.017390825879908964,1.8021494045954594e-05,0.015722024174018193,0.011874402322752775,-2.8468772811265652e-18,0.0,0.0,0.0,0.0,0.0,0.006473906120333716,0.18062031433732986
13.750426530838013,-0.013805827125906944,-0.04601942375302315,-0.003067961661145091,0.8375535607337952,-0.2485048919916153,0.35225686268447814,-0.004863506350231235,0.20425400857395054,0.35225686268447826,-0.004863506350231235,0.2042540085739505,0.019564548179113645,-1.2437532620043996e-05,0.015746274810949153,0.01190341788722558,-1.2676734763805023e-19,0.0,0.0,0.0,0.0,0.0,0.006844246645363859,0.18062031433732978
13.770427465438843,-0.013805827125906944,-0.04601942375302315,-0.003067961661145091,0.8375535607337952,-0.2485048919916153,0.35225686268447814,-0.004863506350231235,0.20425400857395054,0.35225686268447826,-0.004863506350231235,0.2042540085739505,0.019564548179113645,-1.2437532620043996e-05,0.015746274810949153,0.01190341788722558,-1.2676734763805023e-19,0.0,0.0,0.0,0.0,0.0,0.006844246645363859,0.18062031433732978
13.790426969528198,-0.012271846644580364,-0.04601942375302315,-0.003067961661145091,0.8375535607337952,-0.2485048919916153,0.35210394058091404,-0.004861394999962266,0.20479429835892232,0.35226390875831787,-0.004323145688229986,0.2042540085739505,0.017390825879908964,1.8021494045954594e-05,0.015722024174018193,0.011874402322752775,-2.8468772811265652e-18,0.0,0.0,0.0,0.0,0.0,0.006473906120333716,0.18062031433732986
13.810419797897339,-0.013805827125906944,-0.04601942375302315,-0.003067961661145091,0.8375535607337952,-0.2485048919916153,0.3522639087583177,-0.004323145688229985,0.20425400857395054,0.35225686268447826,-0.004863506350231235,0.2042540085739505,0.019564548179113645,-1.2437532620043996e-05,0.015746274810949153,0.01190341788722558,-1.2676734763805023e-19,0.0,0.0,0.0,0.0,0.0,0.006844246645363859,0.18062031433732978
13.830422163009644,-0.013805827125906944,-0.04601942375302315,-0.003067961661145091,0.8375535607337952,-0.2485048919916153,0.35225686268447814,-0.004863506350231235,0.20425400857395054,0.35225686268447826,-0.004863506350231235,0.2042540085739505,0.019564548179113645,-1.2437532620043996e-05,0.015746274810949153,0.01190341788722558,-1.2676734763805023e-19,0.0,0.0,0.0,0.0,0.0,0.006844246645363859,0.18062031433732978
13.850422620773315,-0.013805827125906944,-0.04601942375302315,-0.003067961661145091,0.8375535607337952,-0.2485048919916153,0.35225686268447814,-0.004863506350231235,0.20425400857395054,0.35225686268447826,-0.004863506350231235,0.2042540085739505,0.019564548179113645,-1.2437532620043996e-05,0.015746274810949153,0.01190341788722558,-1.2676734763805023e-19,0.0,0.0,0.0,0.0,0.0,0.006844246645363859,0.18062031433732978
13.870419979095459,-0.013805827125906944,-0.04601942375302315,-0.003067961661145091,0.8375535607337952,-0.2485048919916153,0.35225686268447814,-0.004863506350231235,0.20425400857395054,0.35225686268447826,-0.004863506350231235,0.2042540085739505,0.019564548179113645,-1.2437532620043996e-05,0.015746274810949153,0.01190341788722558,-1.2676734763805023e-19,0.0,0.0,0.0,0.0,0.0,0.006844246645363859,0.18062031433732978
13.890417575836182,-0.013805827125906944,-0.04601942375302315,-0.003067961661145091,0.8375535607337952,-0.2485048919916153,0.35225686268447814,-0.004863506350231235,0.20425400857395054,0.35225686268447826,-0.004863506350231235,0.2042540085739505,0.019564548179113645,-1.2437532620043996e-05,0.015746274810949153,0.01190341788722558,-1.2676734763805023e-19,0.0,0.0,0.0,0.0,0.0,0.006844246645363859,0.18062031433732978
13.910421371459961,-0.013805827125906944,-0.04601942375302315,-0.003067961661145091,0.8375535607337952,-0.2485048919916153,0.35225686268447814,-0.004863506350231235,0.20425400857395054,0.35225686268447826,-0.004863506350231235,0.2042540085739505,0.019564548179113645,-1.2437532620043996e-05,0.015746274810949153,0.01190341788722558,-1.2676734763805023e-19,0.0,0.0,0.0,0.0,0.0,0.006844246645363859,0.18062031433732978
13.930429458618164,-0.013805827125906944,-0.04601942375302315,-0.003067961661145091,0.8375535607337952,-0.2485048919916153,0.35225686268447814,-0.004863506350231235,0.20425400857395054,0.35225686268447826,-0.004863506350231235,0.2042540085739505,0.019564548179113645,-1.2437532620043996e-05,0.015746274810949153,0.01190341788722558,-1.2676734763805023e-19,0.0,0.0,0.0,0.0,0.0,0.006844246645363859,0.18062031433732978
13.95041799545288,-0.012271846644580364,-0.0475534051656723,-0.003067961661145091,0.8375535607337952,-0.2485048919916153,0.35225686268447814,-0.004863506350231235,0.20425400857395054,0.3521109835959051,-0.004321268919875157,0.2047942983589223,0.017397637648285155,0.0019261898335863417,0.016189126404456283,0.011557683309490373,7.121978012880297e-20,0.0,0.0,0.0,0.0,0.0,0.006790796240090288,0.18062031433732983
13.970420360565186,-0.012271846644580364,-0.04601942375302315,-0.0015339808305725455,0.8375535607337952,-0.2485048919916153,0.35225686268447814,-0.004863506350231235,0.20425400857395054,0.35210607659310134,-0.004321208698866174,0.20377622700994708,0.017397856304673668,-0.00039816961559799936,0.014298721604832264,0.01094099848508608,-2.8081039966097313e-18,0.0,0.0,0.0,0.0,0.0,0.006112961120915122,0.18065082954246045
13.990421533584595,-0.013805827125906944,-0.04601942375302315,-0.003067961661145091,0.8375535607337952,-0.2485048919916153,0.35225686268447814,-0.004863506350231235,0.20425400857395054,0.35225686268447826,-0.004863506350231235,0.2042540085739505,0.019564548179113645,-1.2437532620043996e-05,0.015746274810949153,0.01190341788722558,-1.2676734763805023e-19,0.0,0.0,0.0,0.0,0.0,0.006844246645363859,0.18062031433732978
14.010428667068481,-0.013805827125906944,-0.04601942375302315,-0.003067961661145091,0.8375535607337952,-0.2485048919916153,0.35225686268447814,-0.004863506350231235,0.20425400857395054,0.35225686268447826,-0.004863506350231235,0.2042540085739505,0.019564548179113645,-1.2437532620043996e-05,0.015746274810949153,0.01190341788722558,-1.2676734763805023e-19,0.0,0.0,0.0,0.0,0.0,0.006844246645363859,0.18062031433732978
14.0304274559021,-0.012271846644580364,-0.04601942375302315,-0.003067961661145091,0.8375535607337952,-0.2485048919916153,0.3522639087583177,-0.004323145688229985,0.20425400857395054,0.35226390875831787,-0.004323145688229986,0.2042540085739505,0.017390825879908964,1.8021494045954594e-05,0.015722024174018193,0.011874402322752775,-2.8468772811265652e-18,0.0,0.0,0.0,0.0,0.0,0.006473906120333716,0.18062031433732986
14.05042839050293,-0.013805827125906944,-0.04601942375302315,-0.003067961661145091,0.8375535607337952,-0.2485048919916153,0.3522639087583177,-0.004323145688229985,0.20425400857395054,0.35225686268447826,-0.004863506350231235,0.2042540085739505,0.019564548179113645,-1.2437532620043996e-05,0.015746274810949153,0.01190341788722558,-1.2676734763805023e-19,0.0,0.0,0.0,0.0,0.0,0.006844246645363859,0.18062031433732978
14.070433616638184,-0.013805827125906944,-0.04601942375302315,-0.003067961661145091,0.8360195755958557,-0.2485048919916153,0.35210394058091404,-0.004861394999962266,0.20479429835892232,0.352429246490799,-0.004865886402475865,0.20442561723729533,0.01955591649034547,-0.00037874139573859254,0.016661698248123094,0.012717103959615877,1.6820845806447278e-18,0.0,0.0,0.0,0.0,0.0,0.007011717116791309,0.18054194192606263
14.090434074401855,-0.013805827125906944,-0.04601942375302315,-0.003067961661145091,0.8375535607337952,-0.2485048919916153,0.35225686268447814,-0.004863506350231235,0.20425400857395054,0.35225686268447826,-0.004863506350231235,0.2042540085739505,0.019564548179113645,-1.2437532620043996e-05,0.015746274810949153,0.01190341788722558,-1.2676734763805023e-19,0.0,0.0,0.0,0.0,0.0,0.006844246645363859,0.18062031433732978
14.110426902770996,-0.012271846644580364,-0.04601942375302315,-0.003067961661145091,0.8375535607337952,-0.2485048919916153,0.35225686268447814,-0.004863506350231235,0.20425400857395054,0.35226390875831787,-0.004323145688229986,0.2042540085739505,0.017390825879908964,1.8021494045954594e-05,0.015722024174018193,0.011874402322752775,-2.8468772811265652e-18,0.0,0.0,0.0,0.0,0.0,0.006473906120333716,0.18062031433732986
14.130493879318237,-0.013805827125906944,-0.04601942375302315,-0.003067961661145091,0.8375535607337952,-0.2485048919916153,0.3522639087583177,-0.004323145688229985,0.20425400857395054,0.35225686268447826,-0.004863506350231235,0.2042540085739505,0.019564548179113645,-1.2437532620043996e-05,0.015746274810949153,0.01190341788722558,-1.2676734763805023e-19,0.0,0.0,0.0,0.0,0.0,0.006844246645363859,0.18062031433732978
14.150421380996704,-0.013805827125906944,-0.04601942375302315,-0.003067961661145091,0.8375535607337952,-0.2485048919916153,0.35225686268447814,-0.004863506350231235,0.20425400857395054,0.35225686268447826,-0.004863506350231235,0.2042540085739505,0.019564548179113645,-1.2437532620043996e-05,0.015746274810949153,0.01190341788722558,-1.2676734763805023e-19,0.0,0.0,0.0,0.0,0.0,0.006844246645363859,0.18062031433732978
14.17042326927185,-0.013805827125906944,-0.04601942375302315,-0.003067961661145091,0.8375535607337952,-0.2485048919916153,0.35225686268447814,-0.004863506350231235,0.20425400857395054,0.35225686268447826,-0.004863506350231235,0.2042540085739505,0.019564548179113645,-1.2437532620043996e-05,0.015746274810949153,0.01190341788722558,-1.2676734763805023e-19,0.0,0.0,0.0,0.0,0.0,0.006844246645363859,0.18062031433732978
14.190492630004883,-0.012271846644580364,-0.04601942375302315,-0.003067961661145091,0.8375535607337952,-0.2485048919916153,0.3522639087583177,-0.004323145688229985,0.20425400857395054,0.35226390875831787,-0.004323145688229986,0.2042540085739505,0.017390825879908964,1.8021494045954594e-05,0.015722024174018193,0.011874402322752775,-2.8468772811265652e-18,0.0,0.0,0.0,0.0,0.0,0.006473906120333716,0.18062031433732986
14.2104172706604,-0.013805827125906944,-0.04601942375302315,-0.003067961661145091,0.8375535607337952,-0.2485048919916153,0.3522639087583177,-0.004323145688229985,0.20425400857395054,0.35225686268447826,-0.004863506350231235,0.2042540085739505,0.019564548179113645,-1.2437532620043996e-05,0.015746274810949153,0.01190341788722558,-1.2676734763805023e-19,0.0,0.0,0.0,0.0,0.0,0.006844246645363859,0.18062031433732978
14.230422019958496,-0.013805827125906944,-0.04601942375302315,-0.003067961661145091,0.8375535607337952,-0.2485048919916153,0.35225686268447814,-0.004863506350231235,0.20425400857395054,0.35225686268447826,-0.004863506350231235,0.2042540085739505,0.019564548179113645,-1.2437532620043996e-05,0.015746274810949153,0.01190341788722558,-1.2676734763805023e-19,0.0,0.0,0.0,0.0,0.0,0.006844246645363859,0.18062031433732978
14.250431299209595,-0.013805827125906944,-0.04601942375302315,-0.003067961661145091,0.8375535607337952,-0.2485048919916153,0.35225686268447814,-0.004863506350231235,0.20425400857395054,0.35225686268447826,-0.004863506350231235,0.2042540085739505,0.019564548179113645,-1.2437532620043996e-05,0.015746274810949153,0.01190341788722558,-1.2676734763805023e-19,0.0,0.0,0.0,0.0,0.0,0.006844246645363859,0.18062031433732978
14.27042293548584,-0.012271846644580364,-0.04601942375302315,-0.003067961661145091,0.8375535607337952,-0.2485048919916153,0.35225686268447814,-0.004863506350231235,0.20425400857395054,0.35226390875831787,-0.004323145688229986,0.2042540085739505,0.017390825879908964,1.8021494045954594e-05,0.015722024174018193,0.011874402322752775,-2.8468772811265652e-18,0.0,0.0,0.0,0.0,0.0,0.006473906120333716,0.18062031433732986
14.290427684783936,-0.013805827125906944,-0.04601942375302315,-0.003067961661145091,0.8375535607337952,-0.2485048919916153,0.35225686268447814,-0.004863506350231235,0.20425400857395054,0.35225686268447826,-0.004863506350231235,0.2042540085739505,0.019564548179113645,-1.2437532620043996e-05,0.015746274810949153,0.01190341788722558,-1.2676734763805023e-19,0.0,0.0,0.0,0.0,0.0,0.006844246645363859,0.18062031433732978
14.310447454452515,-0.013805827125906944,-0.04601942375302315,-0.003067961661145091,0.8375535607337952,-0.2485048919916153,0.35225686268447814,-0.004863506350231235,0.20425400857395054,0.35225686268447826,-0.004863506350231235,0.2042540085739505,0.019564548179113645,-1.2437532620043996e-05,0.015746274810949153,0.01190341788722558,-1.2676734763805023e-19,0.0,0.0,0.0,0.0,0.0,0.006844246645363859,0.18062031433732978
14.33042049407959,-0.012271846644580364,-0.0475534051656723,-0.003067961661145091,0.8375535607337952,-0.2485048919916153,0.3521109835959049,-0.004321268919875155,0.20479429835892227,0.3521109835959051,-0.004321268919875157,0.2047942983589223,0.017397637648285155,0.0019261898335863417,0.016189126404456283,0.011557683309490373,7.121978012880297e-20,0.0,0.0,0.0,0.0,0.0,0.006790796240090288,0.18062031433732983
14.350435733795166,-0.013805827125906944,-0.0475534051656723,-0.003067961661145091,0.8375535607337952,-0.2485048919916153,0.35210394058091404,-0.004861394999962266,0.20479429835892232,0.3521039405809142,-0.0048613949999622656,0.20479429835892235,0.019572211367250937,0.0018957053509888744,0.016213357585832255,0.011586693105988111,-1.2161469652200534e-19,0.0,0.0,0.0,0.0,0.0,0.007144580048403213,0.1806203143373298
14.370419979095459,-0.013805827125906944,-0.0475534051656723,-0.003067961661145091,0.8375535607337952,-0.2485048919916153,0.35210394058091404,-0.004861394999962266,0.20479429835892232,0.3521039405809142,-0.0048613949999622656,0.20479429835892235,0.019572211367250937,0.0018957053509888744,0.016213357585832255,0.011586693105988111,-1.2161469652200534e-19,0.0,0.0,0.0,0.0,0.0,0.007144580048403213,0.1806203143373298
14.39048457145691,-0.012271846644580364,-0.04601942375302315,-0.003067961661145091,0.8375535607337952,-0.2485048919916153,0.35225686268447814,-0.004863506350231235,0.20425400857395054,0.35226390875831787,-0.004323145688229986,0.2042540085739505,0.017390825879908964,1.8021494045954594e-05,0.015722024174018193,0.011874402322752775,-2.8468772811265652e-18,0.0,0.0,0.0,0.0,0.0,0.006473906120333716,0.18062031433732986
14.410435199737549,-0.012271846644580364,-0.04601942375302315,-0.003067961661145091,0.8375535607337952,-0.2485048919916153,0.3522639087583177,-0.004323145688229985,0.20425400857395054,0.35226390875831787,-0.004323145688229986,0.2042540085739505,0.017390825879908964,1.8021494045954594e-05,0.015722024174018193,0.011874402322752775,-2.8468772811265652e-18,0.0,0.0,0.0,0.0,0.0,0.006473906120333716,0.18062031433732986
14.430420875549316,-0.013805827125906944,-0.04601942375302315,-0.003067961661145091,0.8375535607337952,-0.2485048919916153,0.3522639087583177,-0.004323145688229985,0.20425400857395054,0.35225686268447826,-0.004863506350231235,0.2042540085739505,0.019564548179113645,-1.2437532620043996e-05,0.015746274810949153,0.01190341788722558,-1.2676734763805023e-19,0.0,0.0,0.0,0.0,0.0,0.006844246645363859,0.18062031433732978
14.450467348098755,-0.012271846644580364,-0.0475534051656723,-0.003067961661145091,0.8375535607337952,-0.2485048919916153,0.35225686268447814,-0.004863506350231235,0.20425400857395054,0.3521109835959051,-0.004321268919875157,0.2047942983589223,0.017397637648285155,0.0019261898335863417,0.016189126404456283,0.011557683309490373,7.121978012880297e-20,0.0,0.0,0.0,0.0,0.0,0.006790796240090288,0.18062031433732983
14.470422744750977,-0.013805827125906944,-0.0475534051656723,-0.003067961661145091,0.8375535607337952,-0.2485048919916153,0.35210394058091404,-0.004861394999962266,0.20479429835892232,0.3521039405809142,-0.0048613949999622656,0.20479429835892235,0.019572211367250937,0.0018957053509888744,0.016213357585832255,0.011586693105988111,-1.2161469652200534e-19,0.0,0.0,0.0,0.0,0.0,0.007144580048403213,0.1806203143373298
14.490419864654541,-0.013805827125906944,-0.04601942375302315,-0.003067961661145091,0.8375535607337952,-0.2485048919916153,0.35210394058091404,-0.004861394999962266,0.20479429835892232,0.35225686268447826,-0.004863506350231235,0.2042540085739505,0.019564548179113645,-1.2437532620043996e-05,0.015746274810949153,0.01190341788722558,-1.2676734763805023e-19,0.0,0.0,0.0,0.0,0.0,0.006844246645363859,0.18062031433732978
14.510425806045532,-0.013805827125906944,-0.04601942375302315,-0.003067961661145091,0.8375535607337952,-0.2485048919916153,0.35225686268447814,-0.004863506350231235,0.20425400857395054,0.35225686268447826,-0.004863506350231235,0.2042540085739505,0.019564548179113645,-1.2437532620043996e-05,0.015746274810949153,0.01190341788722558,-1.2676734763805023e-19,0.0,0.0,0.0,0.0,0.0,0.006844246645363859,0.18062031433732978
14.5304274559021,-0.013805827125906944,-0.0475534051656723,-0.003067961661145091,0.8375535607337952,-0.2485048919916153,0.35225686268447814,-0.004863506350231235,0.20425400857395054,0.3521039405809142,-0.0048613949999622656,0.20479429835892235,0.019572211367250937,0.0018957053509888744,0.016213357585832255,0.011586693105988111,-1.2161469652200534e-19,0.0,0.0,0.0,0.0,0.0,0.007144580048403213,0.1806203143373298
14.550421714782715,-0.012271846644580364,-0.04601942375302315,-0.003067961661145091,0.8375535607337952,-0.2485048919916153,0.3522639087583177,-0.004323145688229985,0.20425400857395054,0.35226390875831787,-0.004323145688229986,0.2042540085739505,0.017390825879908964,1.8021494045954594e-05,0.015722024174018193,0.011874402322752775,-2.8468772811265652e-18,0.0,0.0,0.0,0.0,0.0,0.006473906120333716,0.18062031433732986
14.570427894592285,-0.013805827125906944,-0.04601942375302315,-0.003067961661145091,0.8375535607337952,-0.2485048919916153,0.35225686268447814,-0.004863506350231235,0.20425400857395054,0.35225686268447826,-0.004863506350231235,0.2042540085739505,0.019564548179113645,-1.2437532620043996e-05,0.015746274810949153,0.01190341788722558,-1.2676734763805023e-19,0.0,0.0,0.0,0.0,0.0,0.006844246645363859,0.18062031433732978
14.59042477607727,-0.013805827125906944,-0.04601942375302315,-0.003067961661145091,0.8375535607337952,-0.2485048919916153,0.35225686268447814,-0.004863506350231235,0.20425400857395054,0.35225686268447826,-0.004863506350231235,0.2042540085739505,0.019564548179113645,-1.2437532620043996e-05,0.015746274810949153,0.01190341788722558,-1.2676734763805023e-19,0.0,0.0,0.0,0.0,0.0,0.006844246645363859,0.18062031433732978
14.61042046546936,-0.013805827125906944,-0.0475534051656723,-0.003067961661145091,0.8375535607337952,-0.2485048919916153,0.35225686268447814,-0.004863506350231235,0.20425400857395054,0.3521039405809142,-0.0048613949999622656,0.20479429835892235,0.019572211367250937,0.0018957053509888744,0.016213357585832255,0.011586693105988111,-1.2161469652200534e-19,0.0,0.0,0.0,0.0,0.0,0.007144580048403213,0.1806203143373298
14.630422353744507,-0.013805827125906944,-0.04601942375302315,-0.003067961661145091,0.8375535607337952,-0.2485048919916153,0.35225686268447814,-0.004863506350231235,0.20425400857395054,0.35225686268447826,-0.004863506350231235,0.2042540085739505,0.019564548179113645,-1.2437532620043996e-05,0.015746274810949153,0.01190341788722558,-1.2676734763805023e-19,0.0,0.0,0.0,0.0,0.0,0.006844246645363859,0.18062031433732978
14.650422096252441,-0.013805827125906944,-0.04601942375302315,-0.003067961661145091,0.8375535607337952,-0.2485048919916153,0.35225686268447814,-0.004863506350231235,0.20425400857395054,0.35225686268447826,-0.004863506350231235,0.2042540085739505,0.019564548179113645,-1.2437532620043996e-05,0.015746274810949153,0.01190341788722558,-1.2676734763805023e-19,0.0,0.0,0.0,0.0,0.0,0.006844246645363859,0.18062031433732978
14.670426607131958,-0.013805827125906944,-0.04601942375302315,-0.0015339808305725455,0.8375535607337952,-0.2485048919916153,0.35225686268447814,-0.004863506350231235,0.20425400857395054,0.3520990336762615,-0.004861327251780567,0.2037762270099471,0.01957245735404177,-0.0004286146231198861,0.01432297849936859,0.010970009145287165,-3.3109409539438666e-20,0.0,0.0,0.0,0.0,0.0,0.006503717049014225,0.18065082954246026
14.690425634384155,-0.012271846644580364,-0.04601942375302315,-0.003067961661145091,0.8375535607337952,-0.2485048919916153,0.35225686268447814,-0.004863506350231235,0.20425400857395054,0.35226390875831787,-0.004323145688229986,0.2042540085739505,0.017390825879908964,1.8021494045954594e-05,0.015722024174018193,0.011874402322752775,-2.8468772811265652e-18,0.0,0.0,0.0,0.0,0.0,0.006473906120333716,0.18062031433732986
14.710475206375122,-0.012271846644580364,-0.04601942375302315,-0.003067961661145091,0.8375535607337952,-0.2485048919916153,0.35210394058091404,-0.004861394999962266,0.20479429835892232,0.35226390875831787,-0.004323145688229986,0.2042540085739505,0.017390825879908964,1.8021494045954594e-05,0.015722024174018193,0.011874402322752775,-2.8468772811265652e-18,0.0,0.0,0.0,0.0,0.0,0.006473906120333716,0.18062031433732986
14.730420112609863,-0.012271846644580364,-0.0475534051656723,-0.003067961661145091,0.8375535607337952,-0.2485048919916153,0.3521109835959049,-0.004321268919875155,0.20479429835892227,0.3521109835959051,-0.004321268919875157,0.2047942983589223,0.017397637648285155,0.0019261898335863417,0.016189126404456283,0.011557683309490373,7.121978012880297e-20,0.0,0.0,0.0,0.0,0.0,0.006790796240090288,0.18062031433732983
14.750477313995361,-0.012271846644580364,-0.04601942375302315,-0.003067961661145091,0.8375535607337952,-0.2485048919916153,0.3522639087583177,-0.004323145688229985,0.20425400857395054,0.35226390875831787,-0.004323145688229986,0.2042540085739505,0.017390825879908964,1.8021494045954594e-05,0.015722024174018193,0.011874402322752775,-2.8468772811265652e-18,0.0,0.0,0.0,0.0,0.0,0.006473906120333716,0.18062031433732986
14.77042818069458,-0.013805827125906944,-0.04601942375302315,-0.003067961661145091,0.8375535607337952,-0.2485048919916153,0.3522639087583177,-0.004323145688229985,0.20425400857395054,0.35225686268447826,-0.004863506350231235,0.2042540085739505,0.019564548179113645,-1.2437532620043996e-05,0.015746274810949153,0.01190341788722558,-1.2676734763805023e-19,0.0,0.0,0.0,0.0,0.0,0.006844246645363859,0.18062031433732978
14.79042673110962,-0.013805827125906944,-0.04601942375302315,-0.003067961661145091,0.8375535607337952,-0.2485048919916153,0.35225686268447814,-0.004863506350231235,0.20425400857395054,0.35225686268447826,-0.004863506350231235,0.2042540085739505,0.019564548179113645,-1.2437532620043996e-05,0.015746274810949153,0.01190341788722558,-1.2676734763805023e-19,0.0,0.0,0.0,0.0,0.0,0.006844246645363859,0.18062031433732978
14.810424566268921,-0.013805827125906944,-0.0475534051656723,-0.003067961661145091,0.8375535607337952,-0.2485048919916153,0.35225686268447814,-0.004863506350231235,0.20425400857395054,0.3521039405809142,-0.0048613949999622656,0.20479429835892235,0.019572211367250937,0.0018957053509888744,0.016213357585832255,0.011586693105988111,-1.2161469652200534e-19,0.0,0.0,0.0,0.0,0.0,0.007144580048403213,0.1806203143373298
14.830432176589966,-0.012271846644580364,-0.0475534051656723,-0.003067961661145091,0.8375535607337952,-0.2485048919916153,0.3521109835959049,-0.004321268919875155,0.20479429835892227,0.3521109835959051,-0.004321268919875157,0.2047942983589223,0.017397637648285155,0.0019261898335863417,0.016189126404456283,0.011557683309490373,7.121978012880297e-20,0.0,0.0,0.0,0.0,0.0,0.006790796240090288,0.18062031433732983
14.850428342819214,-0.013805827125906944,-0.04601942375302315,-0.003067961661145091,0.8375535607337952,-0.2485048919916153,0.35225686268447814,-0.004863506350231235,0.20425400857395054,0.35225686268447826,-0.004863506350231235,0.2042540085739505,0.019564548179113645,-1.2437532620043996e-05,0.015746274810949153,0.01190341788722558,-1.2676734763805023e-19,0.0,0.0,0.0,0.0,0.0,0.006844246645363859,0.18062031433732978
14.870435953140259,-0.013805827125906944,-0.04601942375302315,-0.003067961661145091,0.8375535607337952,-0.2485048919916153,0.35225686268447814,-0.004863506350231235,0.20425400857395054,0.35225686268447826,-0.004863506350231235,0.2042540085739505,0.019564548179113645,-1.2437532620043996e-05,0.015746274810949153,0.01190341788722558,-1.2676734763805023e-19,0.0,0.0,0.0,0.0,0.0,0.006844246645363859,0.18062031433732978
14.890424251556396,-0.013805827125906944,-0.04601942375302315,-0.003067961661145091,0.8375535607337952,-0.2485048919916153,0.35225686268447814,-0.004863506350231235,0.20425400857395054,0.35225686268447826,-0.004863506350231235,0.2042540085739505,0.019564548179113645,-1.2437532620043996e-05,0.015746274810949153,0.01190341788722558,-1.2676734763805023e-19,0.0,0.0,0.0,0.0,0.0,0.006844246645363859,0.18062031433732978
14.910420656204224,-0.013805827125906944,-0.04601942375302315,-0.003067961661145091,0.8375535607337952,-0.2485048919916153,0.3520990336762614,-0.0048613272517805655,0.20377622700994713,0.35225686268447826,-0.004863506350231235,0.2042540085739505,0.019564548179113645,-1.2437532620043996e-05,0.015746274810949153,0.01190341788722558,-1.2676734763805023e-19,0.0,0.0,0.0,0.0,0.0,0.006844246645363859,0.18062031433732978
14.930419445037842,-0.013805827125906944,-0.04601942375302315,-0.003067961661145091,0.8375535607337952,-0.2485048919916153,0.35210394058091404,-0.004861394999962266,0.20479429835892232,0.35225686268447826,-0.004863506350231235,0.2042540085739505,0.019564548179113645,-1.2437532620043996e-05,0.015746274810949153,0.01190341788722558,-1.2676734763805023e-19,0.0,0.0,0.0,0.0,0.0,0.006844246645363859,0.18062031433732978
14.95042610168457,-0.012271846644580364,-0.04601942375302315,-0.003067961661145091,0.8375535607337952,-0.2485048919916153,0.3522639087583177,-0.004323145688229985,0.20425400857395054,0.35226390875831787,-0.004323145688229986,0.2042540085739505,0.017390825879908964,1.8021494045954594e-05,0.015722024174018193,0.011874402322752775,-2.8468772811265652e-18,0.0,0.0,0.0,0.0,0.0,0.006473906120333716,0.18062031433732986
14.970479488372803,-0.012271846644580364,-0.04601942375302315,-0.003067961661145091,0.8375535607337952,-0.2485048919916153,0.3522639087583177,-0.004323145688229985,0.20425400857395054,0.35226390875831787,-0.004323145688229986,0.2042540085739505,0.017390825879908964,1.8021494045954594e-05,0.015722024174018193,0.011874402322752775,-2.8468772811265652e-18,0.0,0.0,0.0,0.0,0.0,0.006473906120333716,0.18062031433732986
14.990480899810791,-0.012271846644580364,-0.04601942375302315,-0.003067961661145091,0.8375535607337952,-0.2485048919916153,0.35227606096510705,-0.004863771415215464,0.20496617127901473,0.35226390875831787,-0.004323145688229986,0.2042540085739505,0.017390825879908964,1.8021494045954594e-05,0.015722024174018193,0.011874402322752775,-2.8468772811265652e-18,0.0,0.0,0.0,0.0,0.0,0.006473906120333716,0.18062031433732986
15.010477066040039,-0.012271846644580364,-0.04601942375302315,-0.003067961661145091,0.8375535607337952,-0.2485048919916153,0.3522639087583177,-0.004323145688229985,0.20425400857395054,0.35226390875831787,-0.004323145688229986,0.2042540085739505,0.017390825879908964,1.8021494045954594e-05,0.015722024174018193,0.011874402322752775,-2.8468772811265652e-18,0.0,0.0,0.0,0.0,0.0,0.006473906120333716,0.18062031433732986
15.0304856300354,-0.013805827125906944,-0.0475534051656723,-0.003067961661145091,0.8375535607337952,-0.2485048919916153,0.35225686268447814,-0.004863506350231235,0.20425400857395054,0.3521039405809142,-0.0048613949999622656,0.20479429835892235,0.019572211367250937,0.0018957053509888744,0.016213357585832255,0.011586693105988111,-1.2161469652200534e-19,0.0,0.0,0.0,0.0,0.0,0.007144580048403213,0.1806203143373298
15.050427675247192,-0.013805827125906944,-0.04601942375302315,-0.003067961661145091,0.8375535607337952,-0.2485048919916153,0.35225686268447814,-0.004863506350231235,0.20425400857395054,0.35225686268447826,-0.004863506350231235,0.2042540085739505,0.019564548179113645,-1.2437532620043996e-05,0.015746274810949153,0.01190341788722558,-1.2676734763805023e-19,0.0,0.0,0.0,0.0,0.0,0.006844246645363859,0.18062031433732978
15.070426225662231,-0.013805827125906944,-0.04601942375302315,-0.003067961661145091,0.8375535607337952,-0.2485048919916153,0.35225686268447814,-0.004863506350231235,0.20425400857395054,0.35225686268447826,-0.004863506350231235,0.2042540085739505,0.019564548179113645,-1.2437532620043996e-05,0.015746274810949153,0.01190341788722558,-1.2676734763805023e-19,0.0,0.0,0.0,0.0,0.0,0.006844246645363859,0.18062031433732978
15.090420961380005,-0.013805827125906944,-0.0475534051656723,-0.003067961661145091,0.8375535607337952,-0.2485048919916153,0.35225686268447814,-0.004863506350231235,0.20425400857395054,0.3521039405809142,-0.0048613949999622656,0.20479429835892235,0.019572211367250937,0.0018957053509888744,0.016213357585832255,0.011586693105988111,-1.2161469652200534e-19,0.0,0.0,0.0,0.0,0.0,0.007144580048403213,0.1806203143373298
15.110425472259521,-0.013805827125906944,-0.04601942375302315,-0.003067961661145091,0.8375535607337952,-0.2485048919916153,0.3522639087583177,-0.004323145688229985,0.20425400857395054,0.35225686268447826,-0.004863506350231235,0.2042540085739505,0.019564548179113645,-1.2437532620043996e-05,0.015746274810949153,0.01190341788722558,-1.2676734763805023e-19,0.0,0.0,0.0,0.0,0.0,0.006844246645363859,0.18062031433732978
15.130420923233032,-0.013805827125906944,-0.04601942375302315,-0.003067961661145091,0.8375535607337952,-0.2485048919916153,0.35225686268447814,-0.004863506350231235,0.20425400857395054,0.35225686268447826,-0.004863506350231235,0.2042540085739505,0.019564548179113645,-1.2437532620043996e-05,0.015746274810949153,0.01190341788722558,-1.2676734763805023e-19,0.0,0.0,0.0,0.0,0.0,0.006844246645363859,0.18062031433732978
15.150418519973755,-0.013805827125906944,-0.04601942375302315,-0.003067961661145091,0.8375535607337952,-0.2485048919916153,0.35225686268447814,-0.004863506350231235,0.20425400857395054,0.35225686268447826,-0.004863506350231235,0.2042540085739505,0.019564548179113645,-1.2437532620043996e-05,0.015746274810949153,0.01190341788722558,-1.2676734763805023e-19,0.0,0.0,0.0,0.0,0.0,0.006844246645363859,0.18062031433732978
15.170423746109009,-0.013805827125906944,-0.04601942375302315,-0.003067961661145091,0.8375535607337952,-0.2485048919916153,0.3522639087583177,-0.004323145688229985,0.20425400857395054,0.35225686268447826,-0.004863506350231235,0.2042540085739505,0.019564548179113645,-1.2437532620043996e-05,0.015746274810949153,0.01190341788722558,-1.2676734763805023e-19,0.0,0.0,0.0,0.0,0.0,0.006844246645363859,0.18062031433732978
15.190426111221313,-0.013805827125906944,-0.04601942375302315,-0.003067961661145091,0.8375535607337952,-0.2485048919916153,0.35242924649079904,-0.004865886402475865,0.2044256172372954,0.35225686268447826,-0.004863506350231235,0.2042540085739505,0.019564548179113645,-1.2437532620043996e-05,0.015746274810949153,0.01190341788722558,-1.2676734763805023e-19,0.0,0.0,0.0,0.0,0.0,0.006844246645363859,0.18062031433732978
15.210424900054932,-0.013805827125906944,-0.0475534051656723,-0.003067961661145091,0.8375535607337952,-0.2485048919916153,0.3521109835959049,-0.004321268919875155,0.20479429835892227,0.3521039405809142,-0.0048613949999622656,0.20479429835892235,0.019572211367250937,0.0018957053509888744,0.016213357585832255,0.011586693105988111,-1.2161469652200534e-19,0.0,0.0,0.0,0.0,0.0,0.007144580048403213,0.1806203143373298
15.23049020767212,-0.013805827125906944,-0.04601942375302315,-0.003067961661145091,0.8375535607337952,-0.2485048919916153,0.35225686268447814,-0.004863506350231235,0.20425400857395054,0.35225686268447826,-0.004863506350231235,0.2042540085739505,0.019564548179113645,-1.2437532620043996e-05,0.015746274810949153,0.01190341788722558,-1.2676734763805023e-19,0.0,0.0,0.0,0.0,0.0,0.006844246645363859,0.18062031433732978
15.250421524047852,-0.013805827125906944,-0.04601942375302315,-0.003067961661145091,0.8375535607337952,-0.2485048919916153,0.35225686268447814,-0.004863506350231235,0.20425400857395054,0.35225686268447826,-0.004863506350231235,0.2042540085739505,0.019564548179113645,-1.2437532620043996e-05,0.015746274810949153,0.01190341788722558,-1.2676734763805023e-19,0.0,0.0,0.0,0.0,0.0,0.006844246645363859,0.18062031433732978
15.270451545715332,-0.013805827125906944,-0.04601942375302315,-0.003067961661145091,0.8375535607337952,-0.24697090685367584,0.3522568626844781,-0.004863506350231234,0.2042540085739506,0.35225686268447826,-0.004863506350231235,0.2042540085739505,0.019564548179113645,-1.2437532620045219e-05,0.015746274810949153,0.01190341788722558,1.4816988559126572e-18,0.0,0.0,0.0,0.0,0.0,0.006844246645363859,0.1806203143373298
15.290420055389404,-0.013805827125906944,-0.0475534051656723,-0.003067961661145091,0.8375535607337952,-0.24543693661689758,0.3522568626844781,-0.004863506350231234,0.2042540085739506,0.3521039405809142,-0.0048613949999622656,0.20479429835892235,0.019572211367250937,0.001895705350988871,0.016213357585832252,0.01158669310598811,-1.274748717480814e-19,0.0,0.0,0.0,0.0,0.0,0.007144580048403213,0.1806203143373298
15.310482025146484,-0.012271846644580364,-0.04601942375302315,-0.004601942375302315,0.8375535607337952,-0.24543693661689758,0.3524292464907991,-0.004865886402475865,0.2044256172372954,0.3524210078736564,-0.0043250736812664985,0.2047320316691869,0.017383833408282787,0.00043056670957374385,0.01714648899083561,0.012810815491082917,0.0,0.0,0.0,0.0,0.0,0.0,0.006852712250698854,0.18058948795133747
15.330421209335327,-0.013805827125906944,-0.0475534051656723,-0.003067961661145091,0.8375535607337952,-0.24543693661689758,0.352103940580914,-0.0048613949999622656,0.20479429835892232,0.3521039405809142,-0.0048613949999622656,0.20479429835892235,0.019572211367250937,0.001895705350988871,0.016213357585832252,0.01158669310598811,-1.274748717480814e-19,0.0,0.0,0.0,0.0,0.0,0.007144580048403213,0.1806203143373298
15.350422620773315,-0.013805827125906944,-0.0475534051656723,-0.003067961661145091,0.8375535607337952,-0.24543693661689758,0.352103940580914,-0.0048613949999622656,0.20479429835892232,0.3521039405809142,-0.0048613949999622656,0.20479429835892235,0.019572211367250937,0.001895705350988871,0.016213357585832252,0.01158669310598811,-1.274748717480814e-19,0.0,0.0,0.0,0.0,0.0,0.007144580048403213,0.1806203143373298
15.370417833328247,-0.013805827125906944,-0.04601942375302315,-0.003067961661145091,0.8375535607337952,-0.24543693661689758,0.352103940580914,-0.0048613949999622656,0.20479429835892232,0.35225686268447826,-0.004863506350231238,0.2042540085739505,0.01956454817911366,-1.2437532620045219e-05,0.015746274810949153,0.01190341788722558,1.5202830258453843e-19,0.0,0.0,0.0,0.0,0.0,0.0068442466453638605,0.18062031433732978
15.390422821044922,-0.012271846644580364,-0.04601942375302315,-0.003067961661145091,0.8375535607337952,-0.24543693661689758,0.35226390875831776,-0.004323145688229986,0.20425400857395049,0.3522639087583178,-0.0043231456882299865,0.2042540085739505,0.01739082587990897,1.8021494046196273e-05,0.015722024174018006,0.011874402322752546,5.569156838275708e-20,0.0,0.0,0.0,0.0,0.0,0.006473906120333697,0.18062031433732986
15.410425901412964,-0.013805827125906944,-0.0475534051656723,-0.003067961661145091,0.8360195755958557,-0.24390295147895813,0.35226390875831776,-0.004323145688229986,0.20425400857395049,0.3522760609651072,-0.004863771415215466,0.20496617127901476,0.01956358651882874,0.00152800083486897,0.01712882049424243,0.012401923786531535,1.6325254372680776e-18,0.0,0.0,0.0,0.0,0.0,0.007314340918282585,0.18054194192606268
15.430426359176636,-0.013805827125906944,-0.0475534051656723,-0.003067961661145091,0.8375535607337952,-0.24390295147895813,0.35210394058091404,-0.004861394999962266,0.20479429835892227,0.35210394058091415,-0.004861394999962267,0.20479429835892235,0.01957221136725095,0.0018957053509891164,0.01621335758583206,0.01158669310598788,1.5834709908438128e-18,0.0,0.0,0.0,0.0,0.0,0.0071445800484031975,0.1806203143373298
15.45042896270752,-0.013805827125906944,-0.04601942375302315,-0.003067961661145091,0.8375535607337952,-0.24236896634101868,0.3522568626844781,-0.004863506350231234,0.2042540085739506,0.35225686268447826,-0.004863506350231235,0.2042540085739505,0.019564548179113645,-1.2437532620045219e-05,0.015746274810949153,0.01190341788722558,-6.078048284010809e-20,0.0,0.0,0.0,0.0,0.0,0.006844246645363859,0.18062031433732978
15.47042965888977,-0.013805827125906944,-0.04601942375302315,-0.003067961661145091,0.8360195755958557,-0.24236896634101868,0.3522568626844781,-0.004863506350231234,0.2042540085739506,0.352429246490799,-0.004865886402475865,0.20442561723729533,0.01955591649034547,-0.00037874139573859254,0.016661698248123094,0.012717103959615877,1.617582071984886e-18,0.0,0.0,0.0,0.0,0.0,0.007011717116791309,0.18054194192606265
15.490426301956177,-0.013805827125906944,-0.0475534051656723,-0.003067961661145091,0.8360195755958557,-0.24236896634101868,0.352103940580914,-0.0048613949999622656,0.20479429835892232,0.3522760609651072,-0.0048637714152154655,0.20496617127901476,0.019563586518828734,0.0015280008348689663,0.017128820494242428,0.012401923786531533,-1.2081100081370121e-20,0.0,0.0,0.0,0.0,0.0,0.007314340918282584,0.1805419419260627
15.510481595993042,-0.013805827125906944,-0.0475534051656723,-0.003067961661145091,0.8375535607337952,-0.24236896634101868,0.352103940580914,-0.0048613949999622656,0.20479429835892232,0.3521039405809142,-0.0048613949999622656,0.20479429835892235,0.019572211367250937,0.0018957053509888703,0.016213357585832252,0.011586693105988111,-9.475020654218121e-20,0.0,0.0,0.0,0.0,0.0,0.007144580048403213,0.1806203143373298
15.53042221069336,-0.012271846644580364,-0.0475534051656723,-0.003067961661145091,0.8375535607337952,-0.24083499610424042,0.35243629601277304,-0.004325261304383884,0.2044256172372954,0.3521109835959051,-0.004321268919875157,0.2047942983589223,0.01739763764828516,0.0019261898335863447,0.016189126404456286,0.011557683309490373,1.441460477613121e-18,0.0,0.0,0.0,0.0,0.0,0.006790796240090288,0.18062031433732983
15.55042052268982,-0.013805827125906944,-0.04601942375302315,-0.003067961661145091,0.8375535607337952,-0.24083499610424042,0.35210394058091404,-0.004861394999962266,0.20479429835892227,0.35225686268447826,-0.004863506350231234,0.2042540085739505,0.01956454817911364,-1.2437532620047592e-05,0.01574627481094915,0.011903417887225579,-1.8249563948886066e-19,0.0,0.0,0.0,0.0,0.0,0.006844246645363857,0.18062031433732975
15.57048487663269,-0.013805827125906944,-0.04601942375302315,-0.003067961661145091,0.8375535607337952,-0.24083499610424042,0.3522568626844782,-0.004863506350231236,0.20425400857395054,0.35225686268447826,-0.004863506350231234,0.2042540085739505,0.01956454817911364,-1.2437532620047592e-05,0.01574627481094915,0.011903417887225579,-1.8249563948886066e-19,0.0,0.0,0.0,0.0,0.0,0.006844246645363857,0.18062031433732975
15.590485334396362,-0.013805827125906944,-0.04601942375302315,-0.003067961661145091,0.8375535607337952,-0.24083499610424042,0.3522568626844782,-0.004863506350231236,0.20425400857395054,0.35225686268447826,-0.004863506350231234,0.2042540085739505,0.01956454817911364,-1.2437532620047592e-05,0.01574627481094915,0.011903417887225579,-1.8249563948886066e-19,0.0,0.0,0.0,0.0,0.0,0.006844246645363857,0.18062031433732975
15.61041808128357,-0.013805827125906944,-0.0475534051656723,-0.003067961661145091,0.8360195755958557,-0.23930101096630096,0.3522568626844782,-0.004863506350231236,0.20425400857395054,0.3522760609651072,-0.004863771415215466,0.20496617127901473,0.01956358651882874,0.001528000834868906,0.017128820494242383,0.01240192378653152,1.6030162975440043e-18,0.0,0.0,0.0,0.0,0.0,0.007314340918282566,0.18054194192606265
15.63042688369751,-0.013805827125906944,-0.0475534051656723,-0.003067961661145091,0.8360195755958557,-0.23930101096630096,0.3522760609651071,-0.004863771415215465,0.20496617127901473,0.3522760609651072,-0.004863771415215466,0.20496617127901473,0.01956358651882874,0.001528000834868906,0.017128820494242383,0.01240192378653152,1.6030162975440043e-18,0.0,0.0,0.0,0.0,0.0,0.007314340918282566,0.18054194192606265
15.650426626205444,-0.013805827125906944,-0.0475534051656723,-0.003067961661145091,0.8375535607337952,-0.23930101096630096,0.352103940580914,-0.0048613949999622656,0.20479429835892232,0.3521039405809142,-0.004861394999962267,0.20479429835892235,0.01957221136725094,0.0018957053509888733,0.016213357585832252,0.01158669310598811,5.860175226076149e-21,0.0,0.0,0.0,0.0,0.0,0.007144580048403215,0.18062031433732983
15.670421600341797,-0.012271846644580364,-0.0475534051656723,-0.003067961661145091,0.8360195755958557,-0.23930101096630096,0.35228310742296337,-0.004323381303126143,0.20496617127901479,0.3522831074229635,-0.004323381303126143,0.20496617127901476,0.017389971065046007,0.0015585080250034105,0.017104575309382215,0.01237292398530358,-1.3672462261895416e-19,0.0,0.0,0.0,0.0,0.0,0.006969007287234153,0.18054194192606268
15.690431833267212,-0.013805827125906944,-0.0475534051656723,-0.004601942375302315,0.8375535607337952,-0.23930101096630096,0.35226030316070944,-0.004863553851869304,0.20527256189691667,0.35226030316070966,-0.004863553851869306,0.20527256189691664,0.01956437583582634,0.0023047035235554264,0.017639944855425662,0.012526211720764659,-4.1633274520697e-20,0.0,0.0,0.0,0.0,0.0,0.007520840073101148,0.18058948795133745
15.710417985916138,-0.013805827125906944,-0.0475534051656723,-0.003067961661145091,0.8375535607337952,-0.23930101096630096,0.352103940580914,-0.0048613949999622656,0.20479429835892232,0.3521039405809142,-0.004861394999962267,0.20479429835892235,0.01957221136725094,0.0018957053509888733,0.016213357585832252,0.01158669310598811,5.860175226076149e-21,0.0,0.0,0.0,0.0,0.0,0.007144580048403215,0.18062031433732983
15.7304208278656,-0.013805827125906944,-0.0475534051656723,-0.003067961661145091,0.8360195755958557,-0.2377670258283615,0.35227606096510705,-0.004863771415215464,0.20496617127901473,0.3522760609651072,-0.0048637714152154655,0.20496617127901476,0.019563586518828734,0.0015280008348689713,0.01712882049424243,0.012401923786531535,6.0405500406850635e-21,0.0,0.0,0.0,0.0,0.0,0.007314340918282584,0.1805419419260627
15.750421524047852,-0.013805827125906944,-0.0475534051656723,-0.003067961661145091,0.8375535607337952,-0.2377670258283615,0.35227606096510705,-0.004863771415215464,0.20496617127901473,0.3521039405809142,-0.0048613949999622656,0.20479429835892235,0.019572211367250937,0.001895705350988871,0.016213357585832255,0.011586693105988111,-3.2499718377776534e-18,0.0,0.0,0.0,0.0,0.0,0.007144580048403213,0.18062031433732983
15.770421028137207,-0.013805827125906944,-0.0475534051656723,-0.003067961661145091,0.8375535607337952,-0.2377670258283615,0.35225686268447814,-0.004863506350231235,0.20425400857395054,0.3521039405809142,-0.0048613949999622656,0.20479429835892235,0.019572211367250937,0.001895705350988871,0.016213357585832255,0.011586693105988111,-3.2499718377776534e-18,0.0,0.0,0.0,0.0,0.0,0.007144580048403213,0.18062031433732983
15.790420055389404,-0.012271846644580364,-0.04601942375302315,-0.003067961661145091,0.8360195755958557,-0.2377670258283615,0.352436296012773,-0.004325261304383883,0.2044256172372954,0.3524362960127731,-0.004325261304383883,0.20442561723729535,0.017383153216321594,-0.0003482596240380026,0.016637433601074954,0.012688098363680652,-5.2342554819667854e-21,0.0,0.0,0.0,0.0,0.0,0.006650527162872161,0.1805419419260627
15.810478687286377,-0.013805827125906944,-0.04601942375302315,-0.003067961661145091,0.8375535607337952,-0.2377670258283615,0.35225686268447814,-0.004863506350231235,0.20425400857395054,0.35225686268447826,-0.004863506350231234,0.2042540085739505,0.01956454817911364,-1.2437532620043484e-05,0.015746274810949153,0.011903417887225579,1.3904510361682264e-18,0.0,0.0,0.0,0.0,0.0,0.006844246645363857,0.1806203143373298
15.830484867095947,-0.012271846644580364,-0.04601942375302315,-0.003067961661145091,0.8375535607337952,-0.23623304069042206,0.35225686268447814,-0.004863506350231235,0.20425400857395054,0.3522639087583178,-0.004323145688229988,0.2042540085739505,0.01739082587990898,1.8021494046196273e-05,0.015722024174018006,0.011874402322752546,1.8738475709207085e-19,0.0,0.0,0.0,0.0,0.0,0.0064739061203336985,0.18062031433732986
15.850420951843262,-0.013805827125906944,-0.04601942375302315,-0.003067961661145091,0.8375535607337952,-0.23623304069042206,0.35211098359590487,-0.004321268919875153,0.20479429835892232,0.35225686268447826,-0.0048635063502312365,0.2042540085739505,0.019564548179113652,-1.2437532620043996e-05,0.015746274810949153,0.01190341788722558,1.6337271584971967e-18,0.0,0.0,0.0,0.0,0.0,0.00684424664536386,0.18062031433732978
15.870420455932617,-0.012271846644580364,-0.04601942375302315,-0.003067961661145091,0.8375535607337952,-0.23623304069042206,0.35226390875831765,-0.004323145688229985,0.20425400857395054,0.3522639087583178,-0.004323145688229988,0.2042540085739505,0.01739082587990898,1.8021494046196273e-05,0.015722024174018006,0.011874402322752546,1.8738475709207085e-19,0.0,0.0,0.0,0.0,0.0,0.0064739061203336985,0.18062031433732986
15.890419721603394,-0.012271846644580364,-0.0475534051656723,-0.003067961661145091,0.8375535607337952,-0.23623304069042206,0.35226390875831765,-0.004323145688229985,0.20425400857395054,0.3521109835959051,-0.004321268919875156,0.20479429835892227,0.017397637648285155,0.001926189833586282,0.01618912640445623,0.011557683309490356,-4.440350795847891e-20,0.0,0.0,0.0,0.0,0.0,0.006790796240090268,0.18062031433732983
15.91042423248291,-0.012271846644580364,-0.04601942375302315,-0.003067961661145091,0.8375535607337952,-0.23623304069042206,0.3522568626844781,-0.004863506350231234,0.2042540085739506,0.3522639087583178,-0.004323145688229988,0.2042540085739505,0.01739082587990898,1.8021494046196273e-05,0.015722024174018006,0.011874402322752546,1.8738475709207085e-19,0.0,0.0,0.0,0.0,0.0,0.0064739061203336985,0.18062031433732986
15.930432796478271,-0.012271846644580364,-0.0475534051656723,-0.003067961661145091,0.8375535607337952,-0.23623304069042206,0.35211098359590487,-0.004321268919875153,0.20479429835892232,0.3521109835959051,-0.004321268919875156,0.20479429835892227,0.017397637648285155,0.001926189833586282,0.01618912640445623,0.011557683309490356,-4.440350795847891e-20,0.0,0.0,0.0,0.0,0.0,0.006790796240090268,0.18062031433732983
15.950501918792725,-0.010737866163253784,-0.0475534051656723,-0.003067961661145091,0.8360195755958557,-0.2346990704536438,0.3522893249249699,-0.00378298101770706,0.20496617127901473,0.3522893249249699,-0.0037829810177070627,0.20496617127901473,0.015216314690997938,0.0015854263036267939,0.017083182364359434,0.01234733576409937,1.3719109726493826e-18,0.0,0.0,0.0,0.0,0.0,0.006649421866969426,0.1805419419260627
15.970425128936768,-0.010737866163253784,-0.0475534051656723,-0.003067961661145091,0.8375535607337952,-0.2346990704536438,0.3522893249249699,-0.00378298101770706,0.20496617127901473,0.3521171980600701,-0.003781132671428922,0.20479429835892235,0.01522302299101379,0.0019530880760211605,0.016167745815527573,0.011532086268875462,4.4366880577197855e-20,0.0,0.0,0.0,0.0,0.0,0.00646256827111925,0.18062031433732983
15.990421533584595,-0.010737866163253784,-0.0475534051656723,-0.003067961661145091,0.8375535607337952,-0.2346990704536438,0.35244251621843,-0.0037846260285383164,0.2044256172372954,0.3521171980600701,-0.003781132671428922,0.20479429835892235,0.01522302299101379,0.0019530880760211605,0.016167745815527573,0.011532086268875462,4.4366880577197855e-20,0.0,0.0,0.0,0.0,0.0,0.00646256827111925,0.18062031433732983
16.01042604446411,-0.010737866163253784,-0.0475534051656723,-0.003067961661145091,0.8375535607337952,-0.2346990704536438,0.35211719806006997,-0.003781132671428919,0.20479429835892232,0.3521171980600701,-0.003781132671428922,0.20479429835892235,0.01522302299101379,0.0019530880760211605,0.016167745815527573,0.011532086268875462,4.4366880577197855e-20,0.0,0.0,0.0,0.0,0.0,0.00646256827111925,0.18062031433732983
16.03041911125183,-0.010737866163253784,-0.0475534051656723,-0.003067961661145091,0.8375535607337952,-0.2346990704536438,0.35211719806006997,-0.003781132671428919,0.20479429835892232,0.3521171980600701,-0.003781132671428922,0.20479429835892235,0.01522302299101379,0.0019530880760211605,0.016167745815527573,0.011532086268875462,4.4366880577197855e-20,0.0,0.0,0.0,0.0,0.0,0.00646256827111925,0.18062031433732983
16.050426959991455,-0.00920388475060463,-0.0475534051656723,-0.004601942375302315,0.8360195755958557,-0.2346990704536438,0.35211719806006997,-0.003781132671428919,0.20479429835892232,0.35245082047748544,-0.0032440083340461883,0.2054446986692027,0.013037410540125548,0.002015813763015143,0.01849193298253435,0.013265810516728654,5.119657903182486e-20,0.0,0.0,0.0,0.0,0.0,0.0067952082148114296,0.18051098614455208
16.070435285568237,-0.00920388475060463,-0.04601942375302315,-0.003067961661145091,0.8375535607337952,-0.2346990704536438,0.3524479070961544,-0.0032439815188629933,0.2044256172372954,0.3522755141623669,-0.0032423947893636,0.2042540085739505,0.013043262309957749,6.818976072338937e-05,0.015682081583797212,0.011826611544924245,0.0,0.0,0.0,0.0,0.0,0.0,0.005812716888036875,0.1806203143373298
16.090422868728638,-0.00920388475060463,-0.0475534051656723,-0.003067961661145091,0.8360195755958557,-0.23316508531570435,0.35229471345951624,-0.00324257150247176,0.20496617127901479,0.35229471345951635,-0.003242571502471762,0.20496617127901473,0.013042621191786534,0.0016087556204706069,0.01706464169912451,0.012325159170703745,1.1020003911704158e-18,0.0,0.0,0.0,0.0,0.0,0.006359468294003696,0.18054194192606268
16.1104793548584,-0.00920388475060463,-0.04601942375302315,-0.003067961661145091,0.8360195755958557,-0.23316508531570435,0.35229471345951624,-0.00324257150247176,0.20496617127901479,0.3524479070961543,-0.0032439815188629924,0.20442561723729533,0.013037507749221116,-0.0002980538946086029,0.016597467935155912,0.012640324004769615,-1.1222745156651892e-18,0.0,0.0,0.0,0.0,0.0,0.006008473448154099,0.18054194192606268
16.13042187690735,-0.00920388475060463,-0.0475534051656723,-0.003067961661145091,0.8360195755958557,-0.23316508531570435,0.3521225839618045,-0.0032409871976761128,0.20479429835892232,0.35229471345951635,-0.003242571502471762,0.20496617127901473,0.013042621191786534,0.0016087556204706069,0.01706464169912451,0.012325159170703745,1.1020003911704158e-18,0.0,0.0,0.0,0.0,0.0,0.006359468294003696,0.18054194192606268
16.15042018890381,-0.00920388475060463,-0.0475534051656723,-0.004601942375302315,0.8375535607337952,-0.23316508531570435,0.3522789548207664,-0.0032424264576812025,0.20527256189691667,0.35227895482076654,-0.003242426457681203,0.20527256189691664,0.013043147412405122,0.0023854349743498405,0.017575819888297945,0.012449407847870709,-1.2648658491767625e-19,0.0,0.0,0.0,0.0,0.0,0.006595974027039779,0.18058948795133742
16.17041850090027,-0.00920388475060463,-0.0475534051656723,-0.003067961661145091,0.8375535607337952,-0.23316508531570435,0.3521225839618045,-0.0032409871976761128,0.20479429835892232,0.3521225839618045,-0.0032409871976761123,0.20479429835892235,0.013048371192212018,0.0019764000280627437,0.016149215858972246,0.011509902031943593,9.753562733825352e-19,0.0,0.0,0.0,0.0,0.0,0.006163980649286282,0.18062031433732978
16.190426111221313,-0.00920388475060463,-0.0475534051656723,-0.003067961661145091,0.8375535607337952,-0.23316508531570435,0.3521225839618045,-0.0032409871976761128,0.20479429835892232,0.3521225839618045,-0.0032409871976761123,0.20479429835892235,0.013048371192212018,0.0019764000280627437,0.016149215858972246,0.011509902031943593,9.753562733825352e-19,0.0,0.0,0.0,0.0,0.0,0.006163980649286282,0.18062031433732978
16.21043062210083,-0.00920388475060463,-0.0475534051656723,-0.003067961661145091,0.8375535607337952,-0.23316508531570435,0.3521225839618045,-0.0032409871976761128,0.20479429835892232,0.3521225839618045,-0.0032409871976761123,0.20479429835892235,0.013048371192212018,0.0019764000280627437,0.016149215858972246,0.011509902031943593,9.753562733825352e-19,0.0,0.0,0.0,0.0,0.0,0.006163980649286282,0.18062031433732978
16.23042583465576,-0.00920388475060463,-0.0475534051656723,-0.003067961661145091,0.8375535607337952,-0.23316508531570435,0.3522789548207664,-0.0032424264576812025,0.20527256189691667,0.3521225839618045,-0.0032409871976761123,0.20479429835892235,0.013048371192212018,0.0019764000280627437,0.016149215858972246,0.011509902031943593,9.753562733825352e-19,0.0,0.0,0.0,0.0,0.0,0.006163980649286282,0.18062031433732978
16.250420331954956,-0.00920388475060463,-0.04601942375302315,-0.003067961661145091,0.8360195755958557,-0.23316508531570435,0.3521225839618045,-0.0032409871976761128,0.20479429835892232,0.3524479070961543,-0.0032439815188629924,0.20442561723729533,0.013037507749221116,-0.0002980538946086029,0.016597467935155912,0.012640324004769615,-1.1222745156651892e-18,0.0,0.0,0.0,0.0,0.0,0.006008473448154099,0.18054194192606268
16.270427942276,-0.00920388475060463,-0.0475534051656723,-0.003067961661145091,0.8375535607337952,-0.23316508531570435,0.3522789548207664,-0.0032424264576812025,0.20527256189691667,0.3521225839618045,-0.0032409871976761123,0.20479429835892235,0.013048371192212018,0.0019764000280627437,0.016149215858972246,0.011509902031943593,9.753562733825352e-19,0.0,0.0,0.0,0.0,0.0,0.006163980649286282,0.18062031433732978
16.2904851436615,-0.00920388475060463,-0.0475534051656723,-0.004601942375302315,0.8360195755958557,-0.23316508531570435,0.35245082047748516,-0.0032440083340461853,0.20544469866920273,0.35245082047748544,-0.0032440083340461883,0.2054446986692027,0.013037410540125548,0.0020158137630151424,0.018491932982534355,0.013265810516728654,-1.0044729108899236e-18,0.0,0.0,0.0,0.0,0.0,0.0067952082148114296,0.1805109861445521
16.31042504310608,-0.00920388475060463,-0.0475534051656723,-0.003067961661145091,0.8375535607337952,-0.23316508531570435,0.3521225839618045,-0.0032409871976761128,0.20479429835892232,0.3521225839618045,-0.0032409871976761123,0.20479429835892235,0.013048371192212018,0.0019764000280627437,0.016149215858972246,0.011509902031943593,9.753562733825352e-19,0.0,0.0,0.0,0.0,0.0,0.006163980649286282,0.18062031433732978
16.33042073249817,-0.00920388475060463,-0.04601942375302315,-0.003067961661145091,0.8360195755958557,-0.2346990704536438,0.3524479070961544,-0.0032439815188629933,0.2044256172372954,0.35244790709615426,-0.003243981518862995,0.20442561723729533,0.01303750774922113,-0.00029805389460835837,0.016597467935155725,0.012640324004769388,1.2697983397507358e-19,0.0,0.0,0.0,0.0,0.0,0.0060084734481540775,0.1805419419260627
16.350420475006104,-0.00920388475060463,-0.0475534051656723,-0.003067961661145091,0.8360195755958557,-0.2346990704536438,0.3524479070961544,-0.0032439815188629933,0.2044256172372954,0.3522947134595164,-0.003242571502471761,0.2049661712790147,0.013042621191786523,0.0016087556204702977,0.01706464169912465,0.012325159170703958,-7.732714292862732e-20,0.0,0.0,0.0,0.0,0.0,0.006359468294003694,0.18054194192606277
16.370497941970825,-0.00920388475060463,-0.04601942375302315,-0.003067961661145091,0.8375535607337952,-0.2346990704536438,0.35212258396180446,-0.0032409871976761123,0.20479429835892232,0.3522755141623669,-0.0032423947893636,0.2042540085739505,0.013043262309957749,6.818976072338937e-05,0.015682081583797212,0.011826611544924245,0.0,0.0,0.0,0.0,0.0,0.0,0.005812716888036875,0.1806203143373298
16.390475749969482,-0.00920388475060463,-0.0475534051656723,-0.003067961661145091,0.8375535607337952,-0.23623304069042206,0.35212258396180446,-0.0032409871976761123,0.20479429835892232,0.3521225839618045,-0.0032409871976761136,0.20479429835892235,0.013048371192212024,0.001976400028062743,0.016149215858972246,0.01150990203194359,1.0477250712254822e-18,0.0,0.0,0.0,0.0,0.0,0.006163980649286282,0.1806203143373298
16.410419702529907,-0.00920388475060463,-0.0475534051656723,-0.003067961661145091,0.8375535607337952,-0.2377670258283615,0.35212258396180446,-0.0032409871976761123,0.20479429835892232,0.3521225839618045,-0.0032409871976761123,0.20479429835892235,0.013048371192212018,0.0019764000280627445,0.016149215858972246,0.011509902031943593,9.59054802028142e-19,0.0,0.0,0.0,0.0,0.0,0.006163980649286282,0.18062031433732978
16.430419921875,-0.00920388475060463,-0.0475534051656723,-0.003067961661145091,0.8375535607337952,-0.2377670258283615,0.3521225839618045,-0.0032409871976761128,0.20479429835892232,0.3521225839618045,-0.0032409871976761123,0.20479429835892235,0.013048371192212018,0.0019764000280627445,0.016149215858972246,0.011509902031943593,9.59054802028142e-19,0.0,0.0,0.0,0.0,0.0,0.006163980649286282,0.18062031433732978
16.450480937957764,-0.00920388475060463,-0.0475534051656723,-0.003067961661145091,0.8375535607337952,-0.23930101096630096,0.35212258396180446,-0.0032409871976761123,0.20479429835892232,0.3521225839618045,-0.0032409871976761136,0.20479429835892235,0.013048371192212024,0.001976400028062743,0.016149215858972246,0.01150990203194359,5.866095944941758e-21,0.0,0.0,0.0,0.0,0.0,0.006163980649286282,0.1806203143373298
16.470417499542236,-0.0076699042692780495,-0.0475534051656723,-0.003067961661145091,0.8375535607337952,-0.24083499610424042,0.35212714128189493,-0.0027008344255051047,0.20479429835892232,0.35212714128189493,-0.002700834425505105,0.20479429835892235,0.010873690009625632,0.001996125606549588,0.016133536600893048,0.011491130677833486,-5.017581426415316e-20,0.0,0.0,0.0,0.0,0.0,0.005899536709056112,0.1806203143373298
16.49043107032776,-0.00920388475060463,-0.0475534051656723,-0.004601942375302315,0.8375535607337952,-0.24083499610424042,0.35212714128189493,-0.0027008344255051047,0.20479429835892232,0.35227895482076654,-0.0032424264576812055,0.20527256189691662,0.013043147412405134,0.002385434974349775,0.01757581988829789,0.012449407847870691,-9.827708746424261e-19,0.0,0.0,0.0,0.0,0.0,0.0065959740270397586,0.18058948795133745
16.51041841506958,-0.0076699042692780495,-0.0475534051656723,-0.003067961661145091,0.8375535607337952,-0.24236896634101868,0.35212258396180446,-0.0032409871976761123,0.20479429835892232,0.35212714128189493,-0.0027008344255051065,0.20479429835892235,0.01087369000962564,0.0019961256065495854,0.016133536600893048,0.011491130677833486,2.802167875577773e-20,0.0,0.0,0.0,0.0,0.0,0.005899536709056112,0.1806203143373298
16.53042697906494,-0.0076699042692780495,-0.0475534051656723,-0.003067961661145091,0.8375535607337952,-0.24236896634101868,0.3522947134595163,-0.00324257150247176,0.20496617127901479,0.35212714128189493,-0.0027008344255051065,0.20479429835892235,0.01087369000962564,0.0019961256065495854,0.016133536600893048,0.011491130677833486,2.802167875577773e-20,0.0,0.0,0.0,0.0,0.0,0.005899536709056112,0.1806203143373298
16.550423622131348,-0.0076699042692780495,-0.0475534051656723,-0.003067961661145091,0.8375535607337952,-0.24390295147895813,0.35212714128189493,-0.0027008344255051047,0.20479429835892232,0.35212714128189493,-0.002700834425505104,0.20479429835892235,0.010873690009625629,0.0019961256065495854,0.016133536600893048,0.011491130677833486,-1.55078948558628e-19,0.0,0.0,0.0,0.0,0.0,0.005899536709056111,0.1806203143373298
16.57042145729065,-0.0076699042692780495,-0.0475534051656723,-0.003067961661145091,0.8375535607337952,-0.24543693661689758,0.3521271412818949,-0.0027008344255051043,0.20479429835892238,0.35212714128189493,-0.002700834425505105,0.20479429835892235,0.010873690009625632,0.0019961256065495854,0.016133536600893048,0.011491130677833486,7.90333121389603e-19,0.0,0.0,0.0,0.0,0.0,0.005899536709056112,0.1806203143373298
16.59042525291443,-0.0076699042692780495,-0.0475534051656723,-0.003067961661145091,0.8375535607337952,-0.24543693661689758,0.3521271412818949,-0.0027008344255051043,0.20479429835892238,0.35212714128189493,-0.002700834425505105,0.20479429835892235,0.010873690009625632,0.0019961256065495854,0.016133536600893048,0.011491130677833486,7.90333121389603e-19,0.0,0.0,0.0,0.0,0.0,0.005899536709056112,0.1806203143373298
16.61042284965515,-0.00920388475060463,-0.0475534051656723,-0.003067961661145091,0.8375535607337952,-0.24697090685367584,0.3521271412818949,-0.0027008344255051043,0.20479429835892238,0.3521225839618045,-0.0032409871976761136,0.20479429835892235,0.013048371192212024,0.0019764000280627415,0.016149215858972246,0.01150990203194359,1.0698926385248172e-18,0.0,0.0,0.0,0.0,0.0,0.006163980649286282,0.18062031433732986
16.630459785461426,-0.00920388475060463,-0.04601942375302315,-0.003067961661145091,0.8375535607337952,-0.24697090685367584,0.3522800734617449,-0.0027020074236858266,0.2042540085739506,0.3522755141623669,-0.003242394789363599,0.2042540085739505,0.013043262309957745,6.818976072339059e-05,0.015682081583797216,0.011826611544924245,-1.0872783154510642e-19,0.0,0.0,0.0,0.0,0.0,0.005812716888036873,0.18062031433732983
16.65042996406555,-0.00920388475060463,-0.0475534051656723,-0.003067961661145091,0.8375535607337952,-0.24697090685367584,0.35212258396180446,-0.0032409871976761123,0.20479429835892232,0.3521225839618045,-0.0032409871976761136,0.20479429835892235,0.013048371192212024,0.0019764000280627415,0.016149215858972246,0.01150990203194359,1.0698926385248172e-18,0.0,0.0,0.0,0.0,0.0,0.006163980649286282,0.18062031433732986
16.670422792434692,-0.00920388475060463,-0.04601942375302315,-0.003067961661145091,0.8375535607337952,-0.24697090685367584,0.35212258396180446,-0.0032409871976761123,0.20479429835892232,0.3522755141623669,-0.003242394789363599,0.2042540085739505,0.013043262309957745,6.818976072339059e-05,0.015682081583797216,0.011826611544924245,-1.0872783154510642e-19,0.0,0.0,0.0,0.0,0.0,0.005812716888036873,0.18062031433732983
16.69041895866394,-0.0076699042692780495,-0.0475534051656723,-0.003067961661145091,0.8375535607337952,-0.24697090685367584,0.3522800734617449,-0.0027020074236858266,0.2042540085739506,0.35212714128189493,-0.002700834425505104,0.20479429835892235,0.010873690009625629,0.0019961256065495828,0.016133536600893048,0.011491130677833486,-1.772330840670034e-19,0.0,0.0,0.0,0.0,0.0,0.005899536709056111,0.18062031433732978
16.71047353744507,-0.0076699042692780495,-0.04601942375302315,-0.003067961661145091,0.8375535607337952,-0.24697090685367584,0.35245246862671514,-0.002703329704026521,0.2044256172372954,0.352280073461745,-0.0027020074236858275,0.2042540085739505,0.01086943258920814,8.789886745364409e-05,0.01566638973662199,0.011807836458533469,7.878309851656142e-19,0.0,0.0,0.0,0.0,0.0,0.005531380302948952,0.1806203143373299
16.730417013168335,-0.0076699042692780495,-0.0475534051656723,-0.003067961661145091,0.8375535607337952,-0.24697090685367584,0.3521271412818949,-0.0027008344255051043,0.20479429835892238,0.35212714128189493,-0.002700834425505104,0.20479429835892235,0.010873690009625629,0.0019961256065495828,0.016133536600893048,0.011491130677833486,-1.772330840670034e-19,0.0,0.0,0.0,0.0,0.0,0.005899536709056111,0.18062031433732978
16.750420808792114,-0.0076699042692780495,-0.0475534051656723,-0.003067961661145091,0.8375535607337952,-0.24697090685367584,0.3521271412818949,-0.0027008344255051043,0.20479429835892238,0.35212714128189493,-0.002700834425505104,0.20479429835892235,0.010873690009625629,0.0019961256065495828,0.016133536600893048,0.011491130677833486,-1.772330840670034e-19,0.0,0.0,0.0,0.0,0.0,0.005899536709056111,0.18062031433732978
16.770421266555786,-0.00920388475060463,-0.04601942375302315,-0.003067961661145091,0.8375535607337952,-0.24697090685367584,0.3521271412818949,-0.0027008344255051043,0.20479429835892238,0.3522755141623669,-0.003242394789363599,0.2042540085739505,0.013043262309957745,6.818976072339059e-05,0.015682081583797216,0.011826611544924245,-1.0872783154510642e-19,0.0,0.0,0.0,0.0,0.0,0.005812716888036873,0.18062031433732983
16.790422677993774,-0.0076699042692780495,-0.0475534051656723,-0.003067961661145091,0.8375535607337952,-0.24697090685367584,0.3521271412818949,-0.0027008344255051043,0.20479429835892238,0.35212714128189493,-0.002700834425505104,0.20479429835892235,0.010873690009625629,0.0019961256065495828,0.016133536600893048,0.011491130677833486,-1.772330840670034e-19,0.0,0.0,0.0,0.0,0.0,0.005899536709056111,0.18062031433732978
16.810426473617554,-0.0076699042692780495,-0.0475534051656723,-0.003067961661145091,0.8375535607337952,-0.24697090685367584,0.3521271412818949,-0.0027008344255051043,0.20479429835892238,0.35212714128189493,-0.002700834425505104,0.20479429835892235,0.010873690009625629,0.0019961256065495828,0.016133536600893048,0.011491130677833486,-1.772330840670034e-19,0.0,0.0,0.0,0.0,0.0,0.005899536709056111,0.18062031433732978
16.830419778823853,-0.0076699042692780495,-0.0475534051656723,-0.003067961661145091,0.8375535607337952,-0.24697090685367584,0.3521271412818949,-0.0027008344255051043,0.20479429835892238,0.35212714128189493,-0.002700834425505104,0.20479429835892235,0.010873690009625629,0.0019961256065495828,0.016133536600893048,0.011491130677833486,-1.772330840670034e-19,0.0,0.0,0.0,0.0,0.0,0.005899536709056111,0.18062031433732978
16.850423574447632,-0.0076699042692780495,-0.0475534051656723,-0.003067961661145091,0.8375535607337952,-0.24697090685367584,0.3521271412818949,-0.0027008344255051043,0.20479429835892238,0.35212714128189493,-0.002700834425505104,0.20479429835892235,0.010873690009625629,0.0019961256065495828,0.016133536600893048,0.011491130677833486,-1.772330840670034e-19,0.0,0.0,0.0,0.0,0.0,0.005899536709056111,0.18062031433732978
16.87041735649109,-0.00920388475060463,-0.0475534051656723,-0.003067961661145091,0.8375535607337952,-0.24697090685367584,0.3521271412818949,-0.0027008344255051043,0.20479429835892238,0.3521225839618045,-0.0032409871976761136,0.20479429835892235,0.013048371192212024,0.0019764000280627415,0.016149215858972246,0.01150990203194359,1.0698926385248172e-18,0.0,0.0,0.0,0.0,0.0,0.006163980649286282,0.18062031433732986
16.890419244766235,-0.0076699042692780495,-0.0475534051656723,-0.003067961661145091,0.8375535607337952,-0.24697090685367584,0.3521271412818949,-0.0027008344255051043,0.20479429835892238,0.35212714128189493,-0.002700834425505104,0.20479429835892235,0.010873690009625629,0.0019961256065495828,0.016133536600893048,0.011491130677833486,-1.772330840670034e-19,0.0,0.0,0.0,0.0,0.0,0.005899536709056111,0.18062031433732978
16.91047978401184,-0.0076699042692780495,-0.0475534051656723,-0.003067961661145091,0.8375535607337952,-0.24697090685367584,0.35245246862671514,-0.002703329704026521,0.2044256172372954,0.35212714128189493,-0.002700834425505104,0.20479429835892235,0.010873690009625629,0.0019961256065495828,0.016133536600893048,0.011491130677833486,-1.772330840670034e-19,0.0,0.0,0.0,0.0,0.0,0.005899536709056111,0.18062031433732978
16.93047547340393,-0.0076699042692780495,-0.0475534051656723,-0.003067961661145091,0.8375535607337952,-0.24697090685367584,0.3521271412818949,-0.0027008344255051043,0.20479429835892238,0.35212714128189493,-0.002700834425505104,0.20479429835892235,0.010873690009625629,0.0019961256065495828,0.016133536600893048,0.011491130677833486,-1.772330840670034e-19,0.0,0.0,0.0,0.0,0.0,0.005899536709056111,0.18062031433732978
16.950472831726074,-0.0076699042692780495,-0.04601942375302315,-0.003067961661145091,0.8375535607337952,-0.24697090685367584,0.3522800734617449,-0.0027020074236858266,0.2042540085739506,0.352280073461745,-0.0027020074236858275,0.2042540085739505,0.01086943258920814,8.789886745364409e-05,0.01566638973662199,0.011807836458533469,7.878309851656142e-19,0.0,0.0,0.0,0.0,0.0,0.005531380302948952,0.1806203143373299
16.970417737960815,-0.00920388475060463,-0.0475534051656723,-0.003067961661145091,0.8375535607337952,-0.24697090685367584,0.35212258396180446,-0.0032409871976761123,0.20479429835892232,0.3521225839618045,-0.0032409871976761136,0.20479429835892235,0.013048371192212024,0.0019764000280627415,0.016149215858972246,0.01150990203194359,1.0698926385248172e-18,0.0,0.0,0.0,0.0,0.0,0.006163980649286282,0.18062031433732986
16.990418910980225,-0.00920388475060463,-0.0475534051656723,-0.003067961661145091,0.8375535607337952,-0.24697090685367584,0.35212258396180446,-0.0032409871976761123,0.20479429835892232,0.3521225839618045,-0.0032409871976761136,0.20479429835892235,0.013048371192212024,0.0019764000280627415,0.016149215858972246,0.01150990203194359,1.0698926385248172e-18,0.0,0.0,0.0,0.0,0.0,0.006163980649286282,0.18062031433732986
17.010472536087036,-0.0076699042692780495,-0.0475534051656723,-0.003067961661145091,0.8375535607337952,-0.24697090685367584,0.3521271412818949,-0.0027008344255051043,0.20479429835892238,0.35212714128189493,-0.002700834425505104,0.20479429835892235,0.010873690009625629,0.0019961256065495828,0.016133536600893048,0.011491130677833486,-1.772330840670034e-19,0.0,0.0,0.0,0.0,0.0,0.005899536709056111,0.18062031433732978
17.030425310134888,-0.0076699042692780495,-0.04601942375302315,-0.003067961661145091,0.8375535607337952,-0.24697090685367584,0.3522800734617449,-0.0027020074236858266,0.2042540085739506,0.352280073461745,-0.0027020074236858275,0.2042540085739505,0.01086943258920814,8.789886745364409e-05,0.01566638973662199,0.011807836458533469,7.878309851656142e-19,0.0,0.0,0.0,0.0,0.0,0.005531380302948952,0.1806203143373299
17.050421953201294,-0.0076699042692780495,-0.0475534051656723,-0.003067961661145091,0.8375535607337952,-0.24697090685367584,0.3522800734617449,-0.0027020074236858266,0.2042540085739506,0.35212714128189493,-0.002700834425505104,0.20479429835892235,0.010873690009625629,0.0019961256065495828,0.016133536600893048,0.011491130677833486,-1.772330840670034e-19,0.0,0.0,0.0,0.0,0.0,0.005899536709056111,0.18062031433732978
17.070448637008667,-0.00920388475060463,-0.0475534051656723,-0.003067961661145091,0.8375535607337952,-0.24697090685367584,0.3522800734617449,-0.0027020074236858266,0.2042540085739506,0.3521225839618045,-0.0032409871976761136,0.20479429835892235,0.013048371192212024,0.0019764000280627415,0.016149215858972246,0.01150990203194359,1.0698926385248172e-18,0.0,0.0,0.0,0.0,0.0,0.006163980649286282,0.18062031433732986
17.090434312820435,-0.0076699042692780495,-0.0475534051656723,-0.003067961661145091,0.8375535607337952,-0.24697090685367584,0.3521271412818949,-0.0027008344255051043,0.20479429835892238,0.35212714128189493,-0.002700834425505104,0.20479429835892235,0.010873690009625629,0.0019961256065495828,0.016133536600893048,0.011491130677833486,-1.772330840670034e-19,0.0,0.0,0.0,0.0,0.0,0.005899536709056111,0.18062031433732978
17.110419034957886,-0.0076699042692780495,-0.04601942375302315,-0.003067961661145091,0.8375535607337952,-0.24697090685367584,0.3522800734617449,-0.0027020074236858266,0.2042540085739506,0.352280073461745,-0.0027020074236858275,0.2042540085739505,0.01086943258920814,8.789886745364409e-05,0.01566638973662199,0.011807836458533469,7.878309851656142e-19,0.0,0.0,0.0,0.0,0.0,0.005531380302948952,0.1806203143373299
17.130419492721558,-0.0076699042692780495,-0.0475534051656723,-0.003067961661145091,0.8375535607337952,-0.24697090685367584,0.3521271412818949,-0.0027008344255051043,0.20479429835892238,0.35212714128189493,-0.002700834425505104,0.20479429835892235,0.010873690009625629,0.0019961256065495828,0.016133536600893048,0.011491130677833486,-1.772330840670034e-19,0.0,0.0,0.0,0.0,0.0,0.005899536709056111,0.18062031433732978
17.150418519973755,-0.0076699042692780495,-0.0475534051656723,-0.003067961661145091,0.8375535607337952,-0.24697090685367584,0.3521271412818949,-0.0027008344255051043,0.20479429835892238,0.35212714128189493,-0.002700834425505104,0.20479429835892235,0.010873690009625629,0.0019961256065495828,0.016133536600893048,0.011491130677833486,-1.772330840670034e-19,0.0,0.0,0.0,0.0,0.0,0.005899536709056111,0.18062031433732978
17.1704204082489,-0.0076699042692780495,-0.0475534051656723,-0.003067961661145091,0.8375535607337952,-0.24697090685367584,0.3521271412818949,-0.0027008344255051043,0.20479429835892238,0.35212714128189493,-0.002700834425505104,0.20479429835892235,0.010873690009625629,0.0019961256065495828,0.016133536600893048,0.011491130677833486,-1.772330840670034e-19,0.0,0.0,0.0,0.0,0.0,0.005899536709056111,0.18062031433732978
17.19048285484314,-0.0076699042692780495,-0.04601942375302315,-0.003067961661145091,0.8375535607337952,-0.24697090685367584,0.3522800734617449,-0.0027020074236858266,0.2042540085739506,0.352280073461745,-0.0027020074236858275,0.2042540085739505,0.01086943258920814,8.789886745364409e-05,0.01566638973662199,0.011807836458533469,7.878309851656142e-19,0.0,0.0,0.0,0.0,0.0,0.005531380302948952,0.1806203143373299
17.210418701171875,-0.0076699042692780495,-0.04601942375302315,-0.003067961661145091,0.8375535607337952,-0.24697090685367584,0.3522800734617449,-0.0027020074236858266,0.2042540085739506,0.352280073461745,-0.0027020074236858275,0.2042540085739505,0.01086943258920814,8.789886745364409e-05,0.01566638973662199,0.011807836458533469,7.878309851656142e-19,0.0,0.0,0.0,0.0,0.0,0.005531380302948952,0.1806203143373299
17.23048162460327,-0.0076699042692780495,-0.0475534051656723,-0.003067961661145091,0.8375535607337952,-0.24697090685367584,0.3521271412818949,-0.0027008344255051043,0.20479429835892238,0.35212714128189493,-0.002700834425505104,0.20479429835892235,0.010873690009625629,0.0019961256065495828,0.016133536600893048,0.011491130677833486,-1.772330840670034e-19,0.0,0.0,0.0,0.0,0.0,0.005899536709056111,0.18062031433732978
17.250423431396484,-0.0076699042692780495,-0.04601942375302315,-0.003067961661145091,0.8375535607337952,-0.24697090685367584,0.3521271412818949,-0.0027008344255051043,0.20479429835892238,0.352280073461745,-0.0027020074236858275,0.2042540085739505,0.01086943258920814,8.789886745364409e-05,0.01566638973662199,0.011807836458533469,7.878309851656142e-19,0.0,0.0,0.0,0.0,0.0,0.005531380302948952,0.1806203143373299
17.270480394363403,-0.0076699042692780495,-0.04601942375302315,-0.003067961661145091,0.8375535607337952,-0.24697090685367584,0.3521271412818949,-0.0027008344255051043,0.20479429835892238,0.352280073461745,-0.0027020074236858275,0.2042540085739505,0.01086943258920814,8.789886745364409e-05,0.01566638973662199,0.011807836458533469,7.878309851656142e-19,0.0,0.0,0.0,0.0,0.0,0.005531380302948952,0.1806203143373299
17.290419816970825,-0.0076699042692780495,-0.0475534051656723,-0.004601942375302315,0.8375535607337952,-0.24697090685367584,0.3522835141646749,-0.002702033814065413,0.20527256189691673,0.352283514164675,-0.0027020338140654153,0.20527256189691664,0.010869336840830697,0.0024051695420657286,0.017560144727086197,0.012430633365118902,5.899039959794249e-20,0.0,0.0,0.0,0.0,0.0,0.0063494356150323745,0.18058948795133745
17.310424089431763,-0.0076699042692780495,-0.0475534051656723,-0.003067961661145091,0.8375535607337952,-0.24697090685367584,0.3521271412818949,-0.0027008344255051043,0.20479429835892238,0.35212714128189493,-0.002700834425505104,0.20479429835892235,0.010873690009625629,0.0019961256065495828,0.016133536600893048,0.011491130677833486,-1.772330840670034e-19,0.0,0.0,0.0,0.0,0.0,0.005899536709056111,0.18062031433732978
17.33043146133423,-0.0076699042692780495,-0.0475534051656723,-0.003067961661145091,0.8375535607337952,-0.24697090685367584,0.3521271412818949,-0.0027008344255051043,0.20479429835892238,0.35212714128189493,-0.002700834425505104,0.20479429835892235,0.010873690009625629,0.0019961256065495828,0.016133536600893048,0.011491130677833486,-1.772330840670034e-19,0.0,0.0,0.0,0.0,0.0,0.005899536709056111,0.18062031433732978
17.35041570663452,-0.0076699042692780495,-0.04601942375302315,-0.003067961661145091,0.8375535607337952,-0.24697090685367584,0.3521271412818949,-0.0027008344255051043,0.20479429835892238,0.352280073461745,-0.0027020074236858275,0.2042540085739505,0.01086943258920814,8.789886745364409e-05,0.01566638973662199,0.011807836458533469,7.878309851656142e-19,0.0,0.0,0.0,0.0,0.0,0.005531380302948952,0.1806203143373299
17.370418787002563,-0.0076699042692780495,-0.04601942375302315,-0.003067961661145091,0.8375535607337952,-0.24697090685367584,0.3521271412818949,-0.0027008344255051043,0.20479429835892238,0.352280073461745,-0.0027020074236858275,0.2042540085739505,0.01086943258920814,8.789886745364409e-05,0.01566638973662199,0.011807836458533469,7.878309851656142e-19,0.0,0.0,0.0,0.0,0.0,0.005531380302948952,0.1806203143373299
17.39042067527771,-0.0076699042692780495,-0.0475534051656723,-0.003067961661145091,0.8375535607337952,-0.24697090685367584,0.3521271412818949,-0.0027008344255051043,0.20479429835892238,0.35212714128189493,-0.002700834425505104,0.20479429835892235,0.010873690009625629,0.0019961256065495828,0.016133536600893048,0.011491130677833486,-1.772330840670034e-19,0.0,0.0,0.0,0.0,0.0,0.005899536709056111,0.18062031433732978
17.41041922569275,-0.00920388475060463,-0.0475534051656723,-0.003067961661145091,0.8375535607337952,-0.24697090685367584,0.35212258396180446,-0.0032409871976761123,0.20479429835892232,0.3521225839618045,-0.0032409871976761136,0.20479429835892235,0.013048371192212024,0.0019764000280627415,0.016149215858972246,0.01150990203194359,1.0698926385248172e-18,0.0,0.0,0.0,0.0,0.0,0.006163980649286282,0.18062031433732986
17.4304301738739,-0.0076699042692780495,-0.04601942375302315,-0.003067961661145091,0.8375535607337952,-0.24697090685367584,0.3522800734617449,-0.0027020074236858266,0.2042540085739506,0.352280073461745,-0.0027020074236858275,0.2042540085739505,0.01086943258920814,8.789886745364409e-05,0.01566638973662199,0.011807836458533469,7.878309851656142e-19,0.0,0.0,0.0,0.0,0.0,0.005531380302948952,0.1806203143373299
17.45041561126709,-0.0076699042692780495,-0.0475534051656723,-0.003067961661145091,0.8375535607337952,-0.24697090685367584,0.3522800734617449,-0.0027020074236858266,0.2042540085739506,0.35212714128189493,-0.002700834425505104,0.20479429835892235,0.010873690009625629,0.0019961256065495828,0.016133536600893048,0.011491130677833486,-1.772330840670034e-19,0.0,0.0,0.0,0.0,0.0,0.005899536709056111,0.18062031433732978
17.470417261123657,-0.0076699042692780495,-0.0475534051656723,-0.003067961661145091,0.8375535607337952,-0.24697090685367584,0.35212258396180446,-0.0032409871976761123,0.20479429835892232,0.35212714128189493,-0.002700834425505104,0.20479429835892235,0.010873690009625629,0.0019961256065495828,0.016133536600893048,0.011491130677833486,-1.772330840670034e-19,0.0,0.0,0.0,0.0,0.0,0.005899536709056111,0.18062031433732978
17.490490436553955,-0.0076699042692780495,-0.0475534051656723,-0.003067961661145091,0.8375535607337952,-0.24697090685367584,0.3521271412818949,-0.0027008344255051043,0.20479429835892238,0.35212714128189493,-0.002700834425505104,0.20479429835892235,0.010873690009625629,0.0019961256065495828,0.016133536600893048,0.011491130677833486,-1.772330840670034e-19,0.0,0.0,0.0,0.0,0.0,0.005899536709056111,0.18062031433732978
17.510483741760254,-0.0076699042692780495,-0.04601942375302315,-0.003067961661145091,0.8375535607337952,-0.24697090685367584,0.3522800734617449,-0.0027020074236858266,0.2042540085739506,0.352280073461745,-0.0027020074236858275,0.2042540085739505,0.01086943258920814,8.789886745364409e-05,0.01566638973662199,0.011807836458533469,7.878309851656142e-19,0.0,0.0,0.0,0.0,0.0,0.005531380302948952,0.1806203143373299
17.530421257019043,-0.0076699042692780495,-0.0475534051656723,-0.003067961661145091,0.8375535607337952,-0.24697090685367584,0.3522800734617449,-0.0027020074236858266,0.2042540085739506,0.35212714128189493,-0.002700834425505104,0.20479429835892235,0.010873690009625629,0.0019961256065495828,0.016133536600893048,0.011491130677833486,-1.772330840670034e-19,0.0,0.0,0.0,0.0,0.0,0.005899536709056111,0.18062031433732978
17.550477743148804,-0.0076699042692780495,-0.0475534051656723,-0.003067961661145091,0.8375535607337952,-0.24697090685367584,0.3521271412818949,-0.0027008344255051043,0.20479429835892238,0.35212714128189493,-0.002700834425505104,0.20479429835892235,0.010873690009625629,0.0019961256065495828,0.016133536600893048,0.011491130677833486,-1.772330840670034e-19,0.0,0.0,0.0,0.0,0.0,0.005899536709056111,0.18062031433732978
17.57047748565674,-0.00920388475060463,-0.0475534051656723,-0.003067961661145091,0.8375535607337952,-0.24697090685367584,0.35212258396180446,-0.0032409871976761123,0.20479429835892232,0.3521225839618045,-0.0032409871976761136,0.20479429835892235,0.013048371192212024,0.0019764000280627415,0.016149215858972246,0.01150990203194359,1.0698926385248172e-18,0.0,0.0,0.0,0.0,0.0,0.006163980649286282,0.18062031433732986
17.590418100357056,-0.0076699042692780495,-0.0475534051656723,-0.003067961661145091,0.8375535607337952,-0.24697090685367584,0.3521271412818949,-0.0027008344255051043,0.20479429835892238,0.35212714128189493,-0.002700834425505104,0.20479429835892235,0.010873690009625629,0.0019961256065495828,0.016133536600893048,0.011491130677833486,-1.772330840670034e-19,0.0,0.0,0.0,0.0,0.0,0.005899536709056111,0.18062031433732978
17.610424757003784,-0.0076699042692780495,-0.0475534051656723,-0.003067961661145091,0.8375535607337952,-0.24697090685367584,0.3521271412818949,-0.0027008344255051043,0.20479429835892238,0.35212714128189493,-0.002700834425505104,0.20479429835892235,0.010873690009625629,0.0019961256065495828,0.016133536600893048,0.011491130677833486,-1.772330840670034e-19,0.0,0.0,0.0,0.0,0.0,0.005899536709056111,0.18062031433732978
17.630427360534668,-0.0076699042692780495,-0.04601942375302315,-0.003067961661145091,0.8375535607337952,-0.24697090685367584,0.3521271412818949,-0.0027008344255051043,0.20479429835892238,0.352280073461745,-0.0027020074236858275,0.2042540085739505,0.01086943258920814,8.789886745364409e-05,0.01566638973662199,0.011807836458533469,7.878309851656142e-19,0.0,0.0,0.0,0.0,0.0,0.005531380302948952,0.1806203143373299
17.650427103042603,-0.0076699042692780495,-0.04601942375302315,-0.003067961661145091,0.8375535607337952,-0.24697090685367584,0.3521271412818949,-0.0027008344255051043,0.20479429835892238,0.352280073461745,-0.0027020074236858275,0.2042540085739505,0.01086943258920814,8.789886745364409e-05,0.01566638973662199,0.011807836458533469,7.878309851656142e-19,0.0,0.0,0.0,0.0,0.0,0.005531380302948952,0.1806203143373299
17.67041802406311,-0.0076699042692780495,-0.0475534051656723,-0.003067961661145091,0.8375535607337952,-0.24697090685367584,0.3522800734617449,-0.0027020074236858266,0.2042540085739506,0.35212714128189493,-0.002700834425505104,0.20479429835892235,0.010873690009625629,0.0019961256065495828,0.016133536600893048,0.011491130677833486,-1.772330840670034e-19,0.0,0.0,0.0,0.0,0.0,0.005899536709056111,0.18062031433732978
17.69041895866394,-0.0076699042692780495,-0.04601942375302315,-0.003067961661145091,0.8375535607337952,-0.24697090685367584,0.3522800734617449,-0.0027020074236858266,0.2042540085739506,0.352280073461745,-0.0027020074236858275,0.2042540085739505,0.01086943258920814,8.789886745364409e-05,0.01566638973662199,0.011807836458533469,7.878309851656142e-19,0.0,0.0,0.0,0.0,0.0,0.005531380302948952,0.1806203143373299
17.710423707962036,-0.0076699042692780495,-0.0475534051656723,-0.003067961661145091,0.8375535607337952,-0.24697090685367584,0.3522800734617449,-0.0027020074236858266,0.2042540085739506,0.35212714128189493,-0.002700834425505104,0.20479429835892235,0.010873690009625629,0.0019961256065495828,0.016133536600893048,0.011491130677833486,-1.772330840670034e-19,0.0,0.0,0.0,0.0,0.0,0.005899536709056111,0.18062031433732978
17.73043155670166,-0.0076699042692780495,-0.0475534051656723,-0.003067961661145091,0.8375535607337952,-0.24697090685367584,0.3521271412818949,-0.0027008344255051043,0.20479429835892238,0.35212714128189493,-0.002700834425505104,0.20479429835892235,0.010873690009625629,0.0019961256065495828,0.016133536600893048,0.011491130677833486,-1.772330840670034e-19,0.0,0.0,0.0,0.0,0.0,0.005899536709056111,0.18062031433732978
17.750417232513428,-0.0076699042692780495,-0.0475534051656723,-0.003067961661145091,0.8375535607337952,-0.24697090685367584,0.3522800734617449,-0.0027020074236858266,0.2042540085739506,0.35212714128189493,-0.002700834425505104,0.20479429835892235,0.010873690009625629,0.0019961256065495828,0.016133536600893048,0.011491130677833486,-1.772330840670034e-19,0.0,0.0,0.0,0.0,0.0,0.005899536709056111,0.18062031433732978
17.770445585250854,-0.0076699042692780495,-0.04601942375302315,-0.003067961661145091,0.8375535607337952,-0.24697090685367584,0.3522835141646749,-0.002702033814065413,0.20527256189691673,0.352280073461745,-0.0027020074236858275,0.2042540085739505,0.01086943258920814,8.789886745364409e-05,0.01566638973662199,0.011807836458533469,7.878309851656142e-19,0.0,0.0,0.0,0.0,0.0,0.005531380302948952,0.1806203143373299
17.79042100906372,-0.00920388475060463,-0.0475534051656723,-0.003067961661145091,0.8375535607337952,-0.24697090685367584,0.35212258396180446,-0.0032409871976761123,0.20479429835892232,0.3521225839618045,-0.0032409871976761136,0.20479429835892235,0.013048371192212024,0.0019764000280627415,0.016149215858972246,0.01150990203194359,1.0698926385248172e-18,0.0,0.0,0.0,0.0,0.0,0.006163980649286282,0.18062031433732986
17.810476303100586,-0.0076699042692780495,-0.0475534051656723,-0.003067961661145091,0.8375535607337952,-0.24697090685367584,0.3521271412818949,-0.0027008344255051043,0.20479429835892238,0.35212714128189493,-0.002700834425505104,0.20479429835892235,0.010873690009625629,0.0019961256065495828,0.016133536600893048,0.011491130677833486,-1.772330840670034e-19,0.0,0.0,0.0,0.0,0.0,0.005899536709056111,0.18062031433732978
17.830480575561523,-0.0076699042692780495,-0.04601942375302315,-0.003067961661145091,0.8375535607337952,-0.24697090685367584,0.3521271412818949,-0.0027008344255051043,0.20479429835892238,0.352280073461745,-0.0027020074236858275,0.2042540085739505,0.01086943258920814,8.789886745364409e-05,0.01566638973662199,0.011807836458533469,7.878309851656142e-19,0.0,0.0,0.0,0.0,0.0,0.005531380302948952,0.1806203143373299
17.850422859191895,-0.0076699042692780495,-0.0475534051656723,-0.003067961661145091,0.8375535607337952,-0.24697090685367584,0.3521271412818949,-0.0027008344255051043,0.20479429835892238,0.35212714128189493,-0.002700834425505104,0.20479429835892235,0.010873690009625629,0.0019961256065495828,0.016133536600893048,0.011491130677833486,-1.772330840670034e-19,0.0,0.0,0.0,0.0,0.0,0.005899536709056111,0.18062031433732978
17.87042808532715,-0.0076699042692780495,-0.04601942375302315,-0.003067961661145091,0.8360195755958557,-0.24697090685367584,0.3521271412818949,-0.0027008344255051043,0.20479429835892238,0.35245246862671503,-0.0027033297040265215,0.20442561723729538,0.010864637101045675,-0.000278330070260453,0.016581767022461467,0.012621555368715382,-1.7486714198902143e-18,0.0,0.0,0.0,0.0,0.0,0.005736608909864752,0.1805419419260627
17.89042067527771,-0.0076699042692780495,-0.0475534051656723,-0.003067961661145091,0.8375535607337952,-0.24697090685367584,0.3521271412818949,-0.0027008344255051043,0.20479429835892238,0.35212714128189493,-0.002700834425505104,0.20479429835892235,0.010873690009625629,0.0019961256065495828,0.016133536600893048,0.011491130677833486,-1.772330840670034e-19,0.0,0.0,0.0,0.0,0.0,0.005899536709056111,0.18062031433732978
17.910425901412964,-0.00920388475060463,-0.0475534051656723,-0.003067961661145091,0.8375535607337952,-0.24697090685367584,0.35212258396180446,-0.0032409871976761123,0.20479429835892232,0.3521225839618045,-0.0032409871976761136,0.20479429835892235,0.013048371192212024,0.0019764000280627415,0.016149215858972246,0.01150990203194359,1.0698926385248172e-18,0.0,0.0,0.0,0.0,0.0,0.006163980649286282,0.18062031433732986
17.9304256439209,-0.0076699042692780495,-0.0475534051656723,-0.003067961661145091,0.8375535607337952,-0.24697090685367584,0.35212258396180446,-0.0032409871976761123,0.20479429835892232,0.35212714128189493,-0.002700834425505104,0.20479429835892235,0.010873690009625629,0.0019961256065495828,0.016133536600893048,0.011491130677833486,-1.772330840670034e-19,0.0,0.0,0.0,0.0,0.0,0.005899536709056111,0.18062031433732978
17.950427293777466,-0.0076699042692780495,-0.0475534051656723,-0.003067961661145091,0.8375535607337952,-0.24697090685367584,0.3521271412818949,-0.0027008344255051043,0.20479429835892238,0.35212714128189493,-0.002700834425505104,0.20479429835892235,0.010873690009625629,0.0019961256065495828,0.016133536600893048,0.011491130677833486,-1.772330840670034e-19,0.0,0.0,0.0,0.0,0.0,0.005899536709056111,0.18062031433732978
17.97042179107666,-0.0076699042692780495,-0.0475534051656723,-0.003067961661145091,0.8375535607337952,-0.24697090685367584,0.3522800734617449,-0.0027020074236858266,0.2042540085739506,0.35212714128189493,-0.002700834425505104,0.20479429835892235,0.010873690009625629,0.0019961256065495828,0.016133536600893048,0.011491130677833486,-1.772330840670034e-19,0.0,0.0,0.0,0.0,0.0,0.005899536709056111,0.18062031433732978
17.990426778793335,-0.0076699042692780495,-0.04601942375302315,-0.003067961661145091,0.8375535607337952,-0.24697090685367584,0.3521271412818949,-0.0027008344255051043,0.20479429835892238,0.352280073461745,-0.0027020074236858275,0.2042540085739505,0.01086943258920814,8.789886745364409e-05,0.01566638973662199,0.011807836458533469,7.878309851656142e-19,0.0,0.0,0.0,0.0,0.0,0.005531380302948952,0.1806203143373299
18.010425329208374,-0.0076699042692780495,-0.0475534051656723,-0.003067961661145091,0.8375535607337952,-0.24697090685367584,0.3521271412818949,-0.0027008344255051043,0.20479429835892238,0.35212714128189493,-0.002700834425505104,0.20479429835892235,0.010873690009625629,0.0019961256065495828,0.016133536600893048,0.011491130677833486,-1.772330840670034e-19,0.0,0.0,0.0,0.0,0.0,0.005899536709056111,0.18062031433732978
18.030425786972046,-0.0076699042692780495,-0.0475534051656723,-0.003067961661145091,0.8375535607337952,-0.24697090685367584,0.3521271412818949,-0.0027008344255051043,0.20479429835892238,0.35212714128189493,-0.002700834425505104,0.20479429835892235,0.010873690009625629,0.0019961256065495828,0.016133536600893048,0.011491130677833486,-1.772330840670034e-19,0.0,0.0,0.0,0.0,0.0,0.005899536709056111,0.18062031433732978
18.050480604171753,-0.0076699042692780495,-0.0475534051656723,-0.003067961661145091,0.8375535607337952,-0.24697090685367584,0.35227551416236685,-0.003242394789363599,0.2042540085739506,0.35212714128189493,-0.002700834425505104,0.20479429835892235,0.010873690009625629,0.0019961256065495828,0.016133536600893048,0.011491130677833486,-1.772330840670034e-19,0.0,0.0,0.0,0.0,0.0,0.005899536709056111,0.18062031433732978
18.07043719291687,-0.0076699042692780495,-0.04601942375302315,-0.003067961661145091,0.8375535607337952,-0.24697090685367584,0.3521271412818949,-0.0027008344255051043,0.20479429835892238,0.352280073461745,-0.0027020074236858275,0.2042540085739505,0.01086943258920814,8.789886745364409e-05,0.01566638973662199,0.011807836458533469,7.878309851656142e-19,0.0,0.0,0.0,0.0,0.0,0.005531380302948952,0.1806203143373299
18.090421199798584,-0.0076699042692780495,-0.0475534051656723,-0.003067961661145091,0.8375535607337952,-0.24697090685367584,0.3521271412818949,-0.0027008344255051043,0.20479429835892238,0.35212714128189493,-0.002700834425505104,0.20479429835892235,0.010873690009625629,0.0019961256065495828,0.016133536600893048,0.011491130677833486,-1.772330840670034e-19,0.0,0.0,0.0,0.0,0.0,0.005899536709056111,0.18062031433732978
18.110418558120728,-0.00920388475060463,-0.0475534051656723,-0.003067961661145091,0.8375535607337952,-0.24697090685367584,0.35212258396180446,-0.0032409871976761123,0.20479429835892232,0.3521225839618045,-0.0032409871976761136,0.20479429835892235,0.013048371192212024,0.0019764000280627415,0.016149215858972246,0.01150990203194359,1.0698926385248172e-18,0.0,0.0,0.0,0.0,0.0,0.006163980649286282,0.18062031433732986
18.13047742843628,-0.0076699042692780495,-0.0475534051656723,-0.003067961661145091,0.8375535607337952,-0.24697090685367584,0.35212258396180446,-0.0032409871976761123,0.20479429835892232,0.35212714128189493,-0.002700834425505104,0.20479429835892235,0.010873690009625629,0.0019961256065495828,0.016133536600893048,0.011491130677833486,-1.772330840670034e-19,0.0,0.0,0.0,0.0,0.0,0.005899536709056111,0.18062031433732978
18.15041470527649,-0.0076699042692780495,-0.0475534051656723,-0.003067961661145091,0.8375535607337952,-0.24697090685367584,0.3521271412818949,-0.0027008344255051043,0.20479429835892238,0.35212714128189493,-0.002700834425505104,0.20479429835892235,0.010873690009625629,0.0019961256065495828,0.016133536600893048,0.011491130677833486,-1.772330840670034e-19,0.0,0.0,0.0,0.0,0.0,0.005899536709056111,0.18062031433732978
18.170419931411743,-0.0076699042692780495,-0.0475534051656723,-0.003067961661145091,0.8375535607337952,-0.24697090685367584,0.3521271412818949,-0.0027008344255051043,0.20479429835892238,0.35212714128189493,-0.002700834425505104,0.20479429835892235,0.010873690009625629,0.0019961256065495828,0.016133536600893048,0.011491130677833486,-1.772330840670034e-19,0.0,0.0,0.0,0.0,0.0,0.005899536709056111,0.18062031433732978
18.19041919708252,-0.0076699042692780495,-0.0475534051656723,-0.003067961661145091,0.8375535607337952,-0.24697090685367584,0.3521271412818949,-0.0027008344255051043,0.20479429835892238,0.35212714128189493,-0.002700834425505104,0.20479429835892235,0.010873690009625629,0.0019961256065495828,0.016133536600893048,0.011491130677833486,-1.772330840670034e-19,0.0,0.0,0.0,0.0,0.0,0.005899536709056111,0.18062031433732978
18.210418462753296,-0.0076699042692780495,-0.0475534051656723,-0.003067961661145091,0.8375535607337952,-0.24697090685367584,0.3521271412818949,-0.0027008344255051043,0.20479429835892238,0.35212714128189493,-0.002700834425505104,0.20479429835892235,0.010873690009625629,0.0019961256065495828,0.016133536600893048,0.011491130677833486,-1.772330840670034e-19,0.0,0.0,0.0,0.0,0.0,0.005899536709056111,0.18062031433732978
18.23042392730713,-0.0076699042692780495,-0.0475534051656723,-0.003067961661145091,0.8375535607337952,-0.24697090685367584,0.3521271412818949,-0.0027008344255051043,0.20479429835892238,0.35212714128189493,-0.002700834425505104,0.20479429835892235,0.010873690009625629,0.0019961256065495828,0.016133536600893048,0.011491130677833486,-1.772330840670034e-19,0.0,0.0,0.0,0.0,0.0,0.005899536709056111,0.18062031433732978
18.250442266464233,-0.0076699042692780495,-0.04601942375302315,-0.003067961661145091,0.8375535607337952,-0.24697090685367584,0.3522800734617449,-0.0027020074236858266,0.2042540085739506,0.352280073461745,-0.0027020074236858275,0.2042540085739505,0.01086943258920814,8.789886745364409e-05,0.01566638973662199,0.011807836458533469,7.878309851656142e-19,0.0,0.0,0.0,0.0,0.0,0.005531380302948952,0.1806203143373299
18.270440101623535,-0.0076699042692780495,-0.0475534051656723,-0.003067961661145091,0.8375535607337952,-0.24697090685367584,0.3522800734617449,-0.0027020074236858266,0.2042540085739506,0.35212714128189493,-0.002700834425505104,0.20479429835892235,0.010873690009625629,0.0019961256065495828,0.016133536600893048,0.011491130677833486,-1.772330840670034e-19,0.0,0.0,0.0,0.0,0.0,0.005899536709056111,0.18062031433732978
18.290457248687744,-0.0076699042692780495,-0.0475534051656723,-0.003067961661145091,0.8375535607337952,-0.24697090685367584,0.3521271412818949,-0.0027008344255051043,0.20479429835892238,0.35212714128189493,-0.002700834425505104,0.20479429835892235,0.010873690009625629,0.0019961256065495828,0.016133536600893048,0.011491130677833486,-1.772330840670034e-19,0.0,0.0,0.0,0.0,0.0,0.005899536709056111,0.18062031433732978
18.310509204864502,-0.0076699042692780495,-0.04601942375302315,-0.003067961661145091,0.8375535607337952,-0.24697090685367584,0.35212258396180446,-0.0032409871976761123,0.20479429835892232,0.352280073461745,-0.0027020074236858275,0.2042540085739505,0.01086943258920814,8.789886745364409e-05,0.01566638973662199,0.011807836458533469,7.878309851656142e-19,0.0,0.0,0.0,0.0,0.0,0.005531380302948952,0.1806203143373299
18.33045506477356,-0.0076699042692780495,-0.0475534051656723,-0.003067961661145091,0.8375535607337952,-0.24697090685367584,0.3521271412818949,-0.0027008344255051043,0.20479429835892238,0.35212714128189493,-0.002700834425505104,0.20479429835892235,0.010873690009625629,0.0019961256065495828,0.016133536600893048,0.011491130677833486,-1.772330840670034e-19,0.0,0.0,0.0,0.0,0.0,0.005899536709056111,0.18062031433732978
18.350525379180908,-0.0076699042692780495,-0.04601942375302315,-0.003067961661145091,0.8375535607337952,-0.24697090685367584,0.3521271412818949,-0.0027008344255051043,0.20479429835892238,0.352280073461745,-0.0027020074236858275,0.2042540085739505,0.01086943258920814,8.789886745364409e-05,0.01566638973662199,0.011807836458533469,7.878309851656142e-19,0.0,0.0,0.0,0.0,0.0,0.005531380302948952,0.1806203143373299
18.370471954345703,-0.0076699042692780495,-0.0475534051656723,-0.003067961661145091,0.8375535607337952,-0.24697090685367584,0.3521271412818949,-0.0027008344255051043,0.20479429835892238,0.35212714128189493,-0.002700834425505104,0.20479429835892235,0.010873690009625629,0.0019961256065495828,0.016133536600893048,0.011491130677833486,-1.772330840670034e-19,0.0,0.0,0.0,0.0,0.0,0.005899536709056111,0.18062031433732978
18.3905086517334,-0.0076699042692780495,-0.0475534051656723,-0.003067961661145091,0.8375535607337952,-0.24697090685367584,0.3521271412818949,-0.0027008344255051043,0.20479429835892238,0.35212714128189493,-0.002700834425505104,0.20479429835892235,0.010873690009625629,0.0019961256065495828,0.016133536600893048,0.011491130677833486,-1.772330840670034e-19,0.0,0.0,0.0,0.0,0.0,0.005899536709056111,0.18062031433732978
18.410462856292725,-0.0076699042692780495,-0.0475534051656723,-0.003067961661145091,0.8375535607337952,-0.24697090685367584,0.3521271412818949,-0.0027008344255051043,0.20479429835892238,0.35212714128189493,-0.002700834425505104,0.20479429835892235,0.010873690009625629,0.0019961256065495828,0.016133536600893048,0.011491130677833486,-1.772330840670034e-19,0.0,0.0,0.0,0.0,0.0,0.005899536709056111,0.18062031433732978
18.430492877960205,-0.0076699042692780495,-0.0475534051656723,-0.003067961661145091,0.8375535607337952,-0.24697090685367584,0.3521271412818949,-0.0027008344255051043,0.20479429835892238,0.35212714128189493,-0.002700834425505104,0.20479429835892235,0.010873690009625629,0.0019961256065495828,0.016133536600893048,0.011491130677833486,-1.772330840670034e-19,0.0,0.0,0.0,0.0,0.0,0.005899536709056111,0.18062031433732978
18.450472116470337,-0.0076699042692780495,-0.0475534051656723,-0.003067961661145091,0.8375535607337952,-0.24697090685367584,0.3521271412818949,-0.0027008344255051043,0.20479429835892238,0.35212714128189493,-0.002700834425505104,0.20479429835892235,0.010873690009625629,0.0019961256065495828,0.016133536600893048,0.011491130677833486,-1.772330840670034e-19,0.0,0.0,0.0,0.0,0.0,0.005899536709056111,0.18062031433732978
18.470484972000122,-0.0076699042692780495,-0.0475534051656723,-0.003067961661145091,0.8375535607337952,-0.24697090685367584,0.3521271412818949,-0.0027008344255051043,0.20479429835892238,0.35212714128189493,-0.002700834425505104,0.20479429835892235,0.010873690009625629,0.0019961256065495828,0.016133536600893048,0.011491130677833486,-1.772330840670034e-19,0.0,0.0,0.0,0.0,0.0,0.005899536709056111,0.18062031433732978
18.490506887435913,-0.0076699042692780495,-0.0475534051656723,-0.003067961661145091,0.8375535607337952,-0.24697090685367584,0.3521271412818949,-0.0027008344255051043,0.20479429835892238,0.35212714128189493,-0.002700834425505104,0.20479429835892235,0.010873690009625629,0.0019961256065495828,0.016133536600893048,0.011491130677833486,-1.772330840670034e-19,0.0,0.0,0.0,0.0,0.0,0.005899536709056111,0.18062031433732978
18.510501861572266,-0.0076699042692780495,-0.0475534051656723,-0.003067961661145091,0.8375535607337952,-0.24697090685367584,0.3521271412818949,-0.0027008344255051043,0.20479429835892238,0.35212714128189493,-0.002700834425505104,0.20479429835892235,0.010873690009625629,0.0019961256065495828,0.016133536600893048,0.011491130677833486,-1.772330840670034e-19,0.0,0.0,0.0,0.0,0.0,0.005899536709056111,0.18062031433732978
18.5305495262146,-0.0076699042692780495,-0.0475534051656723,-0.003067961661145091,0.8375535607337952,-0.24697090685367584,0.3521271412818949,-0.0027008344255051043,0.20479429835892238,0.35212714128189493,-0.002700834425505104,0.20479429835892235,0.010873690009625629,0.0019961256065495828,0.016133536600893048,0.011491130677833486,-1.772330840670034e-19,0.0,0.0,0.0,0.0,0.0,0.005899536709056111,0.18062031433732978
18.55048966407776,-0.0076699042692780495,-0.0475534051656723,-0.003067961661145091,0.8375535607337952,-0.24697090685367584,0.35227551416236685,-0.003242394789363599,0.2042540085739506,0.35212714128189493,-0.002700834425505104,0.20479429835892235,0.010873690009625629,0.0019961256065495828,0.016133536600893048,0.011491130677833486,-1.772330840670034e-19,0.0,0.0,0.0,0.0,0.0,0.005899536709056111,0.18062031433732978
18.570444583892822,-0.0076699042692780495,-0.0475534051656723,-0.003067961661145091,0.8375535607337952,-0.24697090685367584,0.3521271412818949,-0.0027008344255051043,0.20479429835892238,0.35212714128189493,-0.002700834425505104,0.20479429835892235,0.010873690009625629,0.0019961256065495828,0.016133536600893048,0.011491130677833486,-1.772330840670034e-19,0.0,0.0,0.0,0.0,0.0,0.005899536709056111,0.18062031433732978
18.59063744544983,-0.0076699042692780495,-0.0475534051656723,-0.003067961661145091,0.8375535607337952,-0.24697090685367584,0.3521271412818949,-0.0027008344255051043,0.20479429835892238,0.35212714128189493,-0.002700834425505104,0.20479429835892235,0.010873690009625629,0.0019961256065495828,0.016133536600893048,0.011491130677833486,-1.772330840670034e-19,0.0,0.0,0.0,0.0,0.0,0.005899536709056111,0.18062031433732978
18.61052632331848,-0.0076699042692780495,-0.04601942375302315,-0.003067961661145091,0.8375535607337952,-0.24697090685367584,0.3521271412818949,-0.0027008344255051043,0.20479429835892238,0.352280073461745,-0.0027020074236858275,0.2042540085739505,0.01086943258920814,8.789886745364409e-05,0.01566638973662199,0.011807836458533469,7.878309851656142e-19,0.0,0.0,0.0,0.0,0.0,0.005531380302948952,0.1806203143373299
18.630507946014404,-0.0076699042692780495,-0.04601942375302315,-0.003067961661145091,0.8375535607337952,-0.24697090685367584,0.3522800734617449,-0.0027020074236858266,0.2042540085739506,0.352280073461745,-0.0027020074236858275,0.2042540085739505,0.01086943258920814,8.789886745364409e-05,0.01566638973662199,0.011807836458533469,7.878309851656142e-19,0.0,0.0,0.0,0.0,0.0,0.005531380302948952,0.1806203143373299
18.650432109832764,-0.0076699042692780495,-0.0475534051656723,-0.003067961661145091,0.8375535607337952,-0.24697090685367584,0.3521271412818949,-0.0027008344255051043,0.20479429835892238,0.35212714128189493,-0.002700834425505104,0.20479429835892235,0.010873690009625629,0.0019961256065495828,0.016133536600893048,0.011491130677833486,-1.772330840670034e-19,0.0,0.0,0.0,0.0,0.0,0.005899536709056111,0.18062031433732978
18.67045497894287,-0.0076699042692780495,-0.04601942375302315,-0.003067961661145091,0.8375535607337952,-0.24697090685367584,0.3521271412818949,-0.0027008344255051043,0.20479429835892238,0.352280073461745,-0.0027020074236858275,0.2042540085739505,0.01086943258920814,8.789886745364409e-05,0.01566638973662199,0.011807836458533469,7.878309851656142e-19,0.0,0.0,0.0,0.0,0.0,0.005531380302948952,0.1806203143373299
18.6904935836792,-0.0076699042692780495,-0.04601942375302315,-0.003067961661145091,0.8375535607337952,-0.24697090685367584,0.3521271412818949,-0.0027008344255051043,0.20479429835892238,0.352280073461745,-0.0027020074236858275,0.2042540085739505,0.01086943258920814,8.789886745364409e-05,0.01566638973662199,0.011807836458533469,7.878309851656142e-19,0.0,0.0,0.0,0.0,0.0,0.005531380302948952,0.1806203143373299
18.7104754447937,-0.0076699042692780495,-0.0475534051656723,-0.003067961661145091,0.8375535607337952,-0.24697090685367584,0.3522800734617449,-0.0027020074236858266,0.2042540085739506,0.35212714128189493,-0.002700834425505104,0.20479429835892235,0.010873690009625629,0.0019961256065495828,0.016133536600893048,0.011491130677833486,-1.772330840670034e-19,0.0,0.0,0.0,0.0,0.0,0.005899536709056111,0.18062031433732978
18.7304744720459,-0.0076699042692780495,-0.0475534051656723,-0.003067961661145091,0.8375535607337952,-0.24697090685367584,0.3521271412818949,-0.0027008344255051043,0.20479429835892238,0.35212714128189493,-0.002700834425505104,0.20479429835892235,0.010873690009625629,0.0019961256065495828,0.016133536600893048,0.011491130677833486,-1.772330840670034e-19,0.0,0.0,0.0,0.0,0.0,0.005899536709056111,0.18062031433732978
18.750455379486084,-0.0076699042692780495,-0.0475534051656723,-0.003067961661145091,0.8375535607337952,-0.24697090685367584,0.3521271412818949,-0.0027008344255051043,0.20479429835892238,0.35212714128189493,-0.002700834425505104,0.20479429835892235,0.010873690009625629,0.0019961256065495828,0.016133536600893048,0.011491130677833486,-1.772330840670034e-19,0.0,0.0,0.0,0.0,0.0,0.005899536709056111,0.18062031433732978
18.770456075668335,-0.0076699042692780495,-0.04601942375302315,-0.003067961661145091,0.8375535607337952,-0.24697090685367584,0.3521271412818949,-0.0027008344255051043,0.20479429835892238,0.352280073461745,-0.0027020074236858275,0.2042540085739505,0.01086943258920814,8.789886745364409e-05,0.01566638973662199,0.011807836458533469,7.878309851656142e-19,0.0,0.0,0.0,0.0,0.0,0.005531380302948952,0.1806203143373299
18.79053235054016,-0.0076699042692780495,-0.0475534051656723,-0.003067961661145091,0.8375535607337952,-0.24697090685367584,0.3521271412818949,-0.0027008344255051043,0.20479429835892238,0.35212714128189493,-0.002700834425505104,0.20479429835892235,0.010873690009625629,0.0019961256065495828,0.016133536600893048,0.011491130677833486,-1.772330840670034e-19,0.0,0.0,0.0,0.0,0.0,0.005899536709056111,0.18062031433732978
18.810462474822998,-0.0076699042692780495,-0.0475534051656723,-0.003067961661145091,0.8375535607337952,-0.24697090685367584,0.3521271412818949,-0.0027008344255051043,0.20479429835892238,0.35212714128189493,-0.002700834425505104,0.20479429835892235,0.010873690009625629,0.0019961256065495828,0.016133536600893048,0.011491130677833486,-1.772330840670034e-19,0.0,0.0,0.0,0.0,0.0,0.005899536709056111,0.18062031433732978
18.830477237701416,-0.00920388475060463,-0.0475534051656723,-0.003067961661145091,0.8375535607337952,-0.24697090685367584,0.35212258396180446,-0.0032409871976761123,0.20479429835892232,0.3521225839618045,-0.0032409871976761136,0.20479429835892235,0.013048371192212024,0.0019764000280627415,0.016149215858972246,0.01150990203194359,1.0698926385248172e-18,0.0,0.0,0.0,0.0,0.0,0.006163980649286282,0.18062031433732986
18.85044026374817,-0.0076699042692780495,-0.0475534051656723,-0.003067961661145091,0.8375535607337952,-0.24697090685367584,0.3521271412818949,-0.0027008344255051043,0.20479429835892238,0.35212714128189493,-0.002700834425505104,0.20479429835892235,0.010873690009625629,0.0019961256065495828,0.016133536600893048,0.011491130677833486,-1.772330840670034e-19,0.0,0.0,0.0,0.0,0.0,0.005899536709056111,0.18062031433732978
18.870434522628784,-0.0076699042692780495,-0.0475534051656723,-0.003067961661145091,0.8375535607337952,-0.24697090685367584,0.3521271412818949,-0.0027008344255051043,0.20479429835892238,0.35212714128189493,-0.002700834425505104,0.20479429835892235,0.010873690009625629,0.0019961256065495828,0.016133536600893048,0.011491130677833486,-1.772330840670034e-19,0.0,0.0,0.0,0.0,0.0,0.005899536709056111,0.18062031433732978
18.89043426513672,-0.0076699042692780495,-0.0475534051656723,-0.003067961661145091,0.8375535607337952,-0.24697090685367584,0.3521271412818949,-0.0027008344255051043,0.20479429835892238,0.35212714128189493,-0.002700834425505104,0.20479429835892235,0.010873690009625629,0.0019961256065495828,0.016133536600893048,0.011491130677833486,-1.772330840670034e-19,0.0,0.0,0.0,0.0,0.0,0.005899536709056111,0.18062031433732978
18.910491943359375,-0.0076699042692780495,-0.0475534051656723,-0.003067961661145091,0.8375535607337952,-0.24697090685367584,0.3521271412818949,-0.0027008344255051043,0.20479429835892238,0.35212714128189493,-0.002700834425505104,0.20479429835892235,0.010873690009625629,0.0019961256065495828,0.016133536600893048,0.011491130677833486,-1.772330840670034e-19,0.0,0.0,0.0,0.0,0.0,0.005899536709056111,0.18062031433732978
18.93048644065857,-0.0076699042692780495,-0.04601942375302315,-0.003067961661145091,0.8375535607337952,-0.24697090685367584,0.3522800734617449,-0.0027020074236858266,0.2042540085739506,0.352280073461745,-0.0027020074236858275,0.2042540085739505,0.01086943258920814,8.789886745364409e-05,0.01566638973662199,0.011807836458533469,7.878309851656142e-19,0.0,0.0,0.0,0.0,0.0,0.005531380302948952,0.1806203143373299
18.95049500465393,-0.0076699042692780495,-0.0475534051656723,-0.003067961661145091,0.8375535607337952,-0.24697090685367584,0.3521271412818949,-0.0027008344255051043,0.20479429835892238,0.35212714128189493,-0.002700834425505104,0.20479429835892235,0.010873690009625629,0.0019961256065495828,0.016133536600893048,0.011491130677833486,-1.772330840670034e-19,0.0,0.0,0.0,0.0,0.0,0.005899536709056111,0.18062031433732978
18.970425844192505,-0.0076699042692780495,-0.0475534051656723,-0.003067961661145091,0.8375535607337952,-0.24697090685367584,0.3521271412818949,-0.0027008344255051043,0.20479429835892238,0.35212714128189493,-0.002700834425505104,0.20479429835892235,0.010873690009625629,0.0019961256065495828,0.016133536600893048,0.011491130677833486,-1.772330840670034e-19,0.0,0.0,0.0,0.0,0.0,0.005899536709056111,0.18062031433732978
18.99042797088623,-0.0076699042692780495,-0.0475534051656723,-0.003067961661145091,0.8375535607337952,-0.24697090685367584,0.3521271412818949,-0.0027008344255051043,0.20479429835892238,0.35212714128189493,-0.002700834425505104,0.20479429835892235,0.010873690009625629,0.0019961256065495828,0.016133536600893048,0.011491130677833486,-1.772330840670034e-19,0.0,0.0,0.0,0.0,0.0,0.005899536709056111,0.18062031433732978
19.010425567626953,-0.0076699042692780495,-0.0475534051656723,-0.003067961661145091,0.8375535607337952,-0.24697090685367584,0.3521271412818949,-0.0027008344255051043,0.20479429835892238,0.35212714128189493,-0.002700834425505104,0.20479429835892235,0.010873690009625629,0.0019961256065495828,0.016133536600893048,0.011491130677833486,-1.772330840670034e-19,0.0,0.0,0.0,0.0,0.0,0.005899536709056111,0.18062031433732978
19.03043270111084,-0.0076699042692780495,-0.0475534051656723,-0.003067961661145091,0.8375535607337952,-0.24697090685367584,0.3522800734617449,-0.0027020074236858266,0.2042540085739506,0.35212714128189493,-0.002700834425505104,0.20479429835892235,0.010873690009625629,0.0019961256065495828,0.016133536600893048,0.011491130677833486,-1.772330840670034e-19,0.0,0.0,0.0,0.0,0.0,0.005899536709056111,0.18062031433732978
19.05043053627014,-0.0076699042692780495,-0.0475534051656723,-0.003067961661145091,0.8375535607337952,-0.24697090685367584,0.3521271412818949,-0.0027008344255051043,0.20479429835892238,0.35212714128189493,-0.002700834425505104,0.20479429835892235,0.010873690009625629,0.0019961256065495828,0.016133536600893048,0.011491130677833486,-1.772330840670034e-19,0.0,0.0,0.0,0.0,0.0,0.005899536709056111,0.18062031433732978
19.070457220077515,-0.0076699042692780495,-0.0475534051656723,-0.003067961661145091,0.8375535607337952,-0.24697090685367584,0.3521271412818949,-0.0027008344255051043,0.20479429835892238,0.35212714128189493,-0.002700834425505104,0.20479429835892235,0.010873690009625629,0.0019961256065495828,0.016133536600893048,0.011491130677833486,-1.772330840670034e-19,0.0,0.0,0.0,0.0,0.0,0.005899536709056111,0.18062031433732978
19.090428352355957,-0.0076699042692780495,-0.04601942375302315,-0.003067961661145091,0.8375535607337952,-0.24697090685367584,0.3521271412818949,-0.0027008344255051043,0.20479429835892238,0.352280073461745,-0.0027020074236858275,0.2042540085739505,0.01086943258920814,8.789886745364409e-05,0.01566638973662199,0.011807836458533469,7.878309851656142e-19,0.0,0.0,0.0,0.0,0.0,0.005531380302948952,0.1806203143373299
19.110421895980835,-0.00920388475060463,-0.0475534051656723,-0.003067961661145091,0.8375535607337952,-0.24697090685367584,0.3522800734617449,-0.0027020074236858266,0.2042540085739506,0.3521225839618045,-0.0032409871976761136,0.20479429835892235,0.013048371192212024,0.0019764000280627415,0.016149215858972246,0.01150990203194359,1.0698926385248172e-18,0.0,0.0,0.0,0.0,0.0,0.006163980649286282,0.18062031433732986
19.130435466766357,-0.0076699042692780495,-0.0475534051656723,-0.003067961661145091,0.8375535607337952,-0.24697090685367584,0.3521271412818949,-0.0027008344255051043,0.20479429835892238,0.35212714128189493,-0.002700834425505104,0.20479429835892235,0.010873690009625629,0.0019961256065495828,0.016133536600893048,0.011491130677833486,-1.772330840670034e-19,0.0,0.0,0.0,0.0,0.0,0.005899536709056111,0.18062031433732978
19.150434017181396,-0.00920388475060463,-0.04601942375302315,-0.003067961661145091,0.8375535607337952,-0.24697090685367584,0.3521271412818949,-0.0027008344255051043,0.20479429835892238,0.3522755141623669,-0.003242394789363599,0.2042540085739505,0.013043262309957745,6.818976072339059e-05,0.015682081583797216,0.011826611544924245,-1.0872783154510642e-19,0.0,0.0,0.0,0.0,0.0,0.005812716888036873,0.18062031433732983
19.170420169830322,-0.0076699042692780495,-0.04601942375302315,-0.003067961661145091,0.8375535607337952,-0.24697090685367584,0.3522800734617449,-0.0027020074236858266,0.2042540085739506,0.352280073461745,-0.0027020074236858275,0.2042540085739505,0.01086943258920814,8.789886745364409e-05,0.01566638973662199,0.011807836458533469,7.878309851656142e-19,0.0,0.0,0.0,0.0,0.0,0.005531380302948952,0.1806203143373299
19.190420866012573,-0.0076699042692780495,-0.04601942375302315,-0.003067961661145091,0.8375535607337952,-0.24697090685367584,0.3522800734617449,-0.0027020074236858266,0.2042540085739506,0.352280073461745,-0.0027020074236858275,0.2042540085739505,0.01086943258920814,8.789886745364409e-05,0.01566638973662199,0.011807836458533469,7.878309851656142e-19,0.0,0.0,0.0,0.0,0.0,0.005531380302948952,0.1806203143373299
19.210432767868042,-0.0076699042692780495,-0.0475534051656723,-0.003067961661145091,0.8375535607337952,-0.24697090685367584,0.3522800734617449,-0.0027020074236858266,0.2042540085739506,0.35212714128189493,-0.002700834425505104,0.20479429835892235,0.010873690009625629,0.0019961256065495828,0.016133536600893048,0.011491130677833486,-1.772330840670034e-19,0.0,0.0,0.0,0.0,0.0,0.005899536709056111,0.18062031433732978
19.23043203353882,-0.0076699042692780495,-0.0475534051656723,-0.003067961661145091,0.8375535607337952,-0.24697090685367584,0.3522800734617449,-0.0027020074236858266,0.2042540085739506,0.35212714128189493,-0.002700834425505104,0.20479429835892235,0.010873690009625629,0.0019961256065495828,0.016133536600893048,0.011491130677833486,-1.772330840670034e-19,0.0,0.0,0.0,0.0,0.0,0.005899536709056111,0.18062031433732978
19.250441551208496,-0.0076699042692780495,-0.0475534051656723,-0.003067961661145091,0.8375535607337952,-0.24697090685367584,0.3521271412818949,-0.0027008344255051043,0.20479429835892238,0.35212714128189493,-0.002700834425505104,0.20479429835892235,0.010873690009625629,0.0019961256065495828,0.016133536600893048,0.011491130677833486,-1.772330840670034e-19,0.0,0.0,0.0,0.0,0.0,0.005899536709056111,0.18062031433732978
19.27042293548584,-0.0076699042692780495,-0.04601942375302315,-0.003067961661145091,0.8375535607337952,-0.24697090685367584,0.3522800734617449,-0.0027020074236858266,0.2042540085739506,0.352280073461745,-0.0027020074236858275,0.2042540085739505,0.01086943258920814,8.789886745364409e-05,0.01566638973662199,0.011807836458533469,7.878309851656142e-19,0.0,0.0,0.0,0.0,0.0,0.005531380302948952,0.1806203143373299
19.290417194366455,-0.0076699042692780495,-0.04601942375302315,-0.003067961661145091,0.8375535607337952,-0.24697090685367584,0.3522800734617449,-0.0027020074236858266,0.2042540085739506,0.352280073461745,-0.0027020074236858275,0.2042540085739505,0.01086943258920814,8.789886745364409e-05,0.01566638973662199,0.011807836458533469,7.878309851656142e-19,0.0,0.0,0.0,0.0,0.0,0.005531380302948952,0.1806203143373299
19.31042766571045,-0.00920388475060463,-0.0475534051656723,-0.003067961661145091,0.8375535607337952,-0.24697090685367584,0.3522800734617449,-0.0027020074236858266,0.2042540085739506,0.3521225839618045,-0.0032409871976761136,0.20479429835892235,0.013048371192212024,0.0019764000280627415,0.016149215858972246,0.01150990203194359,1.0698926385248172e-18,0.0,0.0,0.0,0.0,0.0,0.006163980649286282,0.18062031433732986
19.330424308776855,-0.00920388475060463,-0.04601942375302315,-0.003067961661145091,0.8375535607337952,-0.24697090685367584,0.3522800734617449,-0.0027020074236858266,0.2042540085739506,0.3522755141623669,-0.003242394789363599,0.2042540085739505,0.013043262309957745,6.818976072339059e-05,0.015682081583797216,0.011826611544924245,-1.0872783154510642e-19,0.0,0.0,0.0,0.0,0.0,0.005812716888036873,0.18062031433732983
19.350425481796265,-0.0076699042692780495,-0.0475534051656723,-0.003067961661145091,0.8375535607337952,-0.24697090685367584,0.3522800734617449,-0.0027020074236858266,0.2042540085739506,0.35212714128189493,-0.002700834425505104,0.20479429835892235,0.010873690009625629,0.0019961256065495828,0.016133536600893048,0.011491130677833486,-1.772330840670034e-19,0.0,0.0,0.0,0.0,0.0,0.005899536709056111,0.18062031433732978
19.37041974067688,-0.0076699042692780495,-0.04601942375302315,-0.003067961661145091,0.8375535607337952,-0.24697090685367584,0.3521271412818949,-0.0027008344255051043,0.20479429835892238,0.352280073461745,-0.0027020074236858275,0.2042540085739505,0.01086943258920814,8.789886745364409e-05,0.01566638973662199,0.011807836458533469,7.878309851656142e-19,0.0,0.0,0.0,0.0,0.0,0.005531380302948952,0.1806203143373299
19.390490293502808,-0.0076699042692780495,-0.0475534051656723,-0.003067961661145091,0.8375535607337952,-0.24697090685367584,0.3521271412818949,-0.0027008344255051043,0.20479429835892238,0.35212714128189493,-0.002700834425505104,0.20479429835892235,0.010873690009625629,0.0019961256065495828,0.016133536600893048,0.011491130677833486,-1.772330840670034e-19,0.0,0.0,0.0,0.0,0.0,0.005899536709056111,0.18062031433732978
19.41042709350586,-0.0076699042692780495,-0.0475534051656723,-0.003067961661145091,0.8375535607337952,-0.24697090685367584,0.3521271412818949,-0.0027008344255051043,0.20479429835892238,0.35212714128189493,-0.002700834425505104,0.20479429835892235,0.010873690009625629,0.0019961256065495828,0.016133536600893048,0.011491130677833486,-1.772330840670034e-19,0.0,0.0,0.0,0.0,0.0,0.005899536709056111,0.18062031433732978
19.430427312850952,-0.0076699042692780495,-0.0475534051656723,-0.003067961661145091,0.8375535607337952,-0.24697090685367584,0.3521271412818949,-0.0027008344255051043,0.20479429835892238,0.35212714128189493,-0.002700834425505104,0.20479429835892235,0.010873690009625629,0.0019961256065495828,0.016133536600893048,0.011491130677833486,-1.772330840670034e-19,0.0,0.0,0.0,0.0,0.0,0.005899536709056111,0.18062031433732978
19.45042109489441,-0.0076699042692780495,-0.04601942375302315,-0.003067961661145091,0.8375535607337952,-0.24697090685367584,0.3521271412818949,-0.0027008344255051043,0.20479429835892238,0.352280073461745,-0.0027020074236858275,0.2042540085739505,0.01086943258920814,8.789886745364409e-05,0.01566638973662199,0.011807836458533469,7.878309851656142e-19,0.0,0.0,0.0,0.0,0.0,0.005531380302948952,0.1806203143373299
19.470456838607788,-0.0076699042692780495,-0.0475534051656723,-0.003067961661145091,0.8375535607337952,-0.24697090685367584,0.35227551416236685,-0.003242394789363599,0.2042540085739506,0.35212714128189493,-0.002700834425505104,0.20479429835892235,0.010873690009625629,0.0019961256065495828,0.016133536600893048,0.011491130677833486,-1.772330840670034e-19,0.0,0.0,0.0,0.0,0.0,0.005899536709056111,0.18062031433732978
19.490476369857788,-0.0076699042692780495,-0.0475534051656723,-0.003067961661145091,0.8375535607337952,-0.24697090685367584,0.3521271412818949,-0.0027008344255051043,0.20479429835892238,0.35212714128189493,-0.002700834425505104,0.20479429835892235,0.010873690009625629,0.0019961256065495828,0.016133536600893048,0.011491130677833486,-1.772330840670034e-19,0.0,0.0,0.0,0.0,0.0,0.005899536709056111,0.18062031433732978
19.51047945022583,-0.0076699042692780495,-0.0475534051656723,-0.003067961661145091,0.8375535607337952,-0.24697090685367584,0.3521271412818949,-0.0027008344255051043,0.20479429835892238,0.35212714128189493,-0.002700834425505104,0.20479429835892235,0.010873690009625629,0.0019961256065495828,0.016133536600893048,0.011491130677833486,-1.772330840670034e-19,0.0,0.0,0.0,0.0,0.0,0.005899536709056111,0.18062031433732978
19.53046989440918,-0.0076699042692780495,-0.0475534051656723,-0.003067961661145091,0.8375535607337952,-0.24697090685367584,0.3521271412818949,-0.0027008344255051043,0.20479429835892238,0.35212714128189493,-0.002700834425505104,0.20479429835892235,0.010873690009625629,0.0019961256065495828,0.016133536600893048,0.011491130677833486,-1.772330840670034e-19,0.0,0.0,0.0,0.0,0.0,0.005899536709056111,0.18062031433732978
19.550422430038452,-0.0076699042692780495,-0.0475534051656723,-0.003067961661145091,0.8375535607337952,-0.24697090685367584,0.3521271412818949,-0.0027008344255051043,0.20479429835892238,0.35212714128189493,-0.002700834425505104,0.20479429835892235,0.010873690009625629,0.0019961256065495828,0.016133536600893048,0.011491130677833486,-1.772330840670034e-19,0.0,0.0,0.0,0.0,0.0,0.005899536709056111,0.18062031433732978
19.570427656173706,-0.0076699042692780495,-0.0475534051656723,-0.003067961661145091,0.8375535607337952,-0.24697090685367584,0.3521271412818949,-0.0027008344255051043,0.20479429835892238,0.35212714128189493,-0.002700834425505104,0.20479429835892235,0.010873690009625629,0.0019961256065495828,0.016133536600893048,0.011491130677833486,-1.772330840670034e-19,0.0,0.0,0.0,0.0,0.0,0.005899536709056111,0.18062031433732978
19.590421438217163,-0.0076699042692780495,-0.0475534051656723,-0.003067961661145091,0.8375535607337952,-0.24697090685367584,0.3521271412818949,-0.0027008344255051043,0.20479429835892238,0.35212714128189493,-0.002700834425505104,0.20479429835892235,0.010873690009625629,0.0019961256065495828,0.016133536600893048,0.011491130677833486,-1.772330840670034e-19,0.0,0.0,0.0,0.0,0.0,0.005899536709056111,0.18062031433732978
19.61042547225952,-0.0076699042692780495,-0.0475534051656723,-0.003067961661145091,0.8375535607337952,-0.24697090685367584,0.3521271412818949,-0.0027008344255051043,0.20479429835892238,0.35212714128189493,-0.002700834425505104,0.20479429835892235,0.010873690009625629,0.0019961256065495828,0.016133536600893048,0.011491130677833486,-1.772330840670034e-19,0.0,0.0,0.0,0.0,0.0,0.005899536709056111,0.18062031433732978
19.63041663169861,-0.00920388475060463,-0.04601942375302315,-0.003067961661145091,0.8375535607337952,-0.24697090685367584,0.3522800734617449,-0.0027020074236858266,0.2042540085739506,0.3522755141623669,-0.003242394789363599,0.2042540085739505,0.013043262309957745,6.818976072339059e-05,0.015682081583797216,0.011826611544924245,-1.0872783154510642e-19,0.0,0.0,0.0,0.0,0.0,0.005812716888036873,0.18062031433732983
19.650420665740967,-0.0076699042692780495,-0.04601942375302315,-0.003067961661145091,0.8375535607337952,-0.24697090685367584,0.3522800734617449,-0.0027020074236858266,0.2042540085739506,0.352280073461745,-0.0027020074236858275,0.2042540085739505,0.01086943258920814,8.789886745364409e-05,0.01566638973662199,0.011807836458533469,7.878309851656142e-19,0.0,0.0,0.0,0.0,0.0,0.005531380302948952,0.1806203143373299
19.670427560806274,-0.0076699042692780495,-0.0475534051656723,-0.003067961661145091,0.8375535607337952,-0.24697090685367584,0.3521271412818949,-0.0027008344255051043,0.20479429835892238,0.35212714128189493,-0.002700834425505104,0.20479429835892235,0.010873690009625629,0.0019961256065495828,0.016133536600893048,0.011491130677833486,-1.772330840670034e-19,0.0,0.0,0.0,0.0,0.0,0.005899536709056111,0.18062031433732978
19.690418004989624,-0.0076699042692780495,-0.04601942375302315,-0.003067961661145091,0.8375535607337952,-0.24697090685367584,0.3522800734617449,-0.0027020074236858266,0.2042540085739506,0.352280073461745,-0.0027020074236858275,0.2042540085739505,0.01086943258920814,8.789886745364409e-05,0.01566638973662199,0.011807836458533469,7.878309851656142e-19,0.0,0.0,0.0,0.0,0.0,0.005531380302948952,0.1806203143373299
19.71042013168335,-0.0076699042692780495,-0.04601942375302315,-0.003067961661145091,0.8375535607337952,-0.24697090685367584,0.3522800734617449,-0.0027020074236858266,0.2042540085739506,0.352280073461745,-0.0027020074236858275,0.2042540085739505,0.01086943258920814,8.789886745364409e-05,0.01566638973662199,0.011807836458533469,7.878309851656142e-19,0.0,0.0,0.0,0.0,0.0,0.005531380302948952,0.1806203143373299
19.73041820526123,-0.0076699042692780495,-0.0475534051656723,-0.003067961661145091,0.8375535607337952,-0.24697090685367584,0.3521271412818949,-0.0027008344255051043,0.20479429835892238,0.35212714128189493,-0.002700834425505104,0.20479429835892235,0.010873690009625629,0.0019961256065495828,0.016133536600893048,0.011491130677833486,-1.772330840670034e-19,0.0,0.0,0.0,0.0,0.0,0.005899536709056111,0.18062031433732978
19.7504723072052,-0.0076699042692780495,-0.0475534051656723,-0.003067961661145091,0.8375535607337952,-0.24697090685367584,0.3522800734617449,-0.0027020074236858266,0.2042540085739506,0.35212714128189493,-0.002700834425505104,0.20479429835892235,0.010873690009625629,0.0019961256065495828,0.016133536600893048,0.011491130677833486,-1.772330840670034e-19,0.0,0.0,0.0,0.0,0.0,0.005899536709056111,0.18062031433732978
19.770416498184204,-0.0076699042692780495,-0.0475534051656723,-0.003067961661145091,0.8375535607337952,-0.24697090685367584,0.3521271412818949,-0.0027008344255051043,0.20479429835892238,0.35212714128189493,-0.002700834425505104,0.20479429835892235,0.010873690009625629,0.0019961256065495828,0.016133536600893048,0.011491130677833486,-1.772330840670034e-19,0.0,0.0,0.0,0.0,0.0,0.005899536709056111,0.18062031433732978
19.790473699569702,-0.0076699042692780495,-0.0475534051656723,-0.003067961661145091,0.8375535607337952,-0.24697090685367584,0.3521271412818949,-0.0027008344255051043,0.20479429835892238,0.35212714128189493,-0.002700834425505104,0.20479429835892235,0.010873690009625629,0.0019961256065495828,0.016133536600893048,0.011491130677833486,-1.772330840670034e-19,0.0,0.0,0.0,0.0,0.0,0.005899536709056111,0.18062031433732978
19.810474157333374,-0.0076699042692780495,-0.04601942375302315,-0.003067961661145091,0.8375535607337952,-0.24697090685367584,0.3521271412818949,-0.0027008344255051043,0.20479429835892238,0.352280073461745,-0.0027020074236858275,0.2042540085739505,0.01086943258920814,8.789886745364409e-05,0.01566638973662199,0.011807836458533469,7.878309851656142e-19,0.0,0.0,0.0,0.0,0.0,0.005531380302948952,0.1806203143373299
19.830475330352783,-0.0076699042692780495,-0.0475534051656723,-0.003067961661145091,0.8375535607337952,-0.24697090685367584,0.3521271412818949,-0.0027008344255051043,0.20479429835892238,0.35212714128189493,-0.002700834425505104,0.20479429835892235,0.010873690009625629,0.0019961256065495828,0.016133536600893048,0.011491130677833486,-1.772330840670034e-19,0.0,0.0,0.0,0.0,0.0,0.005899536709056111,0.18062031433732978
19.850422382354736,-0.0076699042692780495,-0.0475534051656723,-0.003067961661145091,0.8375535607337952,-0.24697090685367584,0.3521271412818949,-0.0027008344255051043,0.20479429835892238,0.35212714128189493,-0.002700834425505104,0.20479429835892235,0.010873690009625629,0.0019961256065495828,0.016133536600893048,0.011491130677833486,-1.772330840670034e-19,0.0,0.0,0.0,0.0,0.0,0.005899536709056111,0.18062031433732978
19.870450019836426,-0.00920388475060463,-0.0475534051656723,-0.003067961661145091,0.8375535607337952,-0.24697090685367584,0.3521271412818949,-0.0027008344255051043,0.20479429835892238,0.3521225839618045,-0.0032409871976761136,0.20479429835892235,0.013048371192212024,0.0019764000280627415,0.016149215858972246,0.01150990203194359,1.0698926385248172e-18,0.0,0.0,0.0,0.0,0.0,0.006163980649286282,0.18062031433732986
19.890467166900635,-0.00920388475060463,-0.04601942375302315,-0.003067961661145091,0.8375535607337952,-0.24697090685367584,0.35212258396180446,-0.0032409871976761123,0.20479429835892232,0.3522755141623669,-0.003242394789363599,0.2042540085739505,0.013043262309957745,6.818976072339059e-05,0.015682081583797216,0.011826611544924245,-1.0872783154510642e-19,0.0,0.0,0.0,0.0,0.0,0.005812716888036873,0.18062031433732983
19.9104220867157,-0.00920388475060463,-0.0475534051656723,-0.003067961661145091,0.8375535607337952,-0.24697090685367584,0.35212258396180446,-0.0032409871976761123,0.20479429835892232,0.3521225839618045,-0.0032409871976761136,0.20479429835892235,0.013048371192212024,0.0019764000280627415,0.016149215858972246,0.01150990203194359,1.0698926385248172e-18,0.0,0.0,0.0,0.0,0.0,0.006163980649286282,0.18062031433732986
19.930472135543823,-0.0076699042692780495,-0.0475534051656723,-0.003067961661145091,0.8375535607337952,-0.24697090685367584,0.3521271412818949,-0.0027008344255051043,0.20479429835892238,0.35212714128189493,-0.002700834425505104,0.20479429835892235,0.010873690009625629,0.0019961256065495828,0.016133536600893048,0.011491130677833486,-1.772330840670034e-19,0.0,0.0,0.0,0.0,0.0,0.005899536709056111,0.18062031433732978
19.950466632843018,-0.0076699042692780495,-0.0475534051656723,-0.003067961661145091,0.8375535607337952,-0.24697090685367584,0.3521271412818949,-0.0027008344255051043,0.20479429835892238,0.35212714128189493,-0.002700834425505104,0.20479429835892235,0.010873690009625629,0.0019961256065495828,0.016133536600893048,0.011491130677833486,-1.772330840670034e-19,0.0,0.0,0.0,0.0,0.0,0.005899536709056111,0.18062031433732978
19.970478534698486,-0.0076699042692780495,-0.0475534051656723,-0.003067961661145091,0.8375535607337952,-0.24697090685367584,0.3521271412818949,-0.0027008344255051043,0.20479429835892238,0.35212714128189493,-0.002700834425505104,0.20479429835892235,0.010873690009625629,0.0019961256065495828,0.016133536600893048,0.011491130677833486,-1.772330840670034e-19,0.0,0.0,0.0,0.0,0.0,0.005899536709056111,0.18062031433732978
19.990463256835938,-0.006135923322290182,-0.0475534051656723,-0.003067961661145091,0.8375535607337952,-0.24697090685367584,0.35213087001414484,-0.0021606751340386295,0.20479429835892227,0.3521308700141451,-0.0021606751340386295,0.20479429835892235,0.008698982580040412,0.002012264784662428,0.016120708062607778,0.011475772232067024,-8.121012831665212e-19,0.0,0.0,0.0,0.0,0.0,0.005674012760507432,0.18062031433732983
