time,waist,shoulder,elbow,wrist_angle,wrist_rotate,ee_x,ee_y,ee_z,fk_x,fk_y,fk_z,qd_cmd_waist,qd_cmd_shoulder,qd_cmd_elbow,qd_cmd_wrist_angle,qd_cmd_wrist_rotate,qd_act_waist,qd_act_shoulder,qd_act_elbow,qd_act_wrist_angle,qd_act_wrist_rotate,dist,sigma
0.45215392112731934,-0.0015339808305725455,0.08436894416809082,0.13038836419582367,0.8927768468856812,-0.25003886222839355,0.33294338972287285,-0.0005107291780992586,0.11541698692610533,0.33294338972287296,-0.0005107291780992599,0.11541698692610536,0.14112975675311004,-0.07051111497699004,-0.032799752942359574,0.002612386448277517,2.6702082492067684e-20,0.0,0.0,0.0,0.0,0.0,0.24209103221252737,0.18439252016205163
0.4722433090209961,-0.0015339808305725455,0.08436894416809082,0.13038836419582367,0.8927768468856812,-0.25003886222839355,0.3327256938485186,-0.0005103952365391721,0.11530845227985137,0.33294338972287296,-0.0005107291780992599,0.11541698692610536,0.14112975675311004,-0.07051111497699004,-0.032799752942359574,0.002612386448277517,2.6702082492067684e-20,0.0,0.0,0.0,0.0,0.0,0.24209103221252737,0.18439252016205163
0.49222564697265625,-0.0015339808305725455,0.08436894416809082,0.13038836419582367,0.8943108320236206,-0.25003886222839355,0.3327256938485186,-0.0005103952365391721,0.11530845227985137,0.33272569384851863,-0.0005103952365391746,0.11530845227985144,0.14116797541903356,-0.07049629289027805,-0.032939532584894717,0.0025395669979413537,1.1815489796013378e-17,0.0,0.0,0.0,0.0,0.0,0.24216654037702506,0.18445699797821186
0.5122692584991455,-0.0015339808305725455,0.08436894416809082,0.13038836419582367,0.8927768468856812,-0.25003886222839355,0.3327256938485186,-0.0005103952365391721,0.11530845227985137,0.33294338972287296,-0.0005107291780992599,0.11541698692610536,0.14112975675311004,-0.07051111497699004,-0.032799752942359574,0.002612386448277517,2.6702082492067684e-20,0.0,0.0,0.0,0.0,0.0,0.24209103221252737,0.18439252016205163
0.5322682857513428,0.0,0.08436894416809082,0.13038836419582367,0.8943108320236206,-0.25003886222839355,0.3327256938485186,-0.0005103952365391721,0.11530845227985137,0.3327260853168498,1.2986139941162379e-18,0.11530845227985144,0.14103623172580018,-0.07043777597551205,-0.03318109918680176,0.002336523309826887,1.1746457204007528e-17,0.0,0.0,0.0,0.0,0.0,0.2417440819456183,0.18445699797821188
0.5522675514221191,-0.0015339808305725455,0.08436894416809082,0.13038836419582367,0.8927768468856812,-0.25003886222839355,0.33294338972287285,-0.0005107291780992586,0.11541698692610533,0.33294338972287296,-0.0005107291780992599,0.11541698692610536,0.14112975675311004,-0.07051111497699004,-0.032799752942359574,0.002612386448277517,2.6702082492067684e-20,0.0,0.0,0.0,0.0,0.0,0.24209103221252737,0.18439252016205163
0.5722246170043945,0.0,0.08436894416809082,0.13038836419582367,0.8927768468856812,-0.25003886222839355,0.33294378144733416,0.0,0.11541698692610533,0.33294378144733416,0.0,0.11541698692610533,0.14099836404729324,-0.07045252004821771,-0.03304129467259742,0.0024094526228475516,1.1754208887705763e-17,0.0,0.0,0.0,0.0,0.0,0.24166816505151112,0.1843925201620517
0.5922238826751709,0.0015339808305725455,0.08436894416809082,0.13038836419582367,0.8943108320236206,-0.25003886222839355,0.3327256938485186,0.0005103952365391721,0.11530845227985137,0.33272569384851863,0.0005103952365391707,0.11530845227985143,0.1409034631166494,-0.0703794266985835,-0.03342296256901724,0.002133322428254952,1.1769433327749716e-17,0.023980824276804924,0.0,0.0,0.0,0.0,0.24132201948629964,0.18445699797821183
0.6122250556945801,0.003067961661145091,0.08436894416809082,0.13038836419582367,0.8927768468856812,-0.25003886222839355,0.332942214550411,0.0010214571544033596,0.11541698692610533,0.3329422145504111,0.0010214571544033602,0.11541698692610523,0.14073250137996918,-0.07033583462034475,-0.033525270674934056,0.002003112284903112,-4.15155179931539e-21,0.023980824276804924,0.0,0.0,0.0,0.0,0.2408236200322744,0.18439252016205177
0.632279634475708,0.004601942375302315,0.08283496648073196,0.13038836419582367,0.8943108320236206,-0.25003886222839355,0.33270608943970004,0.0015311050600454275,0.11581883413632452,0.33270608943970004,0.0015311050600454261,0.11581883413632453,0.1408074629250868,-0.06988953249579977,-0.03398982119965161,0.0015210596848863073,1.63530549499727e-20,0.04796164855360985,0.0,0.0,0.0,0.0,0.24019485188839823,0.18445699797821186
0.6522355079650879,0.006135923322290182,0.08436894416809082,0.13038836419582367,0.8927768468856812,-0.25003886222839355,0.3329375138743898,0.0020429046944624276,0.11541698692610533,0.3329375138743899,0.002042904694462428,0.1154169869261053,0.140462497942423,-0.07021982644023324,-0.034010433388001034,0.0015961459933219347,-2.3413243900226698e-17,0.04796164855360985,0.0,0.0,0.0,0.0,0.23998068135297984,0.18439252016205154
0.672274112701416,0.0076699042692780495,0.08283496648073196,0.13038836419582367,0.8927768468856812,-0.25003886222839355,0.3329375138743898,0.0020429046944624276,0.11541698692610533,0.33291734928293104,0.0025534942706146877,0.11592770259575848,0.1404994736583508,-0.06978664430137582,-0.034336503387919756,0.0011860570561122868,-1.1673623009645309e-17,0.07194247096776962,0.0,0.0,0.0,0.0,0.23927457138508673,0.18439252016205174
0.6922287940979004,0.00920388475060463,0.08436894416809082,0.13038836419582367,0.8927768468856812,-0.25003886222839355,0.3329173492829312,0.002553494270614689,0.11592770259575857,0.33292967946422886,0.003064332928407176,0.11541698692610536,0.1401883079953741,-0.07010450112751274,-0.03449677847589218,0.0011885591471926082,-2.3348239800404746e-17,0.07194247096776962,0.0,0.0,0.0,0.0,0.2391393740398584,0.18439252016205168
0.7122693061828613,0.010737866163253784,0.08283496648073196,0.13038836419582367,0.8943108320236206,-0.25003886222839355,0.33271199255436174,0.0030623293066001237,0.1153084522798514,0.33269043165528167,0.003572522636025785,0.11581883413632461,0.14025926700915115,-0.06965571527963531,-0.034964289971944645,0.0007028523727889623,2.083935671567355e-21,0.07194247096776962,0.0,0.0,0.0,0.0,0.23851197096244509,0.18445699797821197
0.7322235107421875,0.012271846644580364,0.08436894416809082,0.13038836419582367,0.8927768468856812,-0.25003886222839355,0.3329187113915277,0.004085732474713483,0.11541698692610534,0.3329187113915278,0.004085732474713483,0.11541698692610527,0.13990988520535708,-0.06998986426691896,-0.03498430141606315,0.000780357271585868,-1.1661222411949211e-17,0.07194247096776962,0.0,0.0,0.0,0.0,0.23829972313988027,0.18439252016205177
0.7522754669189453,0.015339808538556099,0.08436894416809082,0.13038836419582367,0.8927768468856812,-0.25003886222839355,0.3329046097604736,0.00510709356454172,0.11541698692610533,0.3329046097604736,0.0051070935645417224,0.11541698692610523,0.1396271828311496,-0.06987592148555309,-0.03547299715681536,0.00037154630308136165,1.1521580077860642e-17,0.07194247096776962,0.0,0.0,0.0,0.0,0.2374617542981398,0.18439252016205168
0.7722442150115967,0.01840776950120926,0.08436894416809082,0.13038836419582367,0.8927768468856812,-0.25003886222839355,0.33288737470950414,0.006128406274424805,0.11541698692610533,0.33288737470950414,0.006128406274424806,0.11541698692610533,0.1393401536646432,-0.06976267842443126,-0.035962860216397094,-3.786749518871898e-05,-4.7900701258210695e-20,0.0959232971072197,0.0,0.0,0.0,0.0,0.23662549356752646,0.18439252016205174
0.792285680770874,0.019941750913858414,0.08436894416809082,0.13038836419582367,0.8927768468856812,-0.25003886222839355,0.33288737470950414,0.006128406274424805,0.11541698692610533,0.3328775821934838,0.0066390419090973304,0.11541698692610532,0.1391950014932458,-0.06970632099276805,-0.03620822792921188,-0.00024279863410733773,-3.623589455149401e-20,0.0959232971072197,0.0,0.0,0.0,0.0,0.2362080115352162,0.18439252016205157
0.8122460842132568,0.023009711876511574,0.08436894416809082,0.13038836419582367,0.8927768468856812,-0.25003886222839355,0.332649360452804,0.007144987096986445,0.11530845227985137,0.3328556473193661,0.007660264489952312,0.11541698692610533,0.13890139220352513,-0.06959413796305862,-0.036699831388114716,-0.0006531047574991807,1.14074011920474e-17,0.11990412324666977,0.0,0.0,0.0,0.0,0.2353743615880055,0.1843925201620517
0.8322794437408447,0.026077674701809883,0.08436894416809082,0.13038836419582367,0.8943108320236206,-0.25003886222839355,0.33262587443509034,0.008165507122475128,0.11530845227985138,0.3326129573531267,0.00867573922399513,0.11530845227985141,0.1386350807213213,-0.0694692069993161,-0.037332670107786424,-0.001138700223493192,9.126829901296512e-20,0.11990412324666977,0.0,0.0,0.0,0.0,0.23462543562183955,0.18445699797821188
0.8522965908050537,0.029145635664463043,0.08283496648073196,0.13038836419582367,0.8927768468856812,-0.25003886222839355,0.3327857463792097,0.009701999453493954,0.11592770259575857,0.3327857463792095,0.009701999453493952,0.11592770259575846,0.1384800159601013,-0.06898419096039092,-0.037775796333122336,-0.0016912457265715866,-1.1467164127599278e-17,0.11990412324666977,0.0,0.0,0.0,0.0,0.23342030860867766,0.18439252016205174
0.8722701072692871,0.030679617077112198,0.08283496648073196,0.13038836419582367,0.8943108320236206,-0.25003886222839355,0.332553045140232,0.010205802316402026,0.11581883413632454,0.33255304514023193,0.010205802316402023,0.11581883413632446,0.13835796205590384,-0.06891496371226599,-0.03816378887453646,-0.001973210218459684,1.1461769976012682e-17,0.11990412324666977,0.0,0.0,0.0,0.0,0.23308972302693798,0.18445699797821188
0.8922977447509766,0.03374757990241051,0.08283496648073196,0.13038836419582367,0.8927768468856812,-0.25003886222839355,0.332553045140232,0.010205802316402026,0.11581883413632454,0.3327375746324455,0.011233352762238955,0.1159277025957585,0.1380188612852748,-0.06881676011082764,-0.03852020765485056,-0.0023116133397048672,2.2928998516080233e-17,0.11990412324666977,0.0,0.0,0.0,0.0,0.23217712930046983,0.1843925201620517
0.9123098850250244,0.03681553900241852,0.08436894416809082,0.13038836419582367,0.8927768468856812,-0.25003886222839355,0.3325025574367459,0.011736078177400834,0.11581883413632452,0.33271817360867056,0.012254736021668149,0.11541698692610527,0.13752440034620575,-0.0690982265648385,-0.038926209913854946,-0.002506633902888832,-1.1454641642127057e-17,0.11990412324666977,0.0,0.0,0.0,0.0,0.23164527424007958,0.18439252016205168
0.932288408279419,0.03988350182771683,0.08283496648073196,0.13038836419582367,0.8927768468856812,-0.25003886222839355,0.33269898361944916,0.012765104897170079,0.11541698692610536,0.3326623844011407,0.013274780266009206,0.11592770259575848,0.13738777901764598,-0.06859607143899418,-0.03951674410933731,-0.0031407674013152623,1.1444539303768065e-17,0.11990412324666977,0.0,0.0,0.0,0.0,0.23052609728751394,0.1843925201620517
0.9522483348846436,0.04141748324036598,0.08436894416809082,0.13038836419582367,0.8927768468856812,-0.25003886222839355,0.3326582550675534,0.013785751334648327,0.11541698692610533,0.33265825506755353,0.013785751334648329,0.11541698692610527,0.137044604480741,-0.06893622197091182,-0.039673408316104636,-0.0031269968657113042,-9.765143391509354e-20,0.11990412324666977,0.0,0.0,0.0,0.0,0.23041065498659472,0.18439252016205165
0.9722764492034912,0.04448544234037399,0.08436894416809082,0.13038836419582367,0.8927768468856812,-0.25003886222839355,0.33261439546207616,0.014806266776193866,0.11541698692610533,0.3326143954620762,0.01480626677619387,0.11541698692610527,0.13671881458601529,-0.06882915164969895,-0.040172924638842936,-0.003541247289573231,0.0,0.11990412324666977,0.0,0.0,0.0,0.0,0.22958999429105673,0.1843925201620517
0.9922904968261719,0.0475534051656723,0.08283496648073196,0.13038836419582367,0.8943108320236206,-0.25003886222839355,0.33261439546207616,0.014806266776193866,0.11541698692610533,0.3323335008528827,0.015815512758983234,0.11581883413632449,0.1365986621086861,-0.0683119183373266,-0.040908853668179146,-0.004256667836661865,1.1501444067254561e-17,0.11990412324666977,0.0,0.0,0.0,0.0,0.22856206116695432,0.18445699797821188
1.0122427940368652,0.05062136799097061,0.08283496648073196,0.13038836419582367,0.8943108320236206,-0.25003886222839355,0.33256740510932714,0.015826644094652627,0.11541698692610533,0.33228341549777896,0.01683502355486741,0.11581883413632449,0.136263248926366,-0.06820469056349451,-0.04141156576399622,-0.004673608104864909,-1.1389747305761654e-17,0.11990412324666977,0.0,0.0,0.0,0.0,0.22774518926885265,0.1844569979782118
1.0322422981262207,0.052155349403619766,0.08283496648073196,0.13038836419582367,0.8927768468856812,-0.25003886222839355,0.33250066622997154,0.01684603048757362,0.11592770259575856,0.33247443353904965,0.01735606030904627,0.11592770259575853,0.13606848679166664,-0.06816361211936109,-0.04152323825161313,-0.004805670900095918,1.541230101924639e-19,0.11990412324666977,0.0,0.0,0.0,0.0,0.2272472994709977,0.18439252016205168
1.0522661209106445,0.05368933081626892,0.08283496648073196,0.13038836419582367,0.8927768468856812,-0.25003886222839355,0.33244741850303267,0.017866049289999228,0.11592770259575857,0.3324474185030327,0.017866049289999228,0.1159277025957585,0.13589809096697383,-0.06811040427856872,-0.041775285313159306,-0.005014379821000437,-2.275765997043172e-17,0.11990412324666977,0.0,0.0,0.0,0.0,0.22683970122024943,0.18439252016205177
1.0723416805267334,0.05675728991627693,0.08283496648073196,0.13038836419582367,0.8927768468856812,-0.25003886222839355,0.3323910417221854,0.018885898691974573,0.11592770259575856,0.3323910417221855,0.018885898691974573,0.1159277025957585,0.13555356971876234,-0.0680045626889337,-0.042280188081728474,-0.00543218090465799,1.118340630013902e-17,0.11990412324666977,0.0,0.0,0.0,0.0,0.22602604725007888,0.18439252016205174
1.0922605991363525,0.05982525274157524,0.08283496648073196,0.13038836419582367,0.8927768468856812,-0.25003886222839355,0.3323910417221854,0.018885898691974573,0.11592770259575856,0.33233153628115875,0.01990557157099712,0.1159277025957585,0.1352040292385174,-0.06789949081103391,-0.04278616116223317,-0.0058504854541563435,1.1093695648556045e-17,0.11990412324666977,0.0,0.0,0.0,0.0,0.22521447265352337,0.18439252016205168
1.1122479438781738,0.061359234154224396,0.08283496648073196,0.13038836419582367,0.8927768468856812,-0.25003886222839355,0.3321143960558281,0.019892565582024103,0.11581883413632453,0.33230061051191395,0.020415338350672933,0.11592770259575845,0.13502735977639055,-0.06784724526437233,-0.043039545222658966,-0.0060598229824652345,-6.140653992520054e-20,0.11990412324666977,0.0,0.0,0.0,0.0,0.22480947493200915,0.18439252016205174
1.132246494293213,0.06289321184158325,0.08283496648073196,0.13038836419582367,0.8943108320236206,-0.25003886222839355,0.33198678071275406,0.02090728885142843,0.11551903477700237,0.3320518035828993,0.020911383749198625,0.11581883413632457,0.13487191939137722,-0.06778340876220172,-0.043433167914543616,-0.006346466121891379,1.1238839346856464e-17,0.11990412324666977,0.0,0.0,0.0,0.0,0.22449823050035117,0.1844569979782119
1.1522893905639648,0.06596117466688156,0.08283496648073196,0.13038836419582367,0.8943108320236206,-0.25003886222839355,0.3319860856352827,0.02193000632752748,0.11581883413632454,0.33198608563528265,0.02193000632752748,0.11581883413632454,0.1345113941442809,-0.06768002266391626,-0.043941200150558975,-0.006765902051515214,-1.380420173490834e-19,0.0959232971072197,0.0,0.0,0.0,0.0,0.22369177237839785,0.184456997978212
1.1722779273986816,0.06749515980482101,0.08283496648073196,0.13038836419582367,0.8927768468856812,-0.25003886222839355,0.3321690888295229,0.022453913082751107,0.11592770259575856,0.3321690888295228,0.022453913082751104,0.1159277025957585,0.13430785857202432,-0.06764021481623252,-0.044055696044019765,-0.00689837549294571,-7.38538935948833e-20,0.0959232971072197,0.0,0.0,0.0,0.0,0.22319483709093302,0.18439252016205163
1.1922836303710938,0.07056311517953873,0.08283496648073196,0.13038836419582367,0.8943108320236206,-0.25003886222839355,0.3321690888295229,0.022453913082751107,0.11592770259575856,0.3318816500363005,0.023457548937284783,0.11581883413632453,0.13396086139116387,-0.06752641629579333,-0.044705170666790014,-0.007395924969893884,3.0772834356827444e-19,0.0959232971072197,0.0,0.0,0.0,0.0,0.2224861723909454,0.18445699797821183
1.21229887008667,0.07363107800483704,0.08283496648073196,0.13038836419582367,0.8943108320236206,-0.25003886222839355,0.33206224031352466,0.023982292311748147,0.11592770259575855,0.33180812136156945,0.024475637508929005,0.11581883413632461,0.13358725994586698,-0.06742500148832788,-0.045215746826575344,-0.0078165025097934,3.0422238238185234e-19,0.0959232971072197,0.0,0.0,0.0,0.0,0.22168520823191484,0.18445699797821186
1.2322473526000977,0.07516506314277649,0.08283496648073196,0.13038836419582367,0.8943108320236206,-0.25003886222839355,0.33202506134097004,0.024491639963224624,0.11592770259575855,0.33177018572161937,0.024984597239194533,0.11581883413632452,0.13339846358943266,-0.06737459279810165,-0.0454714088385079,-0.008026955636968139,1.1133743006926743e-17,0.0959232971072197,0.0,0.0,0.0,0.0,0.22128556799910473,0.18445699797821183
1.2522473335266113,0.07669904083013535,0.08283496648073196,0.13038836419582367,0.8943108320236206,-0.25003886222839355,0.331948359443469,0.02551016364809684,0.11592770259575856,0.3317314695798881,0.025493495706363844,0.11581883413632454,0.13320832846517097,-0.06732438445000419,-0.045727316033093685,-0.008237514805863558,-1.74299497231933e-19,0.0959232971072197,0.0,0.0,0.0,0.0,0.22088649690968118,0.184456997978212
1.2723171710968018,0.08130098134279251,0.08283496648073196,0.13038836419582367,0.8943108320236206,-0.25003886222839355,0.3318685331190421,0.026528447221397716,0.11592770259575856,0.331610637768756,0.027019828858849713,0.11581883413632461,0.13262981174219463,-0.06717496625555988,-0.04649649835738312,-0.00886981897738141,-6.866749698898213e-20,0.0959232971072197,0.0,0.0,0.0,0.0,0.21969272524102548,0.18445699797821188
1.2922532558441162,0.08283496648073196,0.08130098134279251,0.13038836419582367,0.8927768468856812,-0.25003886222839355,0.3317682197790794,0.027545039508232467,0.11643839462015641,0.33176821977907933,0.027545039508232477,0.11643839462015637,0.13261023028677865,-0.06671593305266385,-0.04672120669004993,-0.009244588538403608,-1.0945280253530561e-17,0.11990412324666977,0.0,0.0,0.0,0.0,0.2188876735677049,0.18439252016205163
1.3122460842132568,0.08436894416809082,0.07976700365543365,0.13038836419582367,0.8927768468856812,-0.25003886222839355,0.3317682197790794,0.027545039508232467,0.11643839462015641,0.3317074343749792,0.028052397717161368,0.11694905683672485,0.13260809525871753,-0.06624308254346949,-0.047086454723421156,-0.009699190913908959,4.0223966549795045e-19,0.11990412324666977,0.0,0.0,0.0,0.0,0.218181459717823,0.18439252016205165
1.332240104675293,0.08743690699338913,0.0782330259680748,0.13038836419582367,0.8927768468856812,-0.25003886222839355,0.331664012158643,0.02856119878689144,0.11694905683672485,0.3316008925741392,0.02906827189362381,0.1174596905243318,0.1324074422141355,-0.06571574947028128,-0.0477120675079618,-0.010369204719120477,-1.1145893861344757e-17,0.11990412324666977,-0.023980824276804924,0.0,0.0,0.0,0.21707859512952074,0.18439252016205163
1.352245569229126,0.08897088468074799,0.07516506314277649,0.13038836419582367,0.8927768468856812,-0.25003886222839355,0.3315157426197518,0.029573322466132486,0.11848086998626187,0.3315157426197518,0.02957332246613248,0.11848086998626184,0.13259962458278923,-0.06480757763123492,-0.04818774314401693,-0.011073657298491645,-1.1606224040501198e-19,0.0959232971072197,-0.04796164855360985,0.0,0.0,0.0,0.21606527195665362,0.18439252016205174
1.3723270893096924,0.0920388475060463,0.07516506314277649,0.13038836419582367,0.8927768468856812,-0.25003886222839355,0.3314234527306519,0.030590259667168006,0.11848086998626187,0.3314234527306518,0.030590259667168006,0.11848086998626184,0.1321977445639232,-0.06470140956539693,-0.048710307302079404,-0.011504775026425067,1.0784083830507855e-17,0.0959232971072197,-0.07194247096776962,0.0,0.0,0.0,0.21527199025339655,0.1843925201620517
1.392303466796875,0.09357283264398575,0.07209710031747818,0.13038836419582367,0.8943108320236206,-0.25003886222839355,0.3314234527306519,0.030590259667168006,0.11848086998626187,0.3311174645488174,0.03107434644496715,0.11939072297417413,0.13240317631405424,-0.06377125801638917,-0.04932897412081208,-0.01229731543613366,2.2443119423943698e-17,0.0959232971072197,-0.0959232971072197,0.0,0.0,0.0,0.21436233302347937,0.18445699797821183
1.4123015403747559,0.0951068103313446,0.06902913749217987,0.13038836419582367,0.8943108320236206,-0.25003886222839355,0.3312619755645686,0.03160060642977611,0.1200123964135531,0.33102336448745534,0.03157784421952003,0.1204109725340628,0.13259569155357576,-0.06284311600304962,-0.04980870307139512,-0.013013271216672959,1.1003935895758567e-17,0.0959232971072197,-0.0959232971072197,0.0,0.0,0.0,0.21335287973844566,0.18445699797821197
1.4322988986968994,0.09817477315664291,0.06749515980482101,0.13038836419582367,0.8927768468856812,-0.25003886222839355,0.3311651754605816,0.032104072995848436,0.12103323404114225,0.33111553891799794,0.03261203501476745,0.12103323404114219,0.13237248823731845,-0.062300118648513245,-0.050307494278704894,-0.01362094986074765,-1.1312437603701341e-17,0.0959232971072197,-0.0959232971072197,0.0,0.0,0.0,0.2121503721753556,0.1843925201620517
1.4522881507873535,0.09970875084400177,0.0644271969795227,0.13038836419582367,0.8943108320236206,-0.25003886222839355,0.33079966764352553,0.033093363985090746,0.12194106757005817,0.33079966764352564,0.03309336398509075,0.12194106757005815,0.1325772250808189,-0.06134660785434754,-0.050929676053698116,-0.014427297266397274,1.1147161111861064e-17,0.0959232971072197,-0.0959232971072197,0.0,0.0,0.0,0.21124764633838858,0.18445699797821183
1.4725532531738281,0.10277671366930008,0.06289321184158325,0.13038836419582367,0.8943108320236206,-0.25003886222839355,0.33067007546773836,0.03410535386723186,0.12245102194854954,0.33067007546773836,0.03410535386723186,0.12245102194854948,0.1323609699179551,-0.0607822254019138,-0.05157342980343855,-0.015125708479279977,0.0,0.0959232971072197,-0.0959232971072197,0.0,0.0,0.0,0.2101509490816273,0.18445699797821186
1.4923412799835205,0.10431069880723953,0.061359234154224396,0.13038836419582367,0.8927768468856812,-0.25003886222839355,0.33067007546773836,0.03410535386723186,0.12245102194854954,0.3308040613815124,0.034632101440154966,0.12307444697322209,0.13234324677060696,-0.060282839933141215,-0.05181161731600537,-0.015519970641810743,-1.1119280570266522e-17,0.0959232971072197,-0.0959232971072197,0.0,0.0,0.0,0.20934450540842325,0.1843925201620517
1.5123214721679688,0.10584467649459839,0.058291271328926086,0.13038836419582367,0.8943108320236206,-0.25003886222839355,0.33050855657843303,0.035113797031122745,0.12347080136324012,0.33047972548497545,0.03511073396620748,0.12398062647654853,0.1325462403307348,-0.059308653321576,-0.05243775323536407,-0.016339125036099245,0.0,0.0959232971072197,-0.0959232971072197,0.0,0.0,0.0,0.2084475801575732,0.18445699797821175
1.5322761535644531,0.11044661700725555,0.058291271328926086,0.13038836419582367,0.8927768468856812,-0.25003886222839355,0.33037045192559317,0.036124466650039086,0.12398062647654856,0.33052813249444113,0.036654879710845974,0.124094800585725,0.13189689920860653,-0.059132078263986455,-0.053112332620724394,-0.01693390858425329,6.37127458747979e-20,0.0959232971072197,-0.0959232971072197,0.0,0.0,0.0,0.20715429318742248,0.18439252016205165
1.5522513389587402,0.11351457983255386,0.05675728991627693,0.13038836419582367,0.8927768468856812,-0.25003886222839355,0.3304417524103292,0.03715851472814397,0.12460490997659011,0.33038436332108556,0.03766536108590982,0.12460490997659013,0.13166717359285926,-0.05854968618350878,-0.053767367433220345,-0.017647066573718954,-2.2391419242921045e-17,0.0959232971072197,-0.07194247096776962,0.0,0.0,0.0,0.20606124525409014,0.1843925201620518
1.572261095046997,0.11504856497049332,0.05522330850362778,0.13038836419582367,0.8927768468856812,-0.25003886222839355,0.33029566646146136,0.03816859325543214,0.12511497282337836,0.33029566646146136,0.038168593255432134,0.12511497282337838,0.1316536579861247,-0.05802562226927843,-0.05415160017353049,-0.018135539037719244,-1.1065984741536563e-17,0.11990412324666977,-0.07194247096776962,0.0,0.0,0.0,0.2053629347813993,0.18439252016205168
1.5922746658325195,0.11811652034521103,0.05522330850362778,0.13038836419582367,0.8943108320236206,-0.25003886222839355,0.33029566646146136,0.03816859325543214,0.12511497282337836,0.3299640660141274,0.0391564742558873,0.12500014027837436,0.1312150851790901,-0.057891199518407814,-0.05483841921637122,-0.018678922126285583,1.101224807707722e-17,0.11990412324666977,-0.04796164855360985,0.0,0.0,0.0,0.20468767269894242,0.1844569979782119
1.6122353076934814,0.12118448317050934,0.05368933081626892,0.13038836419582367,0.8927768468856812,-0.25003886222839355,0.3299036123672595,0.03966258796095426,0.12500014027837436,0.33002396643629267,0.04019071936350718,0.12562498668734354,0.1309691015418196,-0.05730703938706238,-0.05536234980466535,-0.019316117841324504,-2.2597170983882517e-17,0.11990412324666977,-0.023980824276804924,0.0,0.0,0.0,0.20348757217829092,0.18439252016205168
1.6322810649871826,0.12425244599580765,0.05368933081626892,0.13038836419582367,0.8927768468856812,-0.25003886222839355,0.32989910983989806,0.041203029890315525,0.12562498668734356,0.3298991098398981,0.04120302989031552,0.12562498668734348,0.13051406991085604,-0.05718050446039911,-0.05591399404970704,-0.019776785880418195,-2.980234308717467e-19,0.11990412324666977,-0.023980824276804924,0.0,0.0,0.0,0.2027058643398557,0.18439252016205163
1.652270793914795,0.1257864236831665,0.05522330850362778,0.13038836419582367,0.8927768468856812,-0.25003886222839355,0.32989910983989806,0.041203029890315525,0.12562498668734356,0.329866783747765,0.04171299287062542,0.12511497282337827,0.13007526355304128,-0.057588291551926477,-0.05607471499457059,-0.01974004029243526,1.1240927151890064e-17,0.11990412324666977,0.0,0.0,0.0,0.0,0.20262377213826488,0.1843925201620516
1.6722674369812012,0.1288543939590454,0.05522330850362778,0.13038836419582367,0.8943108320236206,-0.25003886222839355,0.32958970349293526,0.042191725351855836,0.12500014027837436,0.32952459425828035,0.04269726121946452,0.1250001402783744,0.12961098572680463,-0.05745718518462318,-0.05676440896677327,-0.020285240202440834,1.0611742580757042e-17,0.11990412324666977,0.0,0.0,0.0,0.0,0.20196128044397893,0.1844569979782118
1.6922681331634521,0.13192234933376312,0.05368933081626892,0.13038836419582367,0.8927768468856812,-0.25003886222839355,0.32957338617315446,0.04373208743771814,0.1256249866873436,0.3295733861731544,0.04373208743771814,0.1256249866873436,0.12934780155919773,-0.056867702549214263,-0.05729749093835633,-0.02093037274792849,-1.090892444287845e-17,0.11990412324666977,0.0,0.0,0.0,0.0,0.20076366948610874,0.18439252016205168
1.7122693061828613,0.13345633447170258,0.05368933081626892,0.13038836419582367,0.8927768468856812,-0.25003886222839355,0.32950591406607754,0.04423759646248994,0.12562498668734356,0.3295059140660775,0.044237596462489946,0.12562498668734354,0.12910955559165527,-0.05680575468339052,-0.05757491745493919,-0.021161397713286633,1.1538660175647135e-17,0.11990412324666977,0.0,0.0,0.0,0.0,0.20037733866526075,0.1843925201620517
1.73233962059021,0.1365242898464203,0.05368933081626892,0.13038836419582367,0.8927768468856812,-0.25003886222839355,0.3293686445958428,0.045248296127000806,0.12562498668734356,0.32936864459584275,0.0452482961270008,0.12562498668734356,0.1286280004370336,-0.056682478882101366,-0.0581304671234576,-0.021623729602567768,1.0869063698245732e-17,0.11990412324666977,0.0,0.0,0.0,0.0,0.1996068300783632,0.18439252016205174
1.7522692680358887,0.13805827498435974,0.05368933081626892,0.13038836419582367,0.8927768468856812,-0.25003886222839355,0.3293686445958428,0.045248296127000806,0.12562498668734356,0.3292988468889725,0.04575348929745619,0.12562498668734356,0.12838467029533376,-0.056621152000951906,-0.05840858592833773,-0.021855032874352563,-3.3337782733845576e-19,0.11990412324666977,0.0,0.0,0.0,0.0,0.19922265870266773,0.18439252016205163
1.7722806930541992,0.14112623035907745,0.05368933081626892,0.13038836419582367,0.8927768468856812,-0.25003886222839355,0.32908662118901955,0.04572400220273001,0.12550982533015526,0.32915692770895644,0.046763546556053186,0.12562498668734354,0.12789286286580814,-0.05649912559171451,-0.0589654879566471,-0.022317894460178928,-3.8070639038988133e-19,0.0959232971072197,0.0,0.0,0.0,0.0,0.1984565147913568,0.1843925201620516
1.7923200130462646,0.1426602154970169,0.05368933081626892,0.13038836419582367,0.8927768468856812,-0.25003886222839355,0.32915692770895644,0.04676354655605319,0.12562498668734356,0.32908480588045586,0.047268413173302604,0.12562498668734354,0.12764436441155652,-0.056438427115652876,-0.05924426643138961,-0.022549448822988077,1.107407289597517e-17,0.0959232971072197,0.0,0.0,0.0,0.0,0.1980745488349846,0.18439252016205177
1.812272071838379,0.1457281857728958,0.052155349403619766,0.13038836419582367,0.8927768468856812,-0.25003886222839355,0.32890628368258656,0.048273121458264255,0.12613495284552664,0.32890628368258656,0.04827312145826426,0.12613495284552648,0.12735582144312435,-0.05583114992324899,-0.05992700611841179,-0.023292867173732003,1.1116990229957868e-17,0.0959232971072197,0.0,0.0,0.0,0.0,0.19699883361755746,0.18439252016205163
1.8322715759277344,0.14879614114761353,0.05062136799097061,0.13038836419582367,0.8927768468856812,-0.25003886222839355,0.3287239215914869,0.049277058434633925,0.12664486885929133,0.3287239215914869,0.04927705843463393,0.1266448688592913,0.1270618510576583,-0.05521880178862203,-0.060613055838486,-0.02404070743834677,1.1040807947482553e-17,0.0959232971072197,-0.023980824276804924,0.0,0.0,0.0,0.19592489633863122,0.18439252016205163
1.8522670269012451,0.15033012628555298,0.04908738657832146,0.13038836419582367,0.8943108320236206,-0.25003886222839355,0.3287239215914869,0.049277058434633925,0.12664486885929133,0.3284031425155295,0.049744176990194205,0.1270385873616251,0.12701452888531622,-0.054657555755598546,-0.06115638472838762,-0.024645364702333424,1.084526764409719e-17,0.0959232971072197,-0.04796164855360985,0.0,0.0,0.0,0.19535287456186387,0.18445699797821183
1.872267484664917,0.1533980816602707,0.04601942375302315,0.13038836419582367,0.8943108320236206,-0.25003886222839355,0.3285034766742953,0.05027497149382963,0.12766454565415603,0.3281800894124233,0.050740815462573294,0.1280575026939944,0.12692773534669943,-0.05353800135144526,-0.06197354169607674,-0.02568718129382046,1.0878375760174982e-17,0.0959232971072197,-0.07194247096776962,0.0,0.0,0.0,0.1939700629376931,0.18445699797821175
1.892272710800171,0.1564660519361496,0.04448544234037399,0.1288543939590454,0.8943108320236206,-0.25003886222839355,0.3282503703237657,0.0517833106707278,0.12898616213467645,0.32825037032376553,0.05178331067072778,0.12898616213467645,0.1267434407412258,-0.05269212597413861,-0.06256092026882723,-0.026474691177076126,-1.3419041901021516e-19,0.0959232971072197,-0.07194247096776962,0.0,0.0,0.0,0.19257617282955375,0.1844611982012812
1.9122717380523682,0.1595340073108673,0.04295146465301514,0.12732040882110596,0.8927768468856812,-0.25003886222839355,0.32852462057809023,0.05286006086063709,0.13003410014255873,0.32852462057809023,0.05286006086063709,0.13003410014255862,0.1265677653852785,-0.05184396211155915,-0.06301606963831817,-0.02717847258592946,1.1604590662220642e-17,0.0959232971072197,-0.0959232971072197,0.0,0.0,0.0,0.19105802977068528,0.18440025104888047
1.9322843551635742,0.16106799244880676,0.04141748324036598,0.12425244599580765,0.8943108320236206,-0.25003886222839355,0.32852462057809023,0.05286006086063709,0.13003410014255873,0.3287149292634663,0.05340810821608539,0.13126829752147137,0.12676611248071498,-0.05082602281433652,-0.06334797534947983,-0.027849369616003705,2.150803997130647e-17,0.11990412324666977,-0.0959232971072197,-0.04796164855360985,0.0,0.0,0.1898406019440942,0.18447153182721907
1.9522690773010254,0.16260196268558502,0.03988350182771683,0.11965050548315048,0.8927768468856812,-0.25003886222839355,0.32923243683489317,0.05349219049503555,0.13211213926582943,0.3295739763794663,0.054066714549391,0.13316707319096815,0.12712239025719038,-0.049593980138103115,-0.06329227199713634,-0.028361072179973072,-1.1037266106187876e-17,0.11990412324666977,-0.07194247096776962,-0.11990412324666977,0.0,0.0,0.1880523305628519,0.18441298627998765
1.9723410606384277,0.16566993296146393,0.03834952041506767,0.11504856497049332,0.8927768468856812,-0.25003886222839355,0.3301278433038894,0.05519818359605108,0.1349526793268358,0.3301278433038894,0.05519818359605108,0.13495267932683572,0.12721310543622744,-0.0482713974717485,-0.06366304463225791,-0.029212237876315758,-1.0225366086047925e-17,0.11990412324666977,-0.07194247096776962,-0.14388494193553925,0.0,0.0,0.18600632956894667,0.18441613541873655
1.9923386573791504,0.16873788833618164,0.03681553900241852,0.11044661700725555,0.8912428617477417,-0.25003886222839355,0.3308741609957018,0.05636699473489176,0.13686743126434464,0.3308741609957019,0.05636699473489176,0.13686743126434464,0.12732922455932771,-0.04694046903700508,-0.0638945466195499,-0.029971467989337176,-1.1735034955988485e-17,0.11990412324666977,-0.07194247096776962,-0.16786576807498932,0.0,0.0,0.18383475195901544,0.18434953089115125
2.012268543243408,0.1702718734741211,0.03528155758976936,0.1089126393198967,0.8912428617477417,-0.25003886222839355,0.3308741609957018,0.05636699473489176,0.13686743126434464,0.3309884361086431,0.05690906598136858,0.13780977201099326,0.12742939001116432,-0.04611052591552202,-0.06419922491173163,-0.03053857751266742,0.0,0.11990412324666977,-0.07194247096776962,-0.16786576807498932,0.0,0.0,0.18281986275059062,0.1843485823712332
2.0322682857513428,0.17180585861206055,0.03374757990241051,0.10737866163253784,0.8897088766098022,-0.25003886222839355,0.33109910845877477,0.05745114879105412,0.13875319956531293,0.33130477509254674,0.05748683533951143,0.13887809584499103,0.12754901743019192,-0.04528133796932192,-0.06436463286484577,-0.031009490834986043,-4.992612033296552e-19,0.11990412324666977,-0.07194247096776962,-0.14388494193553925,-0.023980824276804924,0.0,0.1816799139115901,0.18428051851395394
2.0522286891937256,0.17487381398677826,0.03221359848976135,0.10431069880723953,0.8897088766098022,-0.25003886222839355,0.331463902278576,0.05803835071451237,0.13930709207627412,0.33156833912332073,0.058580993249631175,0.14025300996840942,0.12752855313549605,-0.04413150231834356,-0.06485484867797317,-0.03185827328454738,5.081018865884106e-19,0.0959232971072197,-0.04796164855360985,-0.11990412324666977,-0.023980824276804924,0.0,0.17995405917602364,0.18427649625188186
2.072338819503784,0.1764077991247177,0.03221359848976135,0.10431069880723953,0.8881748914718628,-0.25003886222839355,0.3316828285813375,0.05912604248405658,0.14037918470143074,0.33168282858133735,0.05912604248405656,0.1403791847014307,0.12727834035289778,-0.04405716871850728,-0.06502098231110727,-0.0320186307914215,1.1548164707333387e-17,0.0959232971072197,-0.04796164855360985,-0.0959232971072197,-0.023980824276804924,0.0,0.17943721414942762,0.18420941177249367
2.0922691822052,0.17947575449943542,0.03221359848976135,0.10277671366930008,0.8881748914718628,-0.25003886222839355,0.33174516529981674,0.060187853841221134,0.14080965250350597,0.3317451652998165,0.06018785384122112,0.14080965250350588,0.12687975022295542,-0.04366745782821904,-0.0655150929377984,-0.0325588962439103,1.1028475627987815e-17,0.0959232971072197,-0.023980824276804924,-0.07194247096776962,-0.023980824276804924,0.0,0.17833453728837811,0.1842067087543671
2.112229585647583,0.18254372477531433,0.030679617077112198,0.10277671366930008,0.8881748914718628,-0.25003886222839355,0.33150427705443436,0.06119526077969406,0.1413268084255426,0.3315042770544342,0.06119526077969404,0.14132680842554254,0.1265634958348434,-0.042953246896707604,-0.06625548802259641,-0.0333853137055664,-5.015607338914794e-19,0.0959232971072197,-0.023980824276804924,-0.04796164855360985,-0.023980824276804924,0.0,0.1772532368231255,0.18420670875436698
2.132265329360962,0.1840776950120926,0.030679617077112198,0.10277671366930008,0.8881748914718628,-0.25003886222839355,0.33141001535715325,0.06170370627644165,0.1413268084255426,0.33141001535715325,0.06170370627644163,0.14132680842554257,0.1262849458722203,-0.04287056738599322,-0.06656497702557414,-0.033648814659975004,9.917186550006247e-18,0.0959232971072197,-0.023980824276804924,-0.023980824276804924,-0.023980824276804924,0.0,0.1768652451830849,0.18420670875436707
2.1522676944732666,0.18561168015003204,0.030679617077112198,0.10277671366930008,0.8881748914718628,-0.25003886222839355,0.33141001535715325,0.06170370627644165,0.1413268084255426,0.33131497290378964,0.06221201151738319,0.14132680842554252,0.12600425785420455,-0.04278809481862663,-0.06687478157812164,-0.03391247371487285,1.1529021513265518e-17,0.0959232971072197,-0.023980824276804924,0.0,0.0,0.0,0.17647810791894442,0.18420670875436695
2.1722304821014404,0.18867963552474976,0.030679617077112198,0.10277671366930008,0.8881748914718628,-0.25003886222839355,0.33121915082986947,0.06272017036662196,0.1413268084255426,0.3311225503030457,0.06322817669429374,0.14132680842554254,0.12543642504379263,-0.04262377932076471,-0.06749530373443972,-0.034440237585054524,5.011285250562257e-19,0.0959232971072197,0.0,0.0,0.0,0.0,0.17570643791394527,0.18420670875436698
2.1922903060913086,0.1902136206626892,0.030679617077112198,0.10277671366930008,0.8881748914718628,-0.25003886222839355,0.3310251696738536,0.06373603917466433,0.14132680842554263,0.3310251696738536,0.06373603917466432,0.1413268084255426,0.12514925065643023,-0.042541938407944783,-0.06780601327579168,-0.03470433558764168,-1.1502039402369127e-17,0.0959232971072197,0.0,0.0,0.0,0.0,0.17532191469606243,0.18420670875436704
2.212228775024414,0.19328159093856812,0.030679617077112198,0.10277671366930008,0.8881748914718628,-0.25003886222839355,0.3310251696738536,0.06373603917466433,0.14132680842554263,0.33082807183059615,0.0647513130069798,0.1413268084255426,0.12456832127456327,-0.042378898143862115,-0.06842829768670679,-0.035232937034491575,-1.0016594320767807e-18,0.0959232971072197,0.0,0.0,0.0,0.0,0.174555529073265,0.18420670875436712
2.232269763946533,0.19481556117534637,0.030679617077112198,0.10277671366930008,0.8866409063339233,-0.25003886222839355,0.3307283560527543,0.06525871704163722,0.14132680842554257,0.3309318196468366,0.06529886410756454,0.14145393888470117,0.12430103039739596,-0.04230399669188341,-0.06860171622151866,-0.03539639074487516,-2.2933024438862328e-17,0.11990412324666977,0.0,0.0,0.0,0.0,0.17404091155914844,0.18413942911079625
2.252286911010742,0.19788353145122528,0.03221359848976135,0.10277671366930008,0.8866409063339233,-0.25003886222839355,0.33088598205123776,0.06581731590202355,0.1409364646859536,0.3307846300008741,0.06632481244408946,0.14093646468595356,0.12346855177369298,-0.04270780496195868,-0.06909218517056444,-0.035611049722560476,-1.0911205542257301e-17,0.11990412324666977,0.0,0.0,0.0,0.0,0.1735890000763569,0.18413942911079634
2.2722675800323486,0.200951486825943,0.030679617077112198,0.10277671366930008,0.8851069211959839,-0.25003886222839355,0.33072794557782026,0.0673695509385384,0.14158138732219228,0.3307279455778202,0.0673695509385384,0.14158138732219225,0.12313422320241516,-0.04198702531424395,-0.06971418504141765,-0.03635477195011591,1.9440631028078166e-18,0.11990412324666977,0.0,0.0,-0.023980824276804924,0.0,0.1723857409267858,0.18407209641255134
2.2922348976135254,0.2040194571018219,0.030679617077112198,0.10277671366930008,0.8851069211959839,-0.25003886222839355,0.33072794557782026,0.0673695509385384,0.14158138732219228,0.3305197016447627,0.06838389579749721,0.1415813873221923,0.1225238562280811,-0.04182669723985353,-0.07034111597324144,-0.03688518300258972,1.2428219449666124e-18,0.11990412324666977,0.0,0.0,-0.023980824276804924,0.0,0.17163005705421652,0.1840720964125514
2.3123295307159424,0.20555342733860016,0.030679617077112198,0.10277671366930008,0.8835729360580444,-0.25003886222839355,0.3304144139580305,0.06889082252780286,0.14158138732219228,0.3306170519603971,0.06893307219388492,0.14170915343811538,0.12224555390238726,-0.04175265609105837,-0.0705181573801737,-0.037049661095453844,2.3022509861249425e-17,0.11990412324666977,0.0,0.0,-0.023980824276804924,0.0,0.17111734479102042,0.1840047107485805
2.332275390625,0.20862139761447906,0.030679617077112198,0.10277671366930008,0.8835729360580444,-0.25003886222839355,0.33040401172001693,0.06994706947678492,0.14170915343811546,0.330404011720017,0.06994706947678493,0.14170915343811538,0.12162228965648748,-0.041593512039178014,-0.07114701647704735,-0.03758074568601659,0.0,0.11990412324666977,0.0,0.0,-0.023980824276804924,0.0,0.17036629638351325,0.1840047107485805
2.352269172668457,0.21168935298919678,0.030679617077112198,0.10277671366930008,0.8835729360580444,-0.25003886222839355,0.33040401172001693,0.06994706947678492,0.14170915343811546,0.3301878626309993,0.07096040346731125,0.14170915343811538,0.12098960004017456,-0.041435294525872884,-0.07177676584679511,-0.03811214719684051,-7.913348565166136e-19,0.11990412324666977,0.0,0.0,-0.023980824276804924,0.0,0.1696191195282445,0.1840047107485804
2.372269868850708,0.21475732326507568,0.030679617077112198,0.10277671366930008,0.8835729360580444,-0.25003886222839355,0.3300786219852173,0.07146682305385678,0.14170915343811546,0.32996860462814837,0.07197307447111043,0.14170915343811538,0.12034736664881618,-0.04127801412225529,-0.07240735215429646,-0.03864382169027469,-1.001948570304143e-17,0.11990412324666977,0.0,0.0,0.0,0.0,0.168875865386422,0.18400471074858052
2.3922696113586426,0.21629129350185394,0.030679617077112198,0.10277671366930008,0.882038950920105,-0.25003886222839355,0.3300597928938419,0.07252353258713753,0.14183723693182304,0.3300597928938418,0.07252353258713753,0.14183723693182299,0.12005668410806293,-0.04120494946086823,-0.0725878290949774,-0.03880925288598413,1.1313969935213269e-17,0.11990412324666977,0.0,0.0,0.0,0.0,0.16836580685531627,0.18393727220799305
2.412269353866577,0.21935926377773285,0.030679617077112198,0.10277671366930008,0.882038950920105,-0.25003886222839355,0.32994815458284293,0.07302975387757933,0.14183723693182307,0.329835739867561,0.07353580332098122,0.141837236931823,0.11940093933947091,-0.041048920802497696,-0.07322010771824365,-0.03934139930310861,2.1251898060579668e-17,0.11990412324666977,0.0,0.0,0.0,0.0,0.16762748504616062,0.18393727220799316
2.43226957321167,0.2208932340145111,0.030679617077112198,0.10431069880723953,0.8805050253868103,-0.25003886222839355,0.3296824840704603,0.07403267768192504,0.14153319441683598,0.32968248407046025,0.074032677681925,0.14153319441683596,0.1189341370018636,-0.04121817817922697,-0.07350377544570874,-0.0394691606579537,-1.3426280682928515e-18,0.11990412324666977,0.0,0.0,-0.023980824276804924,0.0,0.16746825268972268,0.1838731971924552
2.4522762298583984,0.22396120429039001,0.030679617077112198,0.10277671366930008,0.8805050253868103,-0.25003886222839355,0.32969527609623217,0.07509878711082174,0.14196563250662203,0.3296952760962321,0.07509878711082173,0.14196563250662203,0.11843554665938257,-0.040821544224126885,-0.07403596358536525,-0.040039721140134994,-1.1259351777855412e-17,0.0959232971072197,0.0,0.0,-0.023980824276804924,0.0,0.1663851536456613,0.18386978350353297
2.4722671508789062,0.22702915966510773,0.030679617077112198,0.10277671366930008,0.8805050253868103,-0.25003886222839355,0.32969527609623217,0.07509878711082174,0.14196563250662203,0.3294633251276354,0.07610992249062663,0.14196563250662197,0.11775601379607956,-0.04066778778625128,-0.07467043627816564,-0.040572331046626275,1.035083449451956e-17,0.0959232971072197,0.0,0.0,-0.023980824276804924,0.0,0.16565606200735913,0.18386978350353295
2.492269277572632,0.22856314480304718,0.030679617077112198,0.10277671366930008,0.8805050253868103,-0.25003886222839355,0.3294633251276356,0.07610992249062666,0.14196563250662203,0.3293461860517604,0.07661522458915378,0.14196563250662203,0.11741245735844992,-0.04059128401207641,-0.07498787874757191,-0.04083864934911321,1.1230751958993888e-17,0.0959232971072197,0.0,0.0,0.0,0.0,0.16529309541988652,0.18386978350353297
2.5122714042663574,0.23009712994098663,0.030679617077112198,0.10277671366930008,0.8805050253868103,-0.25003886222839355,0.3293461860517604,0.07661522458915379,0.141965632506622,0.3292282719881004,0.07712034640363422,0.14196563250662195,0.11706635635042278,-0.040515032236096975,-0.0753054454484181,-0.041104965794845835,-9.112767938145909e-19,0.0959232971072197,0.0,0.0,0.0,0.0,0.1649311932663359,0.1838697835035329
2.532341480255127,0.23316508531570435,0.030679617077112198,0.10124273598194122,0.8805050253868103,-0.25003886222839355,0.32934998159669027,0.0776819830232551,0.14239844788876055,0.3292304311376227,0.0781871094049428,0.14239844788876063,0.11654423995300985,-0.04011663183031136,-0.07584557941183016,-0.04168253849962429,2.4296826164133643e-17,0.0959232971072197,0.0,0.0,0.0,0.0,0.1638531333926824,0.18386600553008114
2.552288770675659,0.2346990704536438,0.030679617077112198,0.09970875084400177,0.8805050253868103,-0.25003886222839355,0.32934968325296754,0.07874933606261861,0.14283164374918605,0.32934968325296754,0.0787493360626186,0.14283164374918603,0.11637030533592087,-0.03979316228481501,-0.07606905621067674,-0.041994998936422064,1.1706447488429e-17,0.0959232971072197,0.0,-0.023980824276804924,0.0,0.0,0.16313557450326385,0.1838618639407542
2.572268486022949,0.23623304069042206,0.030679617077112198,0.09664079546928406,0.8805050253868103,-0.25003886222839355,0.32934968325296754,0.07874933606261861,0.14283164374918605,0.32970553304593697,0.07936929174771552,0.1436991623055264,0.11637696832989378,-0.0392203102137616,-0.07619715707623582,-0.042353282692520006,-1.1222690247295027e-17,0.0959232971072197,0.0,-0.04796164855360985,0.0,0.0,0.1620601778875494,0.18385249283755414
2.5922739505767822,0.23930101096630096,0.030679617077112198,0.09050486981868744,0.8789710402488708,-0.25003886222839355,0.33005766579728313,0.0799899019709682,0.14456818422378465,0.33060505095480336,0.08065969143904497,0.145569939771576,0.11644267928908078,-0.03807180741381648,-0.07631869890307483,-0.04296830474308319,-1.487973110561275e-18,0.0959232971072197,0.0,-0.11990412324666977,0.0,0.0,0.159762044225786,0.18376074435697326
2.6122710704803467,0.24083499610424042,0.030679617077112198,0.08590292930603027,0.8789710402488708,-0.25003886222839355,0.3311824619686093,0.0813390368383886,0.14687943392932706,0.33118246196860934,0.08133903683838861,0.14687943392932704,0.11664689690160876,-0.03723953471332702,-0.07634475824268142,-0.04336948794759183,-1.9995614307127066e-17,0.0959232971072197,0.0,-0.16786576807498932,0.0,0.0,0.158329956302464,0.18373925001765737
2.6323447227478027,0.24236896634101868,0.029145635664463043,0.08130098134279251,0.8789710402488708,-0.25003886222839355,0.3311824619686093,0.0813390368383886,0.14687943392932706,0.3316877394592057,0.08200282772171383,0.14871641390335946,0.1171180176383461,-0.03577318367506213,-0.07652377804949177,-0.04412206780541933,-9.436171309379683e-19,0.0959232971072197,0.0,-0.1918465942144394,0.0,0.0,0.15657916963753857,0.18371454868923004
2.6522393226623535,0.24390295147895813,0.02761165425181389,0.0782330259680748,0.8789710402488708,-0.25003886222839355,0.33179131580257165,0.0825687119900175,0.1491551093028873,0.3319533870672034,0.08260904461758756,0.15011896163914382,0.11740722094604501,-0.03454453382469977,-0.07680358447529038,-0.04483778474477246,9.166485010787249e-18,0.07194247096776962,0.0,-0.21582742035388947,0.0,0.0,0.15518549696406733,0.18369630894808578
2.67228102684021,0.24543693661689758,0.026077674701809883,0.07516506314277649,0.8774370551109314,-0.25003886222839355,0.3322502810217672,0.0832243666428561,0.1506937323135861,0.33240783458635614,0.08326383175808462,0.1516598975720181,0.11775312127816984,-0.03330837587070184,-0.07694344710605146,-0.04544575634359922,-1.1439955408485596e-17,0.07194247096776962,-0.023980824276804924,-0.1918465942144394,0.0,0.0,0.153647626097157,0.18360653736728924
2.692270040512085,0.24697090685367584,0.023009711876511574,0.07516506314277649,0.8759030699729919,-0.25003886222839355,0.3323340380384213,0.08378733203991977,0.1528475334883692,0.3323340380384213,0.08378733203991978,0.15284753348836913,0.1179740702972062,-0.03192913175317068,-0.07745456071639906,-0.04633768331532659,4.496603825225353e-18,0.07194247096776962,-0.04796164855360985,-0.14388494193553925,-0.023980824276804924,0.0,0.1524994169028897,0.18353636357599523
2.712266683578491,0.25003886222839355,0.02147573232650757,0.07516506314277649,0.8743690848350525,-0.25003886222839355,0.3323340380384213,0.08378733203991977,0.1528475334883692,0.33219830461699373,0.08483790515343985,0.1535103762115788,0.11756838646687896,-0.031092117107846824,-0.0781620733235736,-0.04717363061391879,-1.4017423929392297e-17,0.07194247096776962,-0.0959232971072197,-0.0959232971072197,-0.023980824276804924,0.0,0.1512926169606056,0.1834661366576749
2.732267379760742,0.251572847366333,0.01840776950120926,0.07516506314277649,0.8743690848350525,-0.25003886222839355,0.331931106370065,0.08476966717866681,0.1538987987351173,0.33192154795490086,0.08530980974344424,0.15456202808624353,0.11773559227141017,-0.02967548190337485,-0.07881819132501747,-0.04819234311857175,-1.1620308398261897e-17,0.07194247096776962,-0.0959232971072197,-0.04796164855360985,-0.04796164855360985,0.0,0.15029662887916972,0.18346613665767483
2.752265214920044,0.25310683250427246,0.016873789951205254,0.07516506314277649,0.872835099697113,-0.25003886222839355,0.33204101974712597,0.08534051614357772,0.15522606186058707,0.33190971805052666,0.08584976152548975,0.155226061860587,0.11769050138556493,-0.02891447904889588,-0.07918542825442838,-0.04874180065226794,1.2530755192816204e-17,0.07194247096776962,-0.11990412324666977,0.0,-0.04796164855360985,0.0,0.14946449275748502,0.18339585670604908
2.7722675800323486,0.2546408176422119,0.013805827125906944,0.07516506314277649,0.872835099697113,-0.25003886222839355,0.33162643175325407,0.08631944792927013,0.15627762091311423,0.3316264317532541,0.08631944792927013,0.15627762091311423,0.11785615260542265,-0.027469710340885554,-0.0798449939536934,-0.0497723593981099,-1.2170525691606911e-17,0.07194247096776962,-0.0959232971072197,0.0,-0.04796164855360985,0.0,0.14847471256388975,0.18339585670604916
2.792279005050659,0.2577087879180908,0.013805827125906944,0.07516506314277649,0.872835099697113,-0.25003886222839355,0.33162643175325407,0.08631944792927013,0.15627762091311423,0.33136004596223007,0.08733646013045465,0.15627762091311423,0.11710733532977564,-0.027261212137053882,-0.0805560569812988,-0.05038350818506767,1.4113963342386762e-18,0.07194247096776962,-0.0959232971072197,0.0,-0.023980824276804924,0.0,0.14773085474663963,0.1833958567060492
2.812272310256958,0.2577087879180908,0.012271846644580364,0.07516506314277649,0.8713011145591736,-0.25003886222839355,0.33155287514814286,0.08738728405661193,0.15641692349117903,0.33147595760224957,0.08736701092392109,0.15694282744130592,0.11743557324061772,-0.02658405784979335,-0.08057454394676149,-0.05063731841389812,-1.1769396988885501e-17,0.07194247096776962,-0.07194247096776962,0.0,-0.023980824276804924,0.0,0.14727174793416534,0.1833255238150012
2.832265853881836,0.26077672839164734,0.012271846644580364,0.07516506314277649,0.8713011145591736,-0.25003886222839355,0.3312063612663366,0.08838354667482959,0.15694282744130594,0.33120636126633674,0.08838354667482962,0.15694282744130597,0.11667603825945787,-0.02637221896316666,-0.0812903405807966,-0.051252866048101385,-2.3951911633002213e-17,0.07194247096776962,-0.04796164855360985,0.0,-0.023980824276804924,0.0,0.14653010228058924,0.18332552381500106
2.852285146713257,0.26077672839164734,0.012271846644580364,0.07516506314277649,0.8697671294212341,-0.25003886222839355,0.3313986197881722,0.08843485151684205,0.1570827411598363,0.33139861978817226,0.08843485151684205,0.1570827411598363,0.11673680661394253,-0.026374474544550927,-0.08115487732444727,-0.05113898461951828,-1.4494616179825778e-17,0.07194247096776962,-0.023980824276804924,0.0,-0.023980824276804924,0.0,0.14637763043656649,0.18325513807857646
2.8723361492156982,0.26384469866752625,0.012271846644580364,0.07516506314277649,0.8697671294212341,-0.25003886222839355,0.3313986197881722,0.08843485151684205,0.1570827411598363,0.3311257450841337,0.08945115484323707,0.15708274115983636,0.11596573911574416,-0.02616331653434474,-0.08187256294484763,-0.051755304189243546,-1.0698692190387468e-17,0.07194247096776962,0.0,0.0,-0.023980824276804924,0.0,0.14563962940935074,0.18325513807857644
2.892263889312744,0.2653786838054657,0.012271846644580364,0.07516506314277649,0.8713011145591736,-0.25003886222839355,0.3311257450841337,0.08945115484323703,0.15708274115983634,0.3307961184239535,0.08990680231080804,0.15694282744130597,0.11551287989993535,-0.026056325919154383,-0.08236585148455647,-0.05217686042986587,-1.0682340227661856e-17,0.07194247096776962,0.0,0.0,-0.023980824276804924,0.0,0.14542674654146975,0.18332552381500117
2.9122931957244873,0.26691266894340515,0.012271846644580364,0.07516506314277649,0.8697671294212341,-0.25003886222839355,0.33084975368079733,0.09046661621652019,0.1570827411598363,0.33084975368079744,0.0904666162165202,0.15708274115983636,0.11518180025707152,-0.02595317432157483,-0.08259114879220959,-0.052371924002890924,-2.4337513085972684e-17,0.07194247096776962,0.0,0.0,-0.023980824276804924,0.0,0.1449065598498397,0.1832551380785764
2.932227849960327,0.2684466540813446,0.012271846644580364,0.07516506314277649,0.8682331442832947,-0.25003886222839355,0.3309022422296708,0.09102674912255168,0.1572229599555745,0.3309022422296708,0.09102674912255168,0.15722295995557456,0.11484876935067632,-0.02585006030304263,-0.08281733028035315,-0.052567276280611315,-2.3888148477518207e-17,0.07194247096776962,0.0,0.0,-0.023980824276804924,0.0,0.14438653994766404,0.18318469959098319
2.952268600463867,0.2715145945549011,0.012271846644580364,0.07516506314277649,0.8666991591453552,-0.25003886222839355,0.3309022422296708,0.09102674912255168,0.1572229599555745,0.3308127028691581,0.09209475844709787,0.1573634834985704,0.11411146565141285,-0.025642523901423332,-0.08340531167500011,-0.05307182294701328,-2.256984433202512e-17,0.07194247096776962,0.0,0.0,-0.023980824276804924,0.0,0.14350337179069003,0.1831142084465924
2.9722325801849365,0.2730485796928406,0.012271846644580364,0.07516506314277649,0.8651651740074158,-0.25003886222839355,0.33081270286915815,0.09209475844709786,0.15736348349857038,0.33086203412003484,0.09265559775005289,0.1575043114581566,0.11377168507266121,-0.025539606232656612,-0.08363392850560587,-0.0532680062853323,9.729867779840427e-18,0.07194247096776962,0.0,0.0,-0.04796164855360985,0.0,0.14298438666949223,0.18304366473993844
2.99222993850708,0.2761165499687195,0.012271846644580364,0.07516506314277649,0.8651651740074158,-0.25003886222839355,0.3305762128376132,0.09367023498640191,0.15750431145815652,0.3305762128376131,0.09367023498640192,0.15750431145815658,0.11295145052825105,-0.02533172305686873,-0.08435754805167604,-0.05388638339754032,1.4130583193112264e-17,0.0959232971072197,0.0,0.0,-0.04796164855360985,0.0,0.14226297773632604,0.18304366473993836
3.0122299194335938,0.27765053510665894,0.012271846644580364,0.07516506314277649,0.8636311888694763,-0.25003886222839355,0.33062267146903984,0.09423152875619153,0.15764544350294935,0.33062267146903995,0.09423152875619155,0.15764544350294937,0.11260394215431613,-0.025229094546611385,-0.08458834278389568,-0.05408333162349517,-8.614469825771651e-19,0.0959232971072197,0.0,0.0,-0.04796164855360985,0.0,0.14174559773063858,0.18297306856571893
3.0322673320770264,0.2791845202445984,0.012271846644580364,0.07516506314277649,0.8620972037315369,-0.25003886222839355,0.33062267146903984,0.09423152875619153,0.15764544350294935,0.330667977166466,0.09479312562421172,0.15778687930084953,0.11225429050087463,-0.02512652358672429,-0.08482002434894945,-0.0542805565379181,-1.5910189016956207e-18,0.0959232971072197,0.0,0.0,-0.04796164855360985,0.0,0.14122844314030822,0.1829024200187948
3.0522289276123047,0.2822524607181549,0.012271846644580364,0.07516506314277649,0.8620972037315369,-0.25003886222839355,0.33052217692855573,0.09530025365852263,0.1577868793008495,0.33037560179090014,0.09580714759489896,0.15778687930084953,0.1114088615932162,-0.024920271071676908,-0.08554664344701043,-0.05489978939228702,-8.624969092502481e-19,0.0959232971072197,0.0,0.0,-0.04796164855360985,0.0,0.14051522026619245,0.18290242001879478
3.0722298622131348,0.28378644585609436,0.012271846644580364,0.07209710031747818,0.8620972037315369,-0.25003886222839355,0.33059097533474197,0.09586960476422696,0.15823426395806672,0.3306581412417247,0.0964392083568078,0.15868198990469903,0.11144031313432223,-0.024238154667871104,-0.08572456393621529,-0.055330182075426525,-3.3027382170385275e-17,0.0959232971072197,0.0,0.0,-0.023980824276804924,0.0,0.13941995565110193,0.18287832125334436
3.0922293663024902,0.2853204309940338,0.012271846644580364,0.06749515980482101,0.8620972037315369,-0.25003886222839355,0.3311494224982745,0.09713393104285988,0.16002722015479337,0.33114942249827434,0.0971339310428599,0.1600272201547934,0.1117082134311639,-0.02325878457632279,-0.08580686879513652,-0.05582143062895274,-1.0472618704290095e-17,0.0959232971072197,0.0,-0.04796164855360985,0.0,0.0,0.13795605651046164,0.18283956720469566
3.1122806072235107,0.2883884012699127,0.013805827125906944,0.061359234154224396,0.8605632185935974,-0.25003886222839355,0.3311494224982745,0.09713393104285988,0.16002722015479337,0.3319639343992233,0.09847992841391302,0.16143896681879263,0.11158182094973106,-0.022606412723527924,-0.0858506571243627,-0.056171957856145566,1.6908334500339436e-18,0.0959232971072197,0.0,-0.11990412324666977,0.0,0.0,0.13592159944365967,0.1827111190065846
3.1322333812713623,0.2899223864078522,0.012271846644580364,0.05368933081626892,0.8605632185935974,-0.25003886222839355,0.33229728509870704,0.09857881973800012,0.1628718685189366,0.33276591325139093,0.09927347702882758,0.16422706969631298,0.1126440552832153,-0.020265343184475443,-0.08589476179578137,-0.05717676886642727,-1.315656901316327e-17,0.0959232971072197,0.0,-0.1918465942144394,0.0,0.0,0.133416047568506,0.18263209503849942
3.1522321701049805,0.2914563715457916,0.012271846644580364,0.04908738657832146,0.8590292930603027,-0.25003886222839355,0.33300451741088116,0.09990120170954586,0.1648260063161649,0.3334127363765919,0.10002366721107188,0.16573237354399592,0.11303045537972124,-0.019249565384665195,-0.08582142710004426,-0.05754391470272569,8.272077154888439e-19,0.0959232971072197,0.0,-0.2637890577316284,-0.023980824276804924,0.0,0.1318007484840795,0.18250752598697442
3.172274351119995,0.2929903268814087,0.013805827125906944,0.04141748324036598,0.8559613227844238,-0.25003886222839355,0.33405054088772246,0.10077380200034915,0.16724269415928278,0.33472821991819846,0.10097823900636475,0.16776585976691294,0.11372110362609615,-0.018391095610273488,-0.08519677977431807,-0.0574657637034096,-1.7836323449399738e-18,0.0959232971072197,0.0,-0.31175071001052856,-0.04796164855360985,0.0,0.1296186338341157,0.18226663272328625
3.1922898292541504,0.29452431201934814,0.012271846644580364,0.03528155758976936,0.8544273376464844,-0.25003886222839355,0.33545545409306765,0.10175929977015012,0.17027820045250436,0.33545545409306776,0.10175929977015016,0.17027820045250427,0.11470151702316,-0.016270270147536365,-0.08514275756153981,-0.05826441095204694,1.2530594818095856e-17,0.07194247096776962,0.0,-0.31175071001052856,-0.04796164855360985,0.0,0.12735126352094497,0.18211052670849417
3.212230920791626,0.29759228229522705,0.012271846644580364,0.03221359848976135,0.8528933525085449,-0.25003886222839355,0.33545545409306765,0.10175929977015012,0.17027820045250436,0.33571503771994365,0.10296383507147461,0.17134494697982805,0.11444838861894524,-0.015395160220427475,-0.0855673084216382,-0.058924999404295686,3.749552863269818e-18,0.07194247096776962,0.0,-0.31175071001052856,-0.07194247096776962,0.0,0.1257246786314631,0.18199267721083465
3.232231616973877,0.2991262674331665,0.012271846644580364,0.02761165425181389,0.8528933525085449,-0.25003886222839355,0.336103361149451,0.10308293390547899,0.17226196879090558,0.3361378995892494,0.10365792612950321,0.17272094591803014,0.1148091194083452,-0.014323860578067988,-0.08560083426495689,-0.05940639341062951,-1.2631748896725806e-17,0.07194247096776962,0.0,-0.2637890577316284,-0.07194247096776962,0.0,0.12428195856708252,0.18192519622614212
3.252271890640259,0.3021942377090454,0.012271846644580364,0.026077674701809883,0.8513593673706055,-0.25003886222839355,0.33635140563993665,0.10428905929043311,0.17333324741777228,0.33619103209975787,0.10480489444364764,0.17333324741777226,0.11429337587958906,-0.013741949345631563,-0.08616252975766259,-0.06003955544033245,8.021844142031957e-19,0.07194247096776962,0.0,-0.21582742035388947,-0.07194247096776962,0.0,0.12300644970024746,0.18182669344795305
3.272270917892456,0.3021942377090454,0.012271846644580364,0.023009711876511574,0.849825382232666,-0.25003886222839355,0.3363823405263004,0.104864533332064,0.17379313210388686,0.33675282912740623,0.10498003022229617,0.17440720778800387,0.11492950446366323,-0.013111519663162171,-0.08575180021476811,-0.05997986692335095,-3.882351279921259e-18,0.0959232971072197,0.0,-0.16786576807498932,-0.04796164855360985,0.0,0.12214152621892962,0.18170348394863267
3.292236089706421,0.30526217818260193,0.012271846644580364,0.02147573232650757,0.849825382232666,-0.25003886222839355,0.3365913983202464,0.10549647030876243,0.17440720778800387,0.33661872474500265,0.10607240231032594,0.17486799334146383,0.11431977903335525,-0.012512743828491543,-0.0864722257338283,-0.060761153078886534,-2.2662081759333515e-17,0.07194247096776962,0.0,-0.11990412324666977,-0.04796164855360985,0.0,0.12102177721278759,0.181679096886478
3.3122310638427734,0.3067961633205414,0.012271846644580364,0.02147573232650757,0.8482913970947266,-0.25003886222839355,0.33663475832118367,0.10664539768467107,0.17502245473862027,0.33663475832118367,0.10664539768467106,0.17502245473862024,0.11396831184771092,-0.012377677120144003,-0.08675095544148788,-0.0609951575191644,-1.99181080372201e-18,0.07194247096776962,0.0,-0.0959232971072197,-0.04796164855360985,0.0,0.12047964040454569,0.18160323885503543
3.3322713375091553,0.30833014845848083,0.012271846644580364,0.02147573232650757,0.8467574119567871,-0.25003886222839355,0.33664959966630487,0.10721861974479602,0.17517720421684735,0.3366495996663049,0.10721861974479605,0.17517720421684738,0.11361404704065459,-0.012242480007779258,-0.08703115208254202,-0.061229867860077974,8.006843336045244e-19,0.07194247096776962,0.0,-0.04796164855360985,-0.04796164855360985,0.0,0.11993776919693828,0.1815273280284869
3.3522682189941406,0.31139811873435974,0.012271846644580364,0.02147573232650757,0.8467574119567871,-0.25003886222839355,0.33664959966630487,0.10721861974479602,0.17517720421684735,0.33631907229782615,0.10825094449561272,0.17517720421684738,0.11269814209457457,-0.011963033467945796,-0.087892813963049,-0.06197868911885785,-2.6260314862606906e-17,0.0959232971072197,0.0,-0.023980824276804924,-0.04796164855360985,0.0,0.11917847010910405,0.18152732802848684
3.3722681999206543,0.3129321038722992,0.012271846644580364,0.023009711876511574,0.8452234268188477,-0.25003886222839355,0.3363190722978261,0.10825094449561268,0.1751772042168474,0.33614254929887166,0.1087634664483617,0.17487059161915877,0.11205041848525947,-0.012155433924948542,-0.08830125519429181,-0.062168204342752886,1.0660286439488193e-17,0.0959232971072197,0.0,0.0,-0.023980824276804924,0.0,0.11899815964168792,0.1814761482276961
3.3922653198242188,0.31446605920791626,0.012271846644580364,0.023009711876511574,0.8452234268188477,-0.25003886222839355,0.33616363362285173,0.10934021806067538,0.17533224141200254,0.3359753155898017,0.10927896594194814,0.17487059161915872,0.11158036638615752,-0.012017519587915306,-0.0887321159043792,-0.06254164053623626,-1.2709678290587836e-17,0.0959232971072197,0.0,0.0,-0.023980824276804924,0.0,0.11862304075104083,0.18147614822769625
3.4123406410217285,0.3160000443458557,0.012271846644580364,0.02147573232650757,0.8452234268188477,-0.25003886222839355,0.33599551190415305,0.10985575923155343,0.17533224141200254,0.33599551190415317,0.10985575923155344,0.17533224141200254,0.11139071246589524,-0.011549255257460436,-0.0890429134077013,-0.06296666926364837,-1.401538455398275e-17,0.0959232971072197,0.0,0.0,-0.023980824276804924,0.0,0.11788716640543129,0.18145136451155947
3.43228816986084,0.3206019997596741,0.012271846644580364,0.02147573232650757,0.8452234268188477,-0.25003886222839355,0.3354864045335171,0.11140082687865618,0.17533224141200254,0.33548640453351714,0.11140082687865621,0.17533224141200252,0.10994083672164098,-0.011133632099814855,-0.09034497821831255,-0.06409509834488261,1.1125489948447806e-17,0.07194247096776962,0.0,0.0,-0.023980824276804924,0.0,0.11677213753163053,0.18145136451155947
3.4523401260375977,0.3221359848976135,0.012271846644580364,0.023009711876511574,0.8436894416809082,-0.25003886222839355,0.3354864045335171,0.11140082687865618,0.17533224141200254,0.33530508106363316,0.11191197526325876,0.17502562881536135,0.10926233210376954,-0.011334517271353636,-0.09074989777767495,-0.06427685106009791,7.617511872220022e-18,0.07194247096776962,0.0,0.0,-0.023980824276804924,0.0,0.1166044470811431,0.18140026442637525
3.47226881980896,0.323669970035553,0.012271846644580364,0.02147573232650757,0.8406214714050293,-0.25003886222839355,0.3354977940078027,0.11254856775484984,0.17564317749314287,0.33567482555511685,0.11260795606515615,0.1757990756474612,0.10926656033261734,-0.010865334073985539,-0.09078606160311975,-0.06444091347682863,2.8994875581441715e-17,0.0959232971072197,0.0,0.0,-0.023980824276804924,0.0,0.11553509051693861,0.1812231588682053
3.4922728538513184,0.32520392537117004,0.012271846644580364,0.02147573232650757,0.8406214714050293,-0.25003886222839355,0.3355016951232803,0.11312273356861402,0.1757990756474611,0.33550169512328043,0.11312273356861405,0.17579907564746114,0.10876564410042514,-0.010727162253626948,-0.09122388651459476,-0.06481903067461252,1.1933909480490051e-17,0.0959232971072197,0.0,0.0,-0.04796164855360985,0.0,0.11516786635889165,0.1812231588682053
3.5122692584991455,0.32827189564704895,0.012271846644580364,0.02147573232650757,0.8406214714050293,-0.25003886222839355,0.33515305953978813,0.11415150880189628,0.1757990756474611,0.33515305953978825,0.11415150880189631,0.1757990756474612,0.10774856965740615,-0.010451746234007546,-0.09210039024703798,-0.06557557949377282,-8.175904356819363e-19,0.07194247096776962,0.0,0.0,-0.04796164855360985,0.0,0.11443850862708387,0.18122315886820525
3.5322301387786865,0.3298058807849884,0.012271846644580364,0.02147573232650757,0.8390874862670898,-0.25003886222839355,0.33515305953978813,0.11415150880189628,0.1757990756474611,0.3351539959156343,0.11472589002169381,0.17595526005537573,0.1073412114234302,-0.010316155864625672,-0.09239856389015585,-0.0658194070435403,-1.7207316115029375e-17,0.07194247096776962,0.0,0.0,-0.04796164855360985,0.0,0.11390654583180151,0.18114698564027498
3.5522303581237793,0.33133986592292786,0.012271846644580364,0.019941750913858414,0.8375535607337952,-0.25003886222839355,0.33516329738059875,0.11530375542286109,0.17641835938251765,0.3353391811132772,0.11536426340525094,0.1765751090972439,0.10723006900183536,-0.009834946577066624,-0.09259185351779224,-0.06613096921298017,3.8822667113178205e-18,0.07194247096776962,0.0,0.0,-0.04796164855360985,0.0,0.11300160230477563,0.18104499568218319
3.57226824760437,0.3328738510608673,0.012271846644580364,0.01840776950120926,0.8375535607337952,-0.25003886222839355,0.33516181957218755,0.1158785327911078,0.1765751090972439,0.3353465058294624,0.1159423860442827,0.17703879423587518,0.10700771353065039,-0.009348303601290879,-0.09292870060863108,-0.0665808795499315,-1.28132999415696e-17,0.07194247096776962,0.0,-0.023980824276804924,-0.023980824276804924,0.0,0.11226640148276483,0.18101890695397863
3.592258930206299,0.33594179153442383,0.012271846644580364,0.015339808538556099,0.8360195755958557,-0.25003886222839355,0.3357056333071708,0.1160665504412147,0.17766038816142532,0.33553088584091784,0.11715979802196322,0.17812495467420483,0.10667133485872606,-0.008365080664019309,-0.09346881378881709,-0.06735392891306778,-5.4448738666918946e-18,0.07194247096776962,0.0,-0.04796164855360985,-0.023980824276804924,0.0,0.11062493601758869,0.1808889630233172
3.6122705936431885,0.3374757766723633,0.012271846644580364,0.012271846644580364,0.8360195755958557,-0.25003886222839355,0.33571438910009904,0.11780195315186413,0.17905497629872835,0.3357143891000991,0.11780195315186417,0.1790549762987283,0.1067544728357439,-0.007510358144565221,-0.09370517742606829,-0.06788316391390828,-1.925640685505607e-17,0.07194247096776962,0.0,-0.07194247096776962,-0.023980824276804924,0.0,0.10951618132680532,0.18083428497651335
3.632262945175171,0.3374757766723633,0.012271846644580364,0.00920388475060463,0.8344855904579163,-0.25003886222839355,0.3362487716555732,0.11798946763086483,0.1801454845784169,0.3362487716555732,0.11798946763086482,0.1801454845784169,0.10749806937073578,-0.0067960978688284,-0.09333598270097138,-0.06787593202412268,0.0,0.07194247096776962,0.0,-0.11990412324666977,-0.023980824276804924,0.0,0.10860238038474906,0.18070095323134275
3.6522276401519775,0.3405437469482422,0.012271846644580364,0.004601942375302315,0.8329516053199768,-0.25003886222839355,0.3362487716555732,0.11798946763086483,0.1801454845784169,0.3365926030551107,0.11927117881462981,0.18170575102080302,0.10749513312584978,-0.005407549192256676,-0.09377234260795694,-0.06873548314243817,8.277443984164308e-18,0.07194247096776962,0.0,-0.14388494193553925,-0.023980824276804924,0.0,0.10658801671130695,0.18053643992336854
3.6722867488861084,0.34207773208618164,0.012271846644580364,0.0015339808305725455,0.8314176201820374,-0.25003886222839355,0.33676937297640525,0.11933381702087799,0.18217322088273125,0.33693347223852554,0.11997403056560109,0.18280225136985206,0.10772208010911531,-0.004518355997439835,-0.0938582556414661,-0.06912932113748478,-8.287363812011451e-18,0.07194247096776962,0.0,-0.16786576807498932,-0.023980824276804924,0.0,0.10531109795561568,0.18039867668034873
3.692319393157959,0.3436117172241211,0.012271846644580364,-0.0015339808305725455,0.8298836350440979,-0.25003886222839355,0.3372691054782425,0.12067682345237685,0.18390129013848822,0.3372691054782426,0.12067682345237689,0.18390129013848822,0.10795764843142594,-0.0036176181612448846,-0.0939418762808515,-0.06952419267720046,-1.6223173414934522e-18,0.07194247096776962,0.0,-0.16786576807498932,-0.04796164855360985,0.0,0.10403500112118907,0.1802590907956796
3.7122647762298584,0.34514567255973816,0.012271846644580364,-0.006135923322290182,0.8298836350440979,-0.25003886222839355,0.3372691054782425,0.12067682345237685,0.18390129013848822,0.33760149097561803,0.12138023947889351,0.18530963960329605,0.10840670305334336,-0.0023253825794754207,-0.09404693165664225,-0.07013095478011809,-1.4927147041890636e-17,0.07194247096776962,0.0,-0.16786576807498932,-0.04796164855360985,0.0,0.10256525970658516,0.18016467010843484
3.7322306632995605,0.3466796576976776,0.012271846644580364,-0.006135923322290182,0.8283496499061584,-0.25003886222839355,0.3374148983585284,0.12189797213496907,0.18530963960329605,0.33758453070770017,0.1219592552599085,0.18547285914678727,0.10798482058340472,-0.002158964705312599,-0.09438663578569134,-0.07040978049944974,-8.296201623642808e-18,0.07194247096776962,0.0,-0.14388494193553925,-0.04796164855360985,0.0,0.10202084896738763,0.18008577673391124
3.7522857189178467,0.34821364283561707,0.012271846644580364,-0.0076699042692780495,0.8283496499061584,-0.25003886222839355,0.33756790034392453,0.12253898085345169,0.18594314646255583,0.33756790034392453,0.12253898085345168,0.18594314646255586,0.10776515890931888,-0.0016080160038462487,-0.09475354867828048,-0.07090389181765043,-1.9243164854781162e-17,0.07194247096776962,0.0,-0.11990412324666977,-0.04796164855360985,0.0,0.10128201752630173,0.1800535550910137
3.772230386734009,0.3497476279735565,0.012271846644580364,-0.0076699042692780495,0.826815664768219,-0.25003886222839355,0.3375485025785363,0.12311829200276994,0.1861069185841211,0.3375485025785362,0.1231182920027699,0.18610691858412112,0.10733538488832331,-0.0014391518801261157,-0.09509843595288528,-0.07118649585617157,8.136347250299387e-19,0.07194247096776962,0.0,-0.07194247096776962,-0.04796164855360985,0.0,0.10073808944696243,0.179974480289968
3.7922303676605225,0.3528155982494354,0.012271846644580364,-0.0076699042692780495,0.826815664768219,-0.25003886222839355,0.3371691913342642,0.12415329972936626,0.1861069185841211,0.33716919133426415,0.12415329972936619,0.18610691858412112,0.10618929478516093,-0.001099621817130133,-0.09609746732401304,-0.0720571659238604,-2.0210422861533967e-17,0.07194247096776962,0.0,-0.023980824276804924,-0.04796164855360985,0.0,0.0999983872158757,0.17997448028996807
3.8122241497039795,0.3543495833873749,0.013805827125906944,-0.0076699042692780495,0.8252816796302795,-0.25003886222839355,0.3371691913342642,0.12415329972936626,0.1861069185841211,0.3372635742675361,0.12477589082787047,0.1857194347899541,0.10538521292566595,-0.0019365150169267395,-0.09622705555338121,-0.0718286774918773,8.981799261995103e-18,0.07194247096776962,0.0,0.0,-0.04796164855360985,0.0,0.09976409276338855,0.1798953534227415
3.8322832584381104,0.35588353872299194,0.012271846644580364,-0.0076699042692780495,0.8237476944923401,-0.25003886222839355,0.3372401321847408,0.12535567049550664,0.18588348262403484,0.3371231847216761,0.12531219990512868,0.18643528957626632,0.10529276728088816,-0.0007603541255360353,-0.09680006391580936,-0.0726296994280906,-6.078364760251135e-18,0.07194247096776962,0.0,0.0,-0.023980824276804924,0.0,0.09891689575586496,0.1798161746011169
3.8522706031799316,0.35895150899887085,0.012271846644580364,-0.0076699042692780495,0.8237476944923401,-0.25003886222839355,0.336930561100849,0.12582919422063954,0.18643528957626626,0.3367371446453686,0.1263458924462224,0.18643528957626637,0.10409607245253767,-0.00042172107589013387,-0.09780698197758943,-0.07350479185720946,0.0,0.0959232971072197,0.0,0.0,-0.023980824276804924,0.0,0.09819013852192299,0.179816174601117
3.8722710609436035,0.3604854941368103,0.012271846644580364,-0.0076699042692780495,0.8237476944923401,-0.25003886222839355,0.33673714464536864,0.12634589244622244,0.18643528957626626,0.3365429358103654,0.12686229336602967,0.18643528957626632,0.10348736674488043,-0.00025294665207002307,-0.09831084071499425,-0.07394245197276748,-7.04390241362202e-18,0.0959232971072197,0.0,0.0,-0.023980824276804924,0.0,0.09782989890383088,0.17981617460111685
3.8922290802001953,0.3635534644126892,0.012271846644580364,-0.0076699042692780495,0.8222137093544006,-0.25003886222839355,0.3363195419975684,0.12795788798865004,0.18659988767415314,0.33631954199756836,0.12795788798865002,0.18659988767415323,0.10239129871281644,8.589779552883798e-05,-0.0991754355632203,-0.07467157997763496,1.2607281835248177e-17,0.0959232971072197,0.0,0.0,-0.023980824276804924,0.0,0.09693706761163236,0.17973694393704065
3.9122731685638428,0.36508744955062866,0.012271846644580364,-0.0076699042692780495,0.8206797242164612,-0.25003886222839355,0.3363195419975684,0.12795788798865004,0.18659988767415314,0.33628992610110336,0.12853750246654905,0.18676476032370878,0.10190561303283091,0.0002566724958292767,-0.09953806179756801,-0.07496414263041476,7.16803165192913e-18,0.0959232971072197,0.0,0.0,-0.023980824276804924,0.0,0.09640306124262696,0.1796576615426222
3.9322707653045654,0.36968937516212463,0.012271846644580364,-0.0076699042692780495,0.8206797242164612,-0.25003886222839355,0.33609235974248186,0.12905320476514257,0.18676476032370867,0.33569484724375304,0.1300837171648206,0.1867647603237087,0.09997673128048266,0.0007595577892314599,-0.10105909164969593,-0.07628123101913685,-1.2628948878934378e-17,0.0959232971072197,0.0,0.0,-0.04796164855360985,0.0,0.09534998446662889,0.17965766154262217
3.952235698699951,0.3712233603000641,0.012271846644580364,-0.0076699042692780495,0.8191457390785217,-0.25003886222839355,0.3358613808169354,0.13014824989867144,0.18692990713696941,0.33566134025478284,0.13066330293662587,0.18692990713696941,0.0994655534466511,0.0009306956955830474,-0.10142787047367913,-0.0765770578898683,-7.353222795844887e-18,0.0959232971072197,0.0,0.0,-0.04796164855360985,0.0,0.09482094355520054,0.17957832753013567
3.972271680831909,0.37275734543800354,0.012271846644580364,-0.0076699042692780495,0.8160778284072876,-0.25003886222839355,0.3357924642305596,0.13130785552777768,0.18726101525600358,0.33579246423055975,0.13130785552777768,0.18726101525600372,0.09909657911157675,0.0011066843375633743,-0.10166068332676388,-0.07673101912447622,-3.2662689414566434e-17,0.0959232971072197,0.0,0.0,-0.04796164855360985,0.0,0.09410974971563778,0.17941950818848143
3.992340087890625,0.37582531571388245,0.012271846644580364,-0.00920388475060463,0.8160778284072876,-0.25003886222839355,0.33555455564908415,0.13240314260229127,0.18773377552150877,0.3355545556490841,0.13240314260229122,0.1877337755215088,0.09811333831932344,0.0018645962985247733,-0.10259839116790472,-0.07772255938671314,7.497563030904853e-18,0.0959232971072197,0.0,0.0,-0.04796164855360985,0.0,0.09303272920508912,0.17938594438608435
4.012288331985474,0.3773592710494995,0.012271846644580364,-0.012271846644580364,0.8145438432693481,-0.25003886222839355,0.33555455564908415,0.13240314260229127,0.18773377552150877,0.33584648811264595,0.13311407703591172,0.1888469009690259,0.09832100729543104,0.0028974564900476492,-0.10280601321602649,-0.07824559438691298,-1.2775005873507037e-17,0.0959232971072197,0.0,-0.023980824276804924,-0.04796164855360985,0.0,0.09172649622980021,0.17923802319223503
4.032275915145874,0.3804272413253784,0.012271846644580364,-0.015339808538556099,0.8130098581314087,-0.25003886222839355,0.3359699916355525,0.13375972763938743,0.18948807753208607,0.335927453466802,0.13434014505801473,0.1899624692735145,0.09783995094319321,0.00412656240346613,-0.10354552016844545,-0.07923389429005645,0.0,0.0959232971072197,0.0,-0.07194247096776962,-0.07194247096776962,0.0,0.0900764020854811,0.17908831620295848
4.052228212356567,0.38196122646331787,0.012271846644580364,-0.019941750913858414,0.8114758729934692,-0.25003886222839355,0.33625151021429966,0.1344697380103519,0.19091205747342155,0.33636839523172624,0.1351153528282576,0.19155592760192797,0.09844672472273767,0.005648713911639615,-0.10367105843455897,-0.0798873829979636,6.07425294474707e-18,0.0959232971072197,0.0,-0.0959232971072197,-0.07194247096776962,0.0,0.08838296038055644,0.17890075301314873
4.072227954864502,0.3834952116012573,0.012271846644580364,-0.02454369328916073,0.8099418878555298,-0.25003886222839355,0.33669055251604596,0.13524475973970979,0.19220086877729825,0.3367999775992727,0.1358890939140899,0.1931536520520662,0.09907769068781704,0.00720637350350005,-0.10378703003518722,-0.08054394895627316,-1.3997393278205888e-17,0.0959232971072197,0.0,-0.14388494193553925,-0.04796164855360985,0.0,0.08669461428228195,0.17870965985105605
4.09222936630249,0.3850291967391968,0.012271846644580364,-0.029145635664463043,0.8084079027175903,-0.25003886222839355,0.3372754009139131,0.13608091353329727,0.19427802811076655,0.3372221867518139,0.13666131971084425,0.1947555976299732,0.0997335698757102,0.0088013797162175,-0.10389224828547175,-0.08120327385672824,8.572882166723217e-19,0.07194247096776962,0.0,-0.1918465942144394,-0.04796164855360985,0.0,0.08501179286074864,0.17851505841078266
4.112230062484741,0.38656318187713623,0.012271846644580364,-0.03374757990241051,0.8053399324417114,-0.25003886222839355,0.3376917847214057,0.1368516271128455,0.19588311678628156,0.33779419992976306,0.13749677904252575,0.19653385654046165,0.10059289574254296,0.010445097000375783,-0.10383163974453842,-0.08170382920132248,1.716333856058841e-18,0.07194247096776962,0.0,-0.21582742035388947,-0.04796164855360985,0.0,0.08315204556623595,0.17823499578048696
4.1322290897369385,0.3880971372127533,0.012271846644580364,-0.03834952041506767,0.803805947303772,-0.25003886222839355,0.33819654650817876,0.13826566141195118,0.19814515952548023,0.33819654650817876,0.1382656614119512,0.1981451595254803,0.10130608522392427,0.012121573983574536,-0.10390684593996252,-0.0823630850496094,-1.2876006892660396e-17,0.07194247096776962,0.0,-0.21582742035388947,-0.07194247096776962,0.0,0.08148235732890478,0.1780330113115298
4.152227401733398,0.38963112235069275,0.012271846644580364,-0.04141748324036598,0.8022719621658325,-0.25003886222839355,0.33819654650817876,0.13826566141195118,0.19814515952548023,0.3384409354974712,0.13897189455626793,0.199279650801531,0.10161453320435393,0.013344747246133973,-0.10409986364443748,-0.08292777315365353,7.377764561708534e-18,0.07194247096776962,0.0,-0.21582742035388947,-0.07194247096776962,0.0,0.08019099356560895,0.17786886564423365
4.172227621078491,0.3911651074886322,0.012271846644580364,-0.04448544234037399,0.8007379770278931,-0.25003886222839355,0.3383757993541475,0.1395521146192173,0.1997605423484946,0.33867999054974063,0.1396775684036623,0.20041643139544602,0.10193460120474715,0.014593850596131308,-0.10429106643085424,-0.0834983195874446,-4.6108713810877965e-18,0.07194247096776962,0.0,-0.1918465942144394,-0.0959232971072197,0.0,0.0789016390400815,0.17770299994054617
4.192228317260742,0.3942330777645111,0.012271846644580364,-0.04448544234037399,0.7976700067520142,-0.25003886222839355,0.3386214127467491,0.1402615860049331,0.2005914436797972,0.33856159172378586,0.1408456492216095,0.20076671491571976,0.10081881179208271,0.015103888524306879,-0.10522598061718526,-0.0842688202848558,8.69804335187005e-19,0.07194247096776962,0.0,-0.16786576807498932,-0.0959232971072197,0.0,0.07780739527895947,0.17753682237662283
4.212227821350098,0.39576706290245056,0.012271846644580364,-0.04601942375302315,0.7961360216140747,-0.25003886222839355,0.33864633215412926,0.14149067429915974,0.20142466157823025,0.3386463321541294,0.1414906742991598,0.20142466157823022,0.10069597428564975,0.0158789804042491,-0.10556872299313735,-0.08476209783413795,-2.2400154120082505e-17,0.07194247096776962,0.0,-0.11990412324666977,-0.07194247096776962,0.0,0.07688829865662798,0.17741129221502502
4.232302665710449,0.39730104804039,0.012271846644580364,-0.04601942375302315,0.79460209608078,-0.25003886222839355,0.33864633215412926,0.14149067429915974,0.20142466157823025,0.3385836747809172,0.1420749364786048,0.20160070034577063,0.100119957500596,0.01614161327649427,-0.10604853896967908,-0.08515706645455016,-8.557196179853864e-18,0.07194247096776962,0.0,-0.07194247096776962,-0.07194247096776962,0.0,0.07634224042091915,0.17732795383894173
4.252227783203125,0.40036898851394653,0.012271846644580364,-0.04601942375302315,0.79460209608078,-0.25003886222839355,0.33836533991268947,0.14259414135692805,0.2016007003457706,0.33814620459945366,0.14311302078613952,0.20160070034577063,0.0985368796373344,0.01663729678989479,-0.1073372097412563,-0.08629136939094623,-1.4833025395721907e-17,0.0959232971072197,0.0,-0.023980824276804924,-0.07194247096776962,0.0,0.0756249500925197,0.17732795383894173
4.27226448059082,0.40343695878982544,0.012271846644580364,-0.04448544234037399,0.7930681109428406,-0.25003886222839355,0.3380805159182175,0.14369712233049692,0.20177700324696068,0.3377148520852285,0.14415373984942687,0.20129407136010605,0.09665484456806216,0.016610656436609278,-0.10858102935070807,-0.08713259402808686,6.025290455069673e-18,0.0959232971072197,0.0,0.0,-0.07194247096776962,0.0,0.07511322864028513,0.17728717861243215
4.292229652404785,0.4049709439277649,0.012271846644580364,-0.04601942375302315,0.7900001406669617,-0.25003886222839355,0.33815021561604935,0.14433957497268063,0.20138968190789763,0.33794540134994205,0.14486540891319966,0.20213037928393213,0.0966905066468365,0.017437088859297758,-0.10881527419253902,-0.08750189399040899,-7.969026063615456e-18,0.0959232971072197,0.0,0.0,-0.07194247096776962,0.0,0.07400430440469566,0.17707762595260096
4.312284469604492,0.40650492906570435,0.012271846644580364,-0.04601942375302315,0.7900001406669617,-0.25003886222839355,0.3377227824414778,0.1453836414908785,0.20213037928393213,0.33772278244147785,0.1453836414908785,0.2021303792839321,0.09584834069477821,0.017685796826111457,-0.10946728047095018,-0.08807383510148109,-8.685460314160324e-18,0.0959232971072197,0.0,0.0,-0.07194247096776962,0.0,0.07365580272644083,0.17707762595260107
4.332226514816284,0.4080389142036438,0.012271846644580364,-0.04601942375302315,0.7884661555290222,-0.25003886222839355,0.3376524596407425,0.14596771337221084,0.20230745158818086,0.33765245964074264,0.14596771337221087,0.20230745158818092,0.09520205122919263,0.017955662907785292,-0.10996992672016416,-0.08848383841288775,-1.5846413246743153e-17,0.0959232971072197,0.0,0.0,-0.04796164855360985,0.0,0.07311996256265971,0.17699408271500439
4.3522255420684814,0.40957286953926086,0.012271846644580364,-0.04601942375302315,0.7869321703910828,-0.25003886222839355,0.3376524596407425,0.14596771337221084,0.20230745158818086,0.3375808942914774,0.14655179314816766,0.2024847795275784,0.09454552946577224,0.01822690109213843,-0.11047631001763071,-0.08889626553804217,-1.587334035060427e-17,0.0959232971072197,0.0,0.0,-0.04796164855360985,0.0,0.07258540610080341,0.1769104893766921
4.372230768203735,0.41264083981513977,0.012271846644580364,-0.04601942375302315,0.7869321703910828,-0.25003886222839355,0.3373556889245369,0.14706946459353162,0.20248477952757837,0.33712968972257096,0.1475867899682764,0.2024847795275784,0.09277677148153535,0.018724029564649778,-0.11178806061465663,-0.09004416143001709,-3.735925673427492e-17,0.0959232971072197,0.0,0.0,-0.04796164855360985,0.0,0.07190608909549803,0.1769104893766921
4.392229318618774,0.4141748249530792,0.012271846644580364,-0.04601942375302315,0.7853981852531433,-0.25003886222839355,0.3370550810237709,0.14817066862301526,0.2026623626848525,0.33705508102377096,0.14817066862301526,0.20266236268485247,0.09208523195352496,0.018997416918623222,-0.11230236558370618,-0.09046154405814576,-1.5021489202564462e-17,0.0959232971072197,0.0,0.0,-0.04796164855360985,0.0,0.0713771842038258,0.1768268460601352
4.412225961685181,0.4141748249530792,0.012271846644580364,-0.04601942375302315,0.7838642001152039,-0.25003886222839355,0.3370550810237709,0.14817066862301526,0.2026623626848525,0.33720701527389313,0.1482374594850873,0.20284020064213046,0.09229814228351349,0.01902325634932709,-0.11216075123136994,-0.09030528389626914,-9.210161922520883e-19,0.07194247096776962,0.0,0.0,-0.04796164855360985,0.0,0.07118333888091297,0.17674315288797612
4.432227373123169,0.4157088100910187,0.012271846644580364,-0.04601942375302315,0.7823302149772644,-0.25003886222839355,0.33713080643099674,0.14882146902455418,0.20301829298094004,0.3371308064309968,0.14882146902455415,0.20301829298094007,0.09159675230048687,0.01929898763859961,-0.1126803608313314,-0.0907261352199063,-2.4357490784333662e-17,0.07194247096776962,0.0,0.0,-0.04796164855360985,0.0,0.07065507037959788,0.17665940998302881
4.4522318840026855,0.41724279522895813,0.012271846644580364,-0.04601942375302315,0.780796229839325,-0.25003886222839355,0.3370533490613852,0.14940548263198952,0.20319663928221054,0.3370533490613852,0.14940548263198955,0.20319663928221043,0.0908838699539742,0.01957606661478196,-0.11320360420268692,-0.09114928920787033,-1.6002201891343613e-17,0.04796164855360985,0.0,0.0,-0.04796164855360985,0.0,0.07012827912267472,0.1765756174682803
4.472269058227539,0.4187767803668976,0.012271846644580364,-0.04601942375302315,0.7792622447013855,-0.25003886222839355,0.3369746427887036,0.14998949730935596,0.2033752391262732,0.3369746427887037,0.14998949730935596,0.20337523912627317,0.09015922426750718,0.019854488377788256,-0.1137304566323766,-0.09157471759746152,-4.726864617047998e-18,0.04796164855360985,0.0,0.0,-0.04796164855360985,0.0,0.0696030073803208,0.17649177546689013
4.492269277572632,0.42031073570251465,0.012271846644580364,-0.04601942375302315,0.777728259563446,-0.25003886222839355,0.33689469173196146,0.15057350001666317,0.20355409209286324,0.33689469173196146,0.15057350001666317,0.20355409209286315,0.08942255650735483,0.020134241828856425,-0.11426087601021312,-0.09200237713622346,-6.5587124751067435e-18,0.04796164855360985,0.0,0.0,-0.04796164855360985,0.0,0.06907930490907789,0.17640788410219158
4.512263298034668,0.42031073570251465,0.013805827125906944,-0.04601942375302315,0.7761942744255066,-0.25003886222839355,0.33689469173196146,0.15057350001666317,0.20355409209286324,0.3371830845552554,0.1507023958344032,0.20316677076153483,0.08920418033747188,0.01869005679423843,-0.113761290246457,-0.09109943123929376,-6.56551044780537e-18,0.04796164855360985,0.0,0.0,-0.04796164855360985,0.0,0.06919449731653687,0.17632394349769212
4.53222918510437,0.4218447208404541,0.012271846644580364,-0.04601942375302315,0.7761942744255066,-0.25003886222839355,0.3368134865731805,0.1511575078353869,0.2037331977611197,0.3368134865731806,0.15115750783538695,0.20373319776111973,0.08867354564132213,0.020415329038669213,-0.11479485436519278,-0.0924322544481235,1.513944730169447e-17,0.04796164855360985,0.0,0.0,-0.04796164855360985,0.0,0.06855720360850223,0.17632394349769212
4.552316427230835,0.4218447208404541,0.012271846644580364,-0.04601942375302315,0.7746603488922119,-0.25003886222839355,0.33696339855328283,0.15122478638036885,0.20391254873554548,0.33696339855328283,0.15122478638036885,0.20391254873554562,0.08889392196114936,0.02044632345575431,-0.11466112457587165,-0.09228139779068302,1.3258618872632162e-17,0.04796164855360985,0.0,0.0,-0.04796164855360985,0.0,0.06835954655331367,0.17623995704153766
4.57223105430603,0.42337870597839355,0.012271846644580364,-0.0475534051656723,0.7731263637542725,-0.25003886222839355,0.3370202486183512,0.15187183800762552,0.2045786328619325,0.3370202486183513,0.15187183800762555,0.20457863286193245,0.08862305240685375,0.021340133921824496,-0.11514429428366253,-0.09290247383962794,-1.8972416717959316e-18,0.04796164855360985,0.0,0.0,-0.04796164855360985,0.0,0.06743807911992135,0.1761113746164973
4.592230558395386,0.424912691116333,0.012271846644580364,-0.04908738657832146,0.771592378616333,-0.25003886222839355,0.3370202486183512,0.15187183800762552,0.2045786328619325,0.33707447110041655,0.15251877042991147,0.20524570443375778,0.08834691750704174,0.022251465414923195,-0.11563698292886801,-0.09353499245417518,-9.742128372842846e-18,0.04796164855360985,0.0,0.0,-0.04796164855360985,0.0,0.06651679059043653,0.17598220533685854
4.612275123596191,0.42644667625427246,0.012271846644580364,-0.052155349403619766,0.771592378616333,-0.25003886222839355,0.33707447110041655,0.15251877042991147,0.20524570443375778,0.33711514112784396,0.15316061075967258,0.20622032046477512,0.08833707958828914,0.023779486795930643,-0.11621608685378478,-0.09452617308131409,-6.545797090411337e-18,0.04796164855360985,0.0,-0.04796164855360985,-0.04796164855360985,0.0,0.06539578207169991,0.17589144064817983
4.632229804992676,0.4279806613922119,0.012271846644580364,-0.05675728991627693,0.7700583934783936,-0.25003886222839355,0.33739922541985695,0.15328967800810994,0.20688933580873903,0.3374339297707881,0.15393034314289294,0.20786582698613082,0.08908163866642167,0.026044741510445182,-0.11660193339792349,-0.09557915415364006,-9.073384038878669e-18,0.04796164855360985,0.0,-0.11990412324666977,-0.04796164855360985,0.0,0.06368365519895774,0.17566815112816944
4.652252435684204,0.4279806613922119,0.012271846644580364,-0.0644271969795227,0.7685244083404541,-0.25003886222839355,0.33824306065406173,0.1542994518291309,0.21049434119562666,0.33824306065406157,0.15429945182913085,0.21049434119562663,0.09198015137160136,0.02944595138655439,-0.1160355670752165,-0.09634952364694477,-2.4283272663747528e-17,0.04796164855360985,0.0,-0.1918465942144394,-0.04796164855360985,0.0,0.061542365923561715,0.1753457547143821
4.672268390655518,0.43104860186576843,0.012271846644580364,-0.07209710031747818,0.7669904232025146,-0.25003886222839355,0.33824306065406173,0.1542994518291309,0.21049434119562666,0.33855620329325936,0.15569888056843906,0.21313106168131218,0.09290278010605035,0.0337082300910892,-0.11692927507696811,-0.09848737660878827,1.7416148878551865e-17,0.04796164855360985,0.0,-0.23980824649333954,-0.04796164855360985,0.0,0.05876111195937192,0.1750151033074907
4.692229509353638,0.4325825870037079,0.013805827125906944,-0.0782330259680748,0.7654564380645752,-0.25003886222839355,0.3389515977992595,0.1558807188610719,0.21429935201999883,0.3391145400325256,0.15658631792002725,0.21471060137493825,0.09391386824298349,0.03532235299377389,-0.11675652637101136,-0.09894081305777493,1.662658171068904e-17,0.04796164855360985,0.0,-0.31175071001052856,-0.07194247096776962,0.0,0.056996339231243136,0.17472731164440045
4.712229251861572,0.43411657214164734,0.012271846644580364,-0.08590292930603027,0.7623884677886963,-0.25003886222839355,0.3396117934759203,0.15744840851230435,0.21812244355849258,0.33961179347592024,0.15744840851230435,0.2181224435584926,0.09686894474302588,0.041554722937783804,-0.11680499078976721,-0.10099392659075417,9.93127910180803e-18,0.07194247096776962,0.0,-0.3597123622894287,-0.07194247096776962,0.0,0.05417316104496908,0.1742942684522353
4.732271432876587,0.4356505572795868,0.012271846644580364,-0.0920388475060463,0.7593204975128174,-0.25003886222839355,0.34012089515138755,0.1583187679094264,0.22047706262971595,0.34012089515138744,0.1583187679094264,0.22047706262971595,0.09885498537976423,0.045436839613971616,-0.11654477584378493,-0.10201973560496663,-1.755718261980007e-17,0.07194247096776962,0.0,-0.3597123622894287,-0.0959232971072197,0.0,0.05202427944880984,0.17390578539738308
4.75223183631897,0.43718454241752625,0.012271846644580364,-0.09664079546928406,0.7562525272369385,-0.25003886222839355,0.34012089515138755,0.1583187679094264,0.22047706262971595,0.3404984517228753,0.1591304571309554,0.22234334550108767,0.10029364825636819,0.04866609115368537,-0.11639259220487973,-0.10287603452144811,1.0285340503182941e-17,0.07194247096776962,0.0,-0.33573153614997864,-0.0959232971072197,0.0,0.05025424849760879,0.1735658688819336
4.772265911102295,0.4387185275554657,0.013805827125906944,-0.10124273598194122,0.754718542098999,-0.25003886222839355,0.340724575304635,0.15923613499454461,0.22333589803983145,0.3408931348471793,0.15995250620682935,0.22344616723169966,0.10095972063243366,0.0499034026433137,-0.11616927979473092,-0.10312540140864285,1.897235890896877e-17,0.07194247096776962,0.0,-0.2877698838710785,-0.11990412324666977,0.0,0.04890646978378794,0.17331104258789723
4.792230606079102,0.4417864680290222,0.012271846644580364,-0.10431069880723953,0.7531846165657043,-0.25003886222839355,0.3405932681911693,0.1604497564675943,0.22452063580161374,0.3405920362156869,0.16108803654506415,0.22520968139105088,0.10081673370183379,0.05511138287729352,-0.1177277136364479,-0.10592990637069796,2.1498987412318636e-17,0.07194247096776962,0.0,-0.23980824649333954,-0.0959232971072197,0.0,0.04708726557380902,0.17310961887743068
4.812229633331299,0.44332045316696167,0.012271846644580364,-0.10737866163253784,0.7516506314277649,-0.25003886222839355,0.3407012220218208,0.1611396775855421,0.22570726613427022,0.34069630997124284,0.1617773507921449,0.22639760529159966,0.10133507772724225,0.057767048758418746,-0.11797668439506129,-0.10694074385075604,1.9860656359770116e-18,0.0959232971072197,0.0,-0.1918465942144394,-0.0959232971072197,0.0,0.04587594790943362,0.17290661231993265
4.832350730895996,0.4463884234428406,0.012271846644580364,-0.1089126393198967,0.7501166462898254,-0.25003886222839355,0.34074984336518777,0.16244380093685495,0.2260114813936448,0.34043920962392205,0.16293709740511078,0.22708880837902787,0.0999388191711023,0.06023339380149699,-0.11970585114693028,-0.10896555432922174,-4.631293142655715e-19,0.0959232971072197,0.0,-0.14388494193553925,-0.07194247096776962,0.0,0.04460930578776647,0.1727595976760696
4.852306842803955,0.44792240858078003,0.012271846644580364,-0.11044661700725555,0.748582661151886,-0.25003886222839355,0.3406785485287724,0.1630516470379087,0.22778087346373393,0.34042802899655256,0.16357405082398646,0.22778087346373396,0.09974244358939048,0.062086355585355316,-0.12030430200765964,-0.1099442497358651,2.8401565483380564e-17,0.0959232971072197,0.0,-0.11990412324666977,-0.07194247096776962,0.0,0.04372827444913602,0.17261203364770827
4.872282981872559,0.4494563937187195,0.012271846644580364,-0.11044661700725555,0.7455146908760071,-0.25003886222839355,0.3406656996032077,0.16368825042149604,0.22847379861239525,0.3404414992378062,0.16422380077488088,0.22816850208060208,0.09920924784201457,0.06308369320571648,-0.12099113965479541,-0.11058840931842555,2.224214036805341e-17,0.0959232971072197,0.0,-0.0959232971072197,-0.07194247096776962,0.0,0.04298738965348965,0.1724318910119476
4.892297267913818,0.452524334192276,0.012271846644580364,-0.11198060214519501,0.7439807057380676,-0.25003886222839355,0.34017214080144176,0.16538225207879387,0.22886232735248546,0.3401721408014417,0.16538225207879387,0.22886232735248543,0.097633565232769,0.06580879149062943,-0.12285690546135324,-0.11278469631953222,1.0734404599341798e-17,0.0959232971072197,0.0,-0.07194247096776962,-0.07194247096776962,0.0,0.041734595871007835,0.17228344122111555
4.912269592285156,0.4555923044681549,0.012271846644580364,-0.11198060214519501,0.7424467206001282,-0.25003886222839355,0.34017214080144176,0.16538225207879387,0.22886232735248546,0.33979421759592593,0.1664893280690117,0.22905692812625583,0.0952123805242721,0.06751513295691196,-0.12510796804666008,-0.11490989247905221,-3.9225171799802153e-17,0.0959232971072197,0.0,-0.04796164855360985,-0.07194247096776962,0.0,0.040813421655803976,0.17219312967433487
4.9322288036346436,0.45712628960609436,0.012271846644580364,-0.11198060214519501,0.7424467206001282,-0.25003886222839355,0.3397942175959261,0.16648932806901173,0.22905692812625583,0.33953842575462756,0.1670103712604928,0.22905692812625586,0.0937471875404326,0.06829298599447797,-0.12636515463231107,-0.11609552575575206,2.0753168703919945e-17,0.11990412324666977,0.0,-0.023980824276804924,-0.07194247096776962,0.0,0.04045210006378868,0.17219312967433476
4.952268838882446,0.4586602747440338,0.012271846644580364,-0.11351457983255386,0.7393787503242493,-0.25003886222839355,0.33964523444877703,0.16771046133468828,0.22994731781880817,0.33964523444877703,0.16771046133468823,0.2299473178188082,0.09237425318343331,0.06956811606349189,-0.12495152485196563,-0.11527346788216579,-1.535296075503734e-17,0.0959232971072197,0.0,0.0,-0.07194247096776962,0.0,0.0393947399978645,0.17195343786998296
4.972230911254883,0.46019425988197327,0.012271846644580364,-0.11351457983255386,0.7378447651863098,-0.25003886222839355,0.339517265134339,0.16829556343493668,0.23014281047382057,0.339517265134339,0.16829556343493668,0.23014281047382057,0.09000283633623772,0.06959259322048128,-0.12425949857410966,-0.11466349768585413,-3.8859930574770667e-17,0.0959232971072197,0.0,0.0,-0.07194247096776962,0.0,0.03885057276348033,0.17186286331571063
4.992234468460083,0.46172821521759033,0.012271846644580364,-0.11351457983255386,0.7363107800483704,-0.25003886222839355,0.339517265134339,0.16829556343493668,0.23014281047382057,0.33938803606253276,0.16888052363217618,0.230338524950685,0.08763297211424018,0.06961244524179183,-0.12356390359787783,-0.11404992785296539,-9.19885260087634e-18,0.07194247096776962,0.0,0.0,-0.07194247096776962,0.0,0.03830938774155086,0.17177224155833562
5.012273073196411,0.46479618549346924,0.012271846644580364,-0.11504856497049332,0.7347767949104309,-0.25003886222839355,0.3392575371900623,0.16946535909189758,0.2305344607888637,0.3390978458931148,0.17003605268178246,0.23103581964620268,0.0829039160571099,0.07038724033856018,-0.12165621451789943,-0.11280074546435159,0.0,0.07194247096776962,0.0,-0.023980824276804924,-0.07194247096776962,0.0,0.03709899243309099,0.17162202778443758
5.032228469848633,0.4663301706314087,0.012271846644580364,-0.11811652034521103,0.7332428097724915,-0.25003886222839355,0.33916341293783187,0.17072052011706607,0.2322358644362904,0.3391634129378319,0.17072052011706612,0.23223586443629043,0.08049519734025765,0.07158394933497618,-0.11827695130471029,-0.1106169924484138,-1.9943166947548538e-18,0.07194247096776962,0.0,-0.04796164855360985,-0.07194247096776962,0.0,0.035920524407320804,0.1714110938771627
5.052234649658203,0.4663301706314087,0.012271846644580364,-0.12271846830844879,0.7317088842391968,-0.25003886222839355,0.3395827153948974,0.17093157924321575,0.23394032015061145,0.33958271539489754,0.17093157924321578,0.23394032015061145,0.08040423943788833,0.07318650278201344,-0.11342438866171774,-0.10748872984004912,-1.928645676924874e-17,0.07194247096776962,0.0,-0.07194247096776962,-0.07194247096776962,0.0,0.03480526139396176,0.17113755703586989
5.0722291469573975,0.46786415576934814,0.012271846644580364,-0.1257864236831665,0.7301748991012573,-0.25003886222839355,0.3395827153948974,0.17093157924321575,0.23394032015061145,0.33963680508950556,0.1716123133218057,0.235144437489221,0.07800442638852001,0.07432278873750445,-0.11001782227144619,-0.10526061721460468,2.079199467216267e-17,0.07194247096776962,0.0,-0.11990412324666977,-0.07194247096776962,0.0,0.0336740894636201,0.17092291026074877
5.092284440994263,0.4693981409072876,0.012271846644580364,-0.1288543939590454,0.7271069288253784,-0.25003886222839355,0.3398561518050801,0.1717231452361189,0.2358465606664364,0.3398100024738132,0.17235468205003246,0.23654948925660205,0.07558399107716836,0.07526426648078717,-0.10576126226999309,-0.1022391379542289,0.0,0.04796164855360985,0.0,-0.14388494193553925,-0.07194247096776962,0.0,0.03238851483777474,0.1706146276442784
5.112228631973267,0.47093212604522705,0.012271846644580364,-0.13192234933376312,0.7240389585494995,-0.25003886222839355,0.34002616522410023,0.17246432173640294,0.23725321389502707,0.33997569414881995,0.17309491720872694,0.23795773990458616,0.07317024632511633,0.07616866419372742,-0.10148682616748499,-0.09919339980783932,6.160252045463277e-18,0.04796164855360985,0.0,-0.16786576807498932,-0.07194247096776962,0.0,0.031134967737398687,0.17030420272442154
5.1322832107543945,0.47093212604522705,0.012271846644580364,-0.13499031960964203,0.7225049734115601,-0.25003886222839355,0.3402779088868724,0.17324878654692605,0.23916826457733642,0.3402779088868725,0.1732487865469261,0.23916826457733653,0.07311072838413878,0.07707779702533477,-0.09792827779776456,-0.0967779469161016,-1.6180534753779395e-17,0.04796164855360985,0.0,-0.16786576807498932,-0.0959232971072197,0.0,0.03045444087633949,0.17008440766009117
5.152266979217529,0.4724660813808441,0.012271846644580364,-0.1365242898464203,0.7194370031356812,-0.25003886222839355,0.3402779088868724,0.17324878654692605,0.23916826457733642,0.34034366295480284,0.17394018370482767,0.24007604702235777,0.07072315179810583,0.07738942784912206,-0.09498878112108596,-0.0945200812862433,1.5834094660559036e-18,0.04796164855360985,0.0,-0.14388494193553925,-0.0959232971072197,0.0,0.02951006121937111,0.169834564679018
5.1723411083221436,0.47400006651878357,0.012271846644580364,-0.13805827498435974,0.7179030179977417,-0.25003886222839355,0.3400764409697242,0.17446206097065162,0.2400760470223578,0.3402845441645222,0.17456881965159848,0.2407837140421992,0.06836235236609421,0.07786609839450963,-0.09288344256706017,-0.0930292014925764,0.0,0.04796164855360985,0.0,-0.11990412324666977,-0.0959232971072197,0.0,0.028741519494626576,0.16967695569970645
5.192267894744873,0.475534051656723,0.012271846644580364,-0.1395922601222992,0.7163690328598022,-0.25003886222839355,0.3401024940576569,0.17513496108158755,0.24129000239669923,0.34022278094428227,0.17519690252446385,0.24149215505492,0.06600430347205419,0.07833031003028172,-0.09077091153303156,-0.09152930707061904,-9.720807774581331e-18,0.04796164855360985,0.0,-0.0959232971072197,-0.0959232971072197,0.0,0.027985193986355735,0.1695188170066269
5.21222710609436,0.4770680367946625,0.012271846644580364,-0.1395922601222992,0.7148350477218628,-0.25003886222839355,0.33995363131419204,0.17571859288055414,0.24149215505492005,0.34007354742571483,0.17578057630546723,0.24169451502106612,0.06366352558784188,0.07826775089475216,-0.09002267663663388,-0.09086091266001933,1.82009170734911e-17,0.04796164855360985,0.0,-0.04796164855360985,-0.0959232971072197,0.0,0.027460808901780816,0.16942551167043773
5.23222279548645,0.47860202193260193,0.012271846644580364,-0.14112623035907745,0.7133010625839233,-0.25003886222839355,0.34000753014238183,0.17640789372218332,0.24240413376754089,0.34000753014238205,0.17640789372218338,0.24240413376754089,0.06131019156571675,0.07871269633425709,-0.08789825280624705,-0.08934726591186985,-2.9015412412739325e-18,0.04796164855360985,0.0,-0.04796164855360985,-0.07194247096776962,0.0,0.026723287902139032,0.16926668068367656
5.2522242069244385,0.4801360070705414,0.012271846644580364,-0.14112623035907745,0.7117670774459839,-0.25003886222839355,0.33985542128887386,0.1769911726915411,0.24260711279646802,0.3398554212888739,0.17699117269154108,0.2426071127964681,0.05897280744663476,0.07863855487430689,-0.08714158108431663,-0.08867060314931227,-2.72563008611719e-17,0.04796164855360985,0.0,-0.023980824276804924,-0.07194247096776962,0.0,0.026210177270305966,0.1691731657578838
5.272240161895752,0.4801360070705414,0.012271846644580364,-0.14112623035907745,0.7102331519126892,-0.25003886222839355,0.33985542128887386,0.1769911726915411,0.24260711279646802,0.33997403854915703,0.1770529466303512,0.24281028932677456,0.058953949735923876,0.07844962017819596,-0.08629434987937933,-0.08789273560749465,1.4725500586548353e-17,0.04796164855360985,0.0,0.0,-0.07194247096776962,0.0,0.026053389432624523,0.16907960924020515
5.292226076126099,0.48166999220848083,0.012271846644580364,-0.14112623035907745,0.7086991667747498,-0.25003886222839355,0.33961824649854194,0.17753045033209822,0.24230282611190884,0.33982029268123576,0.17763606700661827,0.24301367867025986,0.056618761232713866,0.07837020241613807,-0.08553357032045303,-0.08721301196273726,1.5954835680631852e-17,0.04796164855360985,0.0,0.0,-0.04796164855360985,0.0,0.025545657669172512,0.1689860040082373
5.312223196029663,0.48166999220848083,0.012271846644580364,-0.1395922601222992,0.7086991667747498,-0.25003886222839355,0.33973677346717385,0.17759240856412684,0.24250601053517062,0.3397367734671739,0.17759240856412686,0.24250601053517062,0.05663151853212745,0.07786397740550423,-0.08690884835629663,-0.08805843526533842,0.0,0.04796164855360985,0.0,0.0,-0.04796164855360985,0.0,0.02576031542741848,0.16905184044117266
5.332222938537598,0.4832039475440979,0.012271846644580364,-0.1395922601222992,0.7071651816368103,-0.25003886222839355,0.3395821106990016,0.1781753355448605,0.2427093998806441,0.3395821106990018,0.17817533554486054,0.24270939988064413,0.05429720104212572,0.07778175564153779,-0.08614525015342366,-0.08737642993187125,0.0,0.04796164855360985,0.0,0.0,-0.023980824276804924,0.0,0.025258686548742644,0.16895830908772622
5.3522303104400635,0.48473793268203735,0.012271846644580364,-0.1395922601222992,0.7071651816368103,-0.25003886222839355,0.3395821106990016,0.1781753355448605,0.2427093998806441,0.33930839295249937,0.17869603961841155,0.24270939988064422,0.05198077158878788,0.07788303102721136,-0.08622524997457975,-0.08746621759815087,1.2408894209899151e-17,0.04796164855360985,0.0,0.0,-0.023980824276804924,0.0,0.024926332247220132,0.16895830908772627
5.372344732284546,0.48473793268203735,0.012271846644580364,-0.14112623035907745,0.7040972113609314,-0.25003886222839355,0.3395090093965669,0.17880169383970929,0.243421070209009,0.33962624040456774,0.17886343329940235,0.24362507144563578,0.05193617633395357,0.0780059990148926,-0.08315194458391857,-0.08506702472069341,-4.7437282224201895e-18,0.04796164855360985,0.0,0.0,-0.04796164855360985,0.0,0.024392807425671292,0.16870491932027432
5.392320394515991,0.48473793268203735,0.012271846644580364,-0.14112623035907745,0.7025632262229919,-0.25003886222839355,0.3395436849240893,0.17881995563213357,0.2431167914233559,0.33974319439088824,0.17892502686621986,0.2438292756872072,0.05191978552546663,0.07781454511393099,-0.08230280167755363,-0.08429149117941986,-1.3510431982873012e-18,0.023980824276804924,0.0,0.0,-0.04796164855360985,0.0,0.024237045868610998,0.16861113525683838
5.412338972091675,0.4862719178199768,0.012271846644580364,-0.14112623035907745,0.7010292410850525,-0.25003886222839355,0.3395849087325671,0.17950760359455667,0.24403368245320817,0.33958490873256697,0.1795076035945567,0.24403368245320825,0.04959033778006785,0.07771969476091223,-0.08152993939080204,-0.08360220343873506,9.273670775491803e-18,0.023980824276804924,0.0,0.0,-0.04796164855360985,0.0,0.023748881691901633,0.168517306858476
5.432339668273926,0.48780590295791626,0.012271846644580364,-0.14112623035907745,0.699495255947113,-0.25003886222839355,0.3395849087325671,0.17950760359455667,0.24403368245320817,0.3394253578039682,0.1800899685593385,0.24423829126264715,0.0472622742590575,0.07761999730986249,-0.08075326368220437,-0.08290943743634872,-7.922900719875629e-18,0.023980824276804924,0.0,0.0,-0.07194247096776962,0.0,0.023268641926771604,0.16842343427477477
5.452282190322876,0.48780590295791626,0.012271846644580364,-0.1395922601222992,0.699495255947113,-0.25003886222839355,0.3394253578039684,0.1800899685593385,0.24423829126264723,0.3393437666339057,0.18004667847828407,0.24372940367346407,0.047272693334775705,0.07712595380476783,-0.08213430191774163,-0.08376223541269492,1.3507248655327028e-18,0.023980824276804924,0.0,0.0,-0.07194247096776962,0.0,0.023473617692890875,0.16848998391060613
5.472225666046143,0.4893398880958557,0.012271846644580364,-0.1395922601222992,0.6979612708091736,-0.25003886222839355,0.3395412909086443,0.1801514795475309,0.2444431016340573,0.33918329433439515,0.18062885109169652,0.24393401248486354,0.04494546365939933,0.0770234284310005,-0.08135478339599883,-0.08306721839661196,1.489616357916548e-17,0.023980824276804924,0.0,0.0,-0.07194247096776962,0.0,0.02300084207192829,0.1683961862369716
5.492228031158447,0.4893398880958557,0.012271846644580364,-0.14112623035907745,0.6964272856712341,-0.25003886222839355,0.33929913294307096,0.18069053984567313,0.24413882285822913,0.3393801030056052,0.18073365968563188,0.24464811308549703,0.044921563079405695,0.07732200079173247,-0.07912208966498697,-0.08143957696238247,-9.149861588650422e-18,0.023980824276804924,0.0,0.0,-0.04796164855360985,0.0,0.022641041822898292,0.16823555715074304
5.512223482131958,0.49087387323379517,0.013805827125906944,-0.1395922601222992,0.6948933005332947,-0.25003886222839355,0.33932537284186637,0.18137319970449056,0.24375378827702898,0.33932537284186626,0.18137319970449062,0.24375378827702884,0.042584624882975944,0.07464657989689624,-0.08016685769195453,-0.08131889238168778,1.5858495719635896e-17,0.023980824276804924,0.0,0.0,-0.04796164855360985,0.0,0.022358902368008523,0.16820845944809007
5.532223701477051,0.49087387323379517,0.013805827125906944,-0.1395922601222992,0.6933593153953552,-0.25003886222839355,0.33944083946919207,0.1814349179057608,0.24395879973102924,0.3394408394691919,0.18143491790576077,0.24395879973102916,0.04257133902104821,0.07445580189294279,-0.07931674030852555,-0.08054930223514238,-7.545917924616677e-18,0.023980824276804924,0.0,0.0,-0.04796164855360985,0.0,0.022195815933887874,0.16811453063293108
5.552226543426514,0.49087387323379517,0.013805827125906944,-0.14112623035907745,0.6918253302574158,-0.25003886222839355,0.33944083946919207,0.1814349179057608,0.24395879973102924,0.33963678887986526,0.1815396550531671,0.2446737624762246,0.04254881064944247,0.07475231434863003,-0.0770831737987194,-0.0789246593998226,2.851367058014887e-17,0.023980824276804924,0.0,0.0,-0.04796164855360985,0.0,0.02183000885103385,0.16795341382630327
5.572229862213135,0.49087387323379517,0.015339808538556099,-0.1395922601222992,0.6902913451194763,-0.25003886222839355,0.3395560286101882,0.18149648778749025,0.24416401178263863,0.3398593230673753,0.18165860206056086,0.24377844885222869,0.04252325329570619,0.0719960700315443,-0.07805771989029081,-0.07873490555919228,2.778851382916557e-18,0.023980824276804924,0.0,0.0,-0.04796164855360985,0.0,0.021862019707910407,0.16792654291297354
5.5922253131866455,0.4924078583717346,0.015339808538556099,-0.14112623035907745,0.6887574195861816,-0.25003886222839355,0.33977590188934836,0.18228468529889388,0.2444938623905627,0.3397759018893484,0.1822846852988939,0.24449386239056267,0.04019536297037957,0.07237281288791493,-0.07588783740568977,-0.07718395524673054,1.2577903936135685e-18,0.0,0.0,0.0,-0.04796164855360985,0.0,0.021182117658759117,0.1677651052686733
5.612224578857422,0.4924078583717346,0.016873789951205254,-0.1426602154970169,0.6887574195861816,-0.25003886222839355,0.34004512642285784,0.18242912023113192,0.2444122332229695,0.3400451264228578,0.18242912023113192,0.24441223322296943,0.04016616284148748,0.070786072047247,-0.07494856678135314,-0.07605386302147525,6.402049812458973e-18,0.0,0.023980824276804924,0.0,-0.04796164855360985,0.0,0.020953721897156805,0.16769747915155483
5.632225036621094,0.4924078583717346,0.019941750913858414,-0.15033012628555298,0.6872234344482422,-0.25003886222839355,0.34004512642285784,0.18242912023113192,0.2444122332229695,0.34093501461647013,0.18290653192637527,0.2459848493772607,0.04006993193239445,0.06885724747091428,-0.06806738800790894,-0.0704440962189784,1.1261215669177864e-18,0.0,0.04796164855360985,-0.04796164855360985,-0.04796164855360985,0.0,0.019760618545757166,0.16726079379644104
5.652229070663452,0.4924078583717346,0.023009711876511574,-0.1564660519361496,0.6856894493103027,-0.25003886222839355,0.3412816946217792,0.18309252055981212,0.24641257486461005,0.3417401592141306,0.18333847995090713,0.2470469685007319,0.03998324230131938,0.06642341957854755,-0.06256489843029664,-0.06567790931778568,-1.2331396073728423e-17,0.0,0.07194247096776962,-0.11990412324666977,-0.04796164855360985,0.0,0.018829541024409095,0.1668871562360522
5.672227144241333,0.4939418137073517,0.02454369328916073,-0.16413594782352448,0.6841554641723633,-0.25003886222839355,0.3416846502945533,0.18398423850788054,0.24858104483855342,0.342138180238049,0.18422844719920647,0.24921666037237858,0.03762115557333561,0.06653226361512947,-0.05526739718261721,-0.060329158494889304,1.8600393085453968e-17,0.0,0.0959232971072197,-0.21582742035388947,-0.04796164855360985,0.0,0.017639833011959715,0.16643741729294712
5.692286014556885,0.4939418137073517,0.02761165425181389,-0.17180585861206055,0.6826214790344238,-0.25003886222839355,0.3424795311568524,0.18441225173595066,0.24964416044135196,0.3430016828551056,0.184693410642287,0.25079225992652115,0.03753411936303636,0.06447765345141307,-0.04835553274220973,-0.05462825625910706,-6.491149526070378e-18,0.0,0.11990412324666977,-0.31175071001052856,-0.04796164855360985,0.0,0.016849207590190898,0.16598060008340243
5.712279796600342,0.4939418137073517,0.02761165425181389,-0.1764077991247177,0.6810874938964844,-0.25003886222839355,0.3433204370757818,0.18486504771322862,0.2525396542830532,0.3433204370757815,0.18486504771322848,0.2525396542830531,0.037502087545284314,0.06554125165056966,-0.04328251013877463,-0.051150657015626766,1.4463461170495847e-17,0.0,0.0959232971072197,-0.31175071001052856,-0.07194247096776962,0.0,0.016737179734318278,0.16566429907103575
5.732248306274414,0.4939418137073517,0.02761165425181389,-0.17947575449943542,0.6795535087585449,-0.25003886222839355,0.34356433965966754,0.1849963800137216,0.25377596364798566,0.34356433965966726,0.18499638001372146,0.25377596364798555,0.03747761275303797,0.06614687940649816,-0.03959601818486938,-0.04855285906488512,4.01452401442313e-18,0.0,0.07194247096776962,-0.2877698838710785,-0.07194247096776962,0.0,0.016756617742841096,0.16541940639671338
5.752290964126587,0.49547579884529114,0.029145635664463043,-0.18100973963737488,0.6780195236206055,-0.25003886222839355,0.34356433965966754,0.1849963800137216,0.25377596364798566,0.3436556472634231,0.18572611733827468,0.2539008481433492,0.03516172852330463,0.06440380218613732,-0.03785250128059542,-0.04671021687316749,-1.825888616738221e-17,0.0,0.04796164855360985,-0.23980824649333954,-0.07194247096776962,0.0,0.016100035842329167,0.16524765461851879
5.77222466468811,0.49547579884529114,0.029145635664463043,-0.18254372477531433,0.676485538482666,-0.25003886222839355,0.34404756370869255,0.185256577855831,0.25411129226346296,0.34382898926465894,0.18581979872287452,0.25462515360589705,0.03514542777999394,0.0645768339740291,-0.03556478896007531,-0.045014574567587715,8.765225905335866e-19,0.0,0.023980824276804924,-0.16786576807498932,-0.07194247096776962,0.0,0.016141608582592636,0.16507540005398916
5.792224884033203,0.49547579884529114,0.02761165425181389,-0.18254372477531433,0.676485538482666,-0.25003886222839355,0.34362642818934974,0.1857103261088185,0.25522450167105903,0.34362642818934974,0.18571032610881844,0.255224501671059,0.035164477646403396,0.06656124987213557,-0.035074380384598806,-0.045218703573652826,-9.063961864039828e-18,0.0,0.0,-0.0959232971072197,-0.04796164855360985,0.0,0.01649583630049504,0.16507540005398916
5.8122239112854,0.49547579884529114,0.02761165425181389,-0.18254372477531433,0.676485538482666,-0.25003886222839355,0.34362642818934974,0.1857103261088185,0.25522450167105903,0.34362642818934974,0.18571032610881844,0.255224501671059,0.035164477646403396,0.06656124987213557,-0.035074380384598806,-0.045218703573652826,-9.063961864039828e-18,0.0,0.0,-0.04796164855360985,-0.04796164855360985,0.0,0.01649583630049504,0.16507540005398916
5.8322248458862305,0.4970097839832306,0.029145635664463043,-0.18254372477531433,0.6749515533447266,-0.25003886222839355,0.34373290599460293,0.18576787124014357,0.25543550501111445,0.34365021382897587,0.18640487110740067,0.25483597103553624,0.03285878570061193,0.0644055166815023,-0.034737693782670685,-0.04429336536728124,9.19338521251427e-18,0.0,0.0,0.0,-0.023980824276804924,0.0,0.015764958924166714,0.164977667816068
5.852222919464111,0.4970097839832306,0.029145635664463043,-0.18254372477531433,0.6749515533447266,-0.25003886222839355,0.343650213828976,0.1864048711074007,0.2548359710355363,0.34365021382897587,0.18640487110740067,0.25483597103553624,0.03285878570061193,0.0644055166815023,-0.034737693782670685,-0.04429336536728124,9.19338521251427e-18,0.0,0.0,0.0,-0.023980824276804924,0.0,0.015764958924166714,0.164977667816068
5.872288703918457,0.4970097839832306,0.029145635664463043,-0.18254372477531433,0.6749515533447266,-0.25003886222839355,0.343650213828976,0.1864048711074007,0.2548359710355363,0.34365021382897587,0.18640487110740067,0.25483597103553624,0.03285878570061193,0.0644055166815023,-0.034737693782670685,-0.04429336536728124,9.19338521251427e-18,0.0,0.0,0.0,0.0,0.0,0.015764958924166714,0.164977667816068
5.892225980758667,0.49854376912117004,0.030679617077112198,-0.18254372477531433,0.6749515533447266,-0.25003886222839355,0.343650213828976,0.1864048711074007,0.2548359710355363,0.34356556776284775,0.1870416142822263,0.2542360840693651,0.03056558669677433,0.062481312336025184,-0.035273780597070536,-0.044141414280827046,-8.564566002960012e-18,0.023980824276804924,0.0,0.0,0.0,0.0,0.015075346989964595,0.1649776678160679
5.9122254848480225,0.49854376912117004,0.030679617077112198,-0.18254372477531433,0.6749515533447266,-0.25003886222839355,0.34367215267203527,0.1870996405087844,0.2544469014994565,0.34356556776284775,0.1870416142822263,0.2542360840693651,0.03056558669677433,0.062481312336025184,-0.035273780597070536,-0.044141414280827046,-8.564566002960012e-18,0.023980824276804924,0.0,0.0,0.0,0.0,0.015075346989964595,0.1649776678160679
5.932291030883789,0.5000777244567871,0.03374757990241051,-0.18254372477531433,0.6734175682067871,-0.25003886222839355,0.34387332857682673,0.18720916331758009,0.2538464765477963,0.34378595279829455,0.1878458186969098,0.2532457009339213,0.028251670012448847,0.05832004311494528,-0.03540138749350547,-0.042992147087045046,-4.71339031155329e-19,0.023980824276804924,0.023980824276804924,0.0,0.0,0.0,0.01403114679296985,0.1648798934952567
5.952283620834351,0.5000777244567871,0.03528155758976936,-0.18254372477531433,0.6734175682067871,-0.25003886222839355,0.34398534252679075,0.1879547659255102,0.2526445775317768,0.3439853425267908,0.1879547659255103,0.2526445775317768,0.028236604068988324,0.05632300296470301,-0.035875812046239276,-0.042774409136612464,-4.3229122742679046e-18,0.023980824276804924,0.04796164855360985,0.0,0.0,0.0,0.013720698187441399,0.16487989349525667
5.972283601760864,0.5000777244567871,0.03834952041506767,-0.18254372477531433,0.6718835830688477,-0.25003886222839355,0.3444893231112113,0.18823014263801757,0.2516513545548938,0.3444893231112113,0.1882301426380176,0.25165135455489374,0.028198591326203202,0.05208767086486636,-0.035933797164114364,-0.041558065292646065,-8.338087195257622e-18,0.023980824276804924,0.07194247096776962,0.0,-0.023980824276804924,0.0,0.013100537163033039,0.1647820772524191
5.992226600646973,0.5016117095947266,0.03988350182771683,-0.18254372477531433,0.6718835830688477,-0.25003886222839355,0.3444893231112113,0.18823014263801757,0.2516513545548938,0.3443972532907672,0.18886643925483806,0.25104900205165337,0.02591670014755681,0.050133879286958845,-0.0364384549740251,-0.04137608689095941,8.149430114245451e-18,0.023980824276804924,0.0959232971072197,0.0,-0.023980824276804924,0.0,0.012507891543277897,0.16478207725241917
6.0122270584106445,0.5016117095947266,0.04141748324036598,-0.18254372477531433,0.6703495979309082,-0.25003886222839355,0.34470134150542375,0.18903320033603938,0.2506561859159988,0.34470134150542364,0.18903320033603935,0.25065618591599864,0.025895656015098675,0.04789607552415535,-0.036018716494207785,-0.0403791570373728,5.542035123265382e-19,0.023980824276804924,0.0959232971072197,0.0,-0.023980824276804924,0.0,0.012197420082457958,0.16468421924864624
6.032240629196167,0.5016117095947266,0.04295146465301514,-0.18254372477531433,0.6703495979309082,-0.25003886222839355,0.3448970800244927,0.18914054276333325,0.25005295779174563,0.34489708002449265,0.18914054276333317,0.25005295779174547,0.02588212734163956,0.04588252967674311,-0.03647272050568341,-0.04014347297621041,2.545636921425854e-18,0.023980824276804924,0.0959232971072197,0.0,-0.023980824276804924,0.0,0.011998766948279897,0.16468421924864624
6.052224159240723,0.5016117095947266,0.04448544234037399,-0.18254372477531433,0.6703495979309082,-0.25003886222839355,0.34509200649435906,0.18924743986523634,0.24944938939799044,0.3450920064943591,0.18924743986523634,0.2494493893979904,0.025868668176804874,0.043865041165672115,-0.03692243106740507,-0.039903478315327576,-5.903906967897194e-18,0.0,0.07194247096776962,0.0,-0.023980824276804924,0.0,0.011832545023711808,0.16468421924864635
6.072222948074341,0.5016117095947266,0.04448544234037399,-0.18254372477531433,0.6688156127929688,-0.25003886222839355,0.34520010965402415,0.18930672331957013,0.24965908096572276,0.3452001096540241,0.18930672331957007,0.24965908096572278,0.02586120968550324,0.043641238943719705,-0.036045320977117115,-0.03914392041054095,1.2940332943819301e-17,0.0,0.07194247096776962,0.0,-0.023980824276804924,0.0,0.01172609650674732,0.16458631964525697
6.09222674369812,0.5016117095947266,0.04601942375302315,-0.18254372477531433,0.6688156127929688,-0.25003886222839355,0.34520010965402415,0.18930672331957013,0.24965908096572276,0.3453945064723688,0.18941332996213894,0.2490549814174942,0.025847807741973983,0.04162144343021058,-0.036491216006176434,-0.03890142191447686,0.0,0.0,0.04796164855360985,0.0,-0.023980824276804924,0.0,0.011583661478344368,0.16458631964525686
6.112226963043213,0.503145694732666,0.04601942375302315,-0.18254372477531433,0.6688156127929688,-0.25003886222839355,0.345103542977608,0.1899429369388071,0.24905498141749421,0.345103542977608,0.1899429369388071,0.2490549814174942,0.02358673257149483,0.04167039987257431,-0.036530428915396734,-0.03894442594467019,-6.9319030079520016e-18,0.0,0.023980824276804924,0.0,0.0,0.0,0.011225545372507487,0.16458631964525688
6.132224082946777,0.503145694732666,0.04601942375302315,-0.18254372477531433,0.6688156127929688,-0.25003886222839355,0.345103542977608,0.1899429369388071,0.24905498141749421,0.345103542977608,0.1899429369388071,0.2490549814174942,0.02358673257149483,0.04167039987257431,-0.036530428915396734,-0.03894442594467019,-6.9319030079520016e-18,0.0,0.023980824276804924,0.0,0.0,0.0,0.011225545372507487,0.16458631964525688
6.152226448059082,0.503145694732666,0.04601942375302315,-0.18254372477531433,0.6688156127929688,-0.25003886222839355,0.345103542977608,0.1899429369388071,0.24905498141749421,0.345103542977608,0.1899429369388071,0.2490549814174942,0.02358673257149483,0.04167039987257431,-0.036530428915396734,-0.03894442594467019,-6.9319030079520016e-18,0.0,0.0,0.0,0.0,0.0,0.011225545372507487,0.16458631964525688
6.172228574752808,0.503145694732666,0.04601942375302315,-0.18254372477531433,0.6688156127929688,-0.25003886222839355,0.345103542977608,0.1899429369388071,0.24905498141749421,0.345103542977608,0.1899429369388071,0.2490549814174942,0.02358673257149483,0.04167039987257431,-0.036530428915396734,-0.03894442594467019,-6.9319030079520016e-18,0.0,0.0,0.0,0.0,0.0,0.011225545372507487,0.16458631964525688
6.192229509353638,0.503145694732666,0.04601942375302315,-0.18254372477531433,0.6688156127929688,-0.25003886222839355,0.345103542977608,0.1899429369388071,0.24905498141749421,0.345103542977608,0.1899429369388071,0.2490549814174942,0.02358673257149483,0.04167039987257431,-0.036530428915396734,-0.03894442594467019,-6.9319030079520016e-18,0.0,0.0,0.0,0.0,0.0,0.011225545372507487,0.16458631964525688
6.21222448348999,0.503145694732666,0.04601942375302315,-0.18100973963737488,0.6672816872596741,-0.25003886222839355,0.34513991506060354,0.18996295591690032,0.24875099907801923,0.3451399150606037,0.18996295591690038,0.2487509990780192,0.023584443801743613,0.04100710545151338,-0.0370365703224313,-0.03907397436811494,-6.925785843702772e-18,0.0,0.0,0.0,0.0,0.0,0.01122152765212209,0.1645637590989259
6.232280015945435,0.503145694732666,0.04601942375302315,-0.18254372477531433,0.6672816872596741,-0.25003886222839355,0.3452115508780462,0.19000238384463955,0.24926466483422138,0.34521155087804634,0.19000238384463958,0.24926466483422136,0.023579937244839384,0.041447747506903256,-0.03565334287015397,-0.03818727303614912,7.441938870554755e-18,0.0,0.0,0.0,0.0,0.0,0.011109558568615282,0.16448838241020622
6.2522265911102295,0.503145694732666,0.04601942375302315,-0.18254372477531433,0.6672816872596741,-0.25003886222839355,0.3452115508780462,0.19000238384463955,0.24926466483422138,0.34521155087804634,0.19000238384463958,0.24926466483422136,0.023579937244839384,0.041447747506903256,-0.03565334287015397,-0.03818727303614912,7.441938870554755e-18,0.0,0.0,0.0,0.0,0.0,0.011109558568615282,0.16448838241020622
6.272282600402832,0.503145694732666,0.04601942375302315,-0.18254372477531433,0.6657477021217346,-0.25003886222839355,0.34531928105393156,0.19006167789253034,0.24947454527579177,0.3453192810539317,0.1900616778925304,0.2494745452757917,0.023573163108558448,0.041224555553961095,-0.03477570588876327,-0.037430680749667114,-5.71240540521105e-19,0.0,0.0,0.0,-0.023980824276804924,0.0,0.010997976124319166,0.16439040009405717
6.292280912399292,0.503145694732666,0.04601942375302315,-0.18254372477531433,0.6657477021217346,-0.25003886222839355,0.34531928105393156,0.19006167789253034,0.24947454527579177,0.3453192810539317,0.1900616778925304,0.2494745452757917,0.023573163108558448,0.041224555553961095,-0.03477570588876327,-0.037430680749667114,-5.71240540521105e-19,0.0,0.0,0.0,-0.023980824276804924,0.0,0.010997976124319166,0.16439040009405717
6.312282562255859,0.503145694732666,0.04601942375302315,-0.18254372477531433,0.6642137169837952,-0.25003886222839355,0.34531928105393156,0.19006167789253034,0.24947454527579177,0.34542672904936267,0.1901208166299779,0.24968461410421774,0.023566410411038522,0.04100083308938794,-0.03389754964785459,-0.03667468072295831,-4.355630636380226e-18,0.0,0.0,0.0,-0.023980824276804924,0.0,0.010890938412722885,0.16429237666361857
6.332284688949585,0.503145694732666,0.04601942375302315,-0.18254372477531433,0.6626797318458557,-0.25003886222839355,0.3454267290493627,0.19012081662997793,0.24968461410421777,0.3455338946115025,0.19017979991782216,0.24989487082518444,0.023559679136247125,0.040776580551771836,-0.033018871755545014,-0.03591927517173279,-5.311147490169593e-19,0.0,0.0,0.0,-0.023980824276804924,0.0,0.010788580960375152,0.16419431228113046
6.352226734161377,0.503145694732666,0.04601942375302315,-0.18254372477531433,0.6626797318458557,-0.25003886222839355,0.3455338946115024,0.19017979991782213,0.24989487082518447,0.3455338946115025,0.19017979991782216,0.24989487082518444,0.023559679136247125,0.040776580551771836,-0.033018871755545014,-0.03591927517173279,-5.311147490169593e-19,0.0,0.0,0.0,-0.023980824276804924,0.0,0.010788580960375152,0.16419431228113046
6.372224807739258,0.503145694732666,0.04601942375302315,-0.18254372477531433,0.6626797318458557,-0.25003886222839355,0.3455338946115024,0.19017979991782213,0.24989487082518447,0.3455338946115025,0.19017979991782216,0.24989487082518444,0.023559679136247125,0.040776580551771836,-0.033018871755545014,-0.03591927517173279,-5.311147490169593e-19,0.0,0.0,0.0,-0.023980824276804924,0.0,0.010788580960375152,0.16419431228113046
6.392225027084351,0.503145694732666,0.04601942375302315,-0.18254372477531433,0.6611457467079163,-0.25003886222839355,0.3455338946115024,0.19017979991782213,0.24989487082518447,0.3456407774881786,0.19023862761726903,0.25010531494393456,0.02355296926819815,0.0405517983840904,-0.03213966982288991,-0.035164466322281936,4.720579073825984e-18,0.0,0.0,0.0,-0.023980824276804924,0.0,0.010691038440644065,0.16409620710906583
6.412226438522339,0.503145694732666,0.0475534051656723,-0.18254372477531433,0.6611457467079163,-0.25003886222839355,0.34564077748817856,0.19023862761726898,0.2501053149439346,0.3458356093668169,0.19034586192416297,0.2494999340859476,0.023540747529526885,0.03853624662093899,-0.03258371843208098,-0.03492672585567961,4.07272032800277e-18,0.0,0.0,0.0,-0.023980824276804924,0.0,0.010525901256019196,0.16409620710906575
6.432223558425903,0.503145694732666,0.0475534051656723,-0.18254372477531433,0.6611457467079163,-0.25003886222839355,0.34583560936681673,0.19034586192416292,0.2494999340859475,0.3458356093668169,0.19034586192416297,0.2494999340859476,0.023540747529526885,0.03853624662093899,-0.03258371843208098,-0.03492672585567961,4.07272032800277e-18,0.0,0.0,0.0,-0.023980824276804924,0.0,0.010525901256019196,0.16409620710906575
6.452224016189575,0.5046796798706055,0.04908738657832146,-0.18254372477531433,0.6611457467079163,-0.25003886222839355,0.3457370689198791,0.19098322834811937,0.24889421279358837,0.3457370689198791,0.19098322834811937,0.24889421279358823,0.021273032098895178,0.03656131368122745,-0.033059264733884514,-0.03472369382780226,2.1347414958461463e-18,0.0,0.023980824276804924,0.0,0.0,0.0,0.010034815282897978,0.16409620710906578
6.472225666046143,0.503145694732666,0.05062136799097061,-0.18254372477531433,0.6596117615699768,-0.25003886222839355,0.3457370689198791,0.19098322834811937,0.24889421279358837,0.34633027930514965,0.19061812531529362,0.24849822132197538,0.023509771319249726,0.0342728916951392,-0.03258061432077286,-0.03368956314295491,4.445070010933625e-18,0.0,0.023980824276804924,0.0,0.0,0.0,0.01018536998716869,0.16399806131013084
6.492226839065552,0.503145694732666,0.052155349403619766,-0.18254372477531433,0.6596117615699768,-0.25003886222839355,0.34652295064006966,0.19072417047177875,0.2478916350512409,0.3465229506400697,0.19072417047177875,0.24789163505124076,0.02349772727566805,0.032247113637591286,-0.03301220070741873,-0.0334407291236563,4.3839181528694374e-18,0.0,0.04796164855360985,0.0,0.0,0.0,0.010127985409012465,0.16399806131013075
6.512320280075073,0.503145694732666,0.05368933081626892,-0.18254372477531433,0.6580777764320374,-0.25003886222839355,0.34682253674481056,0.1908890608815078,0.24749459257448103,0.3468225367448105,0.1908890608815078,0.24749459257448106,0.02347902326227769,0.02999975379249024,-0.03256166224779871,-0.03244305607995938,-1.2066646472207638e-18,0.0,0.04796164855360985,0.0,0.0,0.0,0.009969079733194844,0.16389987504726714
6.532301425933838,0.503145694732666,0.05368933081626892,-0.18254372477531433,0.6596117615699768,-0.25003886222839355,0.34682253674481056,0.1908890608815078,0.24749459257448103,0.34671480657235,0.190829766835502,0.24728471213062023,0.02348574589264407,0.030217387044706612,-0.03343946644349391,-0.03318759460691687,4.322544905061744e-18,0.0,0.04796164855360985,0.0,0.0,0.0,0.010112292537398955,0.16399806131013084
6.55228328704834,0.503145694732666,0.05522330850362778,-0.18254372477531433,0.6596117615699768,-0.25003886222839355,0.34682253674481056,0.1908890608815078,0.24749459257448103,0.34690584618758263,0.19093491390317868,0.24667745546340156,0.023473827062548417,0.028183721636206815,-0.03386240950172554,-0.03293016081879095,-7.153653175861442e-18,0.0,0.04796164855360985,0.0,0.0,0.0,0.010138484894468221,0.16399806131013075
6.572224140167236,0.503145694732666,0.05522330850362778,-0.18254372477531433,0.6596117615699768,-0.25003886222839355,0.34701385828563086,0.19099436311935078,0.2468871470274595,0.34690584618758263,0.19093491390317868,0.24667745546340156,0.023473827062548417,0.028183721636206815,-0.03386240950172554,-0.03293016081879095,-7.153653175861442e-18,0.0,0.023980824276804924,0.0,0.0,0.0,0.010138484894468221,0.16399806131013075
6.592278003692627,0.503145694732666,0.05522330850362778,-0.18254372477531433,0.6596117615699768,-0.25003886222839355,0.3469058461875825,0.19093491390317868,0.24667745546340158,0.34690584618758263,0.19093491390317868,0.24667745546340156,0.023473827062548417,0.028183721636206815,-0.03386240950172554,-0.03293016081879095,-7.153653175861442e-18,0.0,0.023980824276804924,0.0,0.0,0.0,0.010138484894468221,0.16399806131013075
6.612230062484741,0.503145694732666,0.05522330850362778,-0.18254372477531433,0.6580777764320374,-0.25003886222839355,0.34701385828563086,0.19099436311935078,0.2468871470274595,0.3470138582856309,0.19099436311935075,0.24688714702745948,0.023467093367026966,0.02796771712627176,-0.032985086392631674,-0.032187439528492914,2.906895578043204e-18,0.0,0.023980824276804924,0.0,0.0,0.0,0.009985408934693634,0.16389987504726716
6.632277250289917,0.503145694732666,0.05522330850362778,-0.18254372477531433,0.6580777764320374,-0.25003886222839355,0.34701385828563086,0.19099436311935078,0.2468871470274595,0.3470138582856309,0.19099436311935075,0.24688714702745948,0.023467093367026966,0.02796771712627176,-0.032985086392631674,-0.032187439528492914,2.906895578043204e-18,0.0,0.0,0.0,0.0,0.0,0.009985408934693634,0.16389987504726716
6.652271270751953,0.503145694732666,0.05522330850362778,-0.18254372477531433,0.6596117615699768,-0.25003886222839355,0.34701385828563086,0.19099436311935078,0.2468871470274595,0.34690584618758263,0.19093491390317868,0.24667745546340156,0.023473827062548417,0.028183721636206815,-0.03386240950172554,-0.03293016081879095,-7.153653175861442e-18,0.0,0.0,0.0,0.0,0.0,0.010138484894468221,0.16399806131013075
6.672234058380127,0.503145694732666,0.05675728991627693,-0.18254372477531433,0.6580777764320374,-0.25003886222839355,0.34701385828563086,0.19099436311935078,0.2468871470274595,0.347204363734276,0.19109921618491565,0.24627936571942646,0.02345522584418093,0.025931732340747353,-0.033404185748231605,-0.03192752412266743,-3.4483175273563202e-18,0.0,0.0,0.0,0.0,0.0,0.010044035747789719,0.16389987504726722
6.692228317260742,0.503145694732666,0.05522330850362778,-0.18254372477531433,0.6580777764320374,-0.25003886222839355,0.34701385828563086,0.19099436311935078,0.2468871470274595,0.3470138582856309,0.19099436311935075,0.24688714702745948,0.023467093367026966,0.02796771712627176,-0.032985086392631674,-0.032187439528492914,2.906895578043204e-18,0.0,0.0,0.0,0.0,0.0,0.009985408934693634,0.16389987504726716
6.712234020233154,0.503145694732666,0.05522330850362778,-0.18254372477531433,0.6565437912940979,-0.25003886222839355,0.3471215884567214,0.1910536571646025,0.2470970274722365,0.3471215884567215,0.19105365716460254,0.24709702747223647,0.02346038091703372,0.027751195708240632,-0.03210725202501163,-0.031445324635749006,-3.4647422684294724e-18,0.0,0.0,0.0,0.0,0.0,0.00983613504573297,0.1638016484836517
6.732224702835083,0.503145694732666,0.05522330850362778,-0.18254372477531433,0.6565437912940979,-0.25003886222839355,0.3471215884567214,0.1910536571646025,0.2470970274722365,0.3471215884567215,0.19105365716460254,0.24709702747223647,0.02346038091703372,0.027751195708240632,-0.03210725202501163,-0.031445324635749006,-3.4647422684294724e-18,0.0,0.0,0.0,0.0,0.0,0.00983613504573297,0.1638016484836517
6.752227544784546,0.503145694732666,0.05522330850362778,-0.18254372477531433,0.6550098061561584,-0.25003886222839355,0.34722903644735337,0.19111279589940866,0.24730709630386077,0.3472290364473535,0.19111279589940866,0.24730709630386075,0.023453689696762786,0.02753415785491782,-0.031228904052354005,-0.030703818378093734,-4.572294756550023e-18,0.0,0.0,0.0,-0.023980824276804924,0.0,0.009690839285239616,0.1637033817826981
6.772232294082642,0.503145694732666,0.05675728991627693,-0.18254372477531433,0.653475821018219,-0.25003886222839355,0.34722903644735337,0.19111279589940866,0.24730709630386077,0.34752755399199187,0.19127709818001457,0.24690900656126,0.023435118899699632,0.02528550424120775,-0.030770593046268006,-0.029708465583544737,2.197202461769938e-18,0.0,0.0,0.0,-0.04796164855360985,0.0,0.009578948056125703,0.1636050751080579
6.792292594909668,0.5046796798706055,0.05522330850362778,-0.18254372477531433,0.6519418358802795,-0.25003886222839355,0.3475275539919917,0.19127709818001448,0.24690900656125997,0.3471493312968398,0.19176335420754542,0.247727797149949,0.021193271102045816,0.02714319570438904,-0.029506743105183714,-0.029261605799176464,0.0,0.0,0.0,0.0,-0.04796164855360985,0.0,0.00900730546597132,0.1635067286236211
6.812227725982666,0.5046796798706055,0.05675728991627693,-0.18254372477531433,0.6519418358802795,-0.25003886222839355,0.347340803947075,0.19186912263149983,0.24711926328587225,0.34734080394707495,0.19186912263149988,0.24711926328587233,0.02118250111497176,0.025113705274303167,-0.029927816946216577,-0.029008984349546723,0.0,0.0,0.0,0.0,-0.04796164855360985,0.0,0.009026690115740248,0.16350672862362123
6.832230806350708,0.5046796798706055,0.05675728991627693,-0.18254372477531433,0.6519418358802795,-0.25003886222839355,0.347340803947075,0.19186912263149983,0.24711926328587225,0.34734080394707495,0.19186912263149988,0.24711926328587233,0.02118250111497176,0.025113705274303167,-0.029927816946216577,-0.029008984349546723,0.0,0.0,0.0,0.0,-0.023980824276804924,0.0,0.009026690115740248,0.16350672862362123
6.852283000946045,0.503145694732666,0.058291271328926086,-0.18254372477531433,0.6504078507423401,-0.25003886222839355,0.34793270175794816,0.1915000891000612,0.2467206513144442,0.34793270175794827,0.19150008910006128,0.24672065131444423,0.023409959464546163,0.022820323726639925,-0.029429489341961462,-0.02797704922278253,-5.9892274072773494e-18,0.0,0.023980824276804924,0.0,-0.023980824276804924,0.0,0.009342180426963703,0.16340834249351746
6.872262716293335,0.503145694732666,0.05982525274157524,-0.18254372477531433,0.6504078507423401,-0.25003886222839355,0.3481229823761497,0.19160481842028748,0.24611126132618388,0.34812298237614975,0.19160481842028754,0.2461112613261839,0.023398160931686316,0.02078457590672344,-0.02984234132906448,-0.02771764908620613,1.9725833311311978e-18,0.0,0.023980824276804924,0.0,-0.023980824276804924,0.0,0.009440580352384112,0.1634083424935175
6.892233848571777,0.503145694732666,0.061359234154224396,-0.18254372477531433,0.6488738656044006,-0.25003886222839355,0.3481229823761497,0.19160481842028748,0.24611126132618388,0.34841989181456856,0.19176823560879722,0.2457116077108841,0.023379773428553293,0.01853229787084056,-0.02937239464519399,-0.026722200683513345,1.1624484824015265e-17,0.0,0.04796164855360985,0.0,-0.023980824276804924,0.0,0.009415359541477446,0.16330991688211752
6.912268877029419,0.503145694732666,0.06289321184158325,-0.1840776950120926,0.6488738656044006,-0.25003886222839355,0.34841989181456867,0.19176823560879722,0.24571160771088402,0.34868397549847546,0.19191358569731298,0.24561600651500207,0.023363441972123554,0.01694665616306836,-0.028412086250453557,-0.025588161615825517,6.82494540665028e-18,0.0,0.04796164855360985,0.0,-0.023980824276804924,0.0,0.009292008159693927,0.1632329212748247
6.932232141494751,0.503145694732666,0.0644271969795227,-0.18561168015003204,0.6488738656044006,-0.25003886222839355,0.3486839754984757,0.19191358569731304,0.2456160065150021,0.3489479320444208,0.19205886580985107,0.2455199450592133,0.023347140123150086,0.015361424154937478,-0.02745171958394763,-0.024453417041602313,0.0,0.0,0.04796164855360985,-0.023980824276804924,-0.023980824276804924,0.0,0.009178199795252683,0.16315569973725738
6.95228123664856,0.503145694732666,0.0644271969795227,-0.1871456652879715,0.6488738656044006,-0.25003886222839355,0.34902240119538336,0.1920998531875033,0.2460347202404023,0.34902240119538347,0.19209985318750344,0.24603472024040232,0.02334254486489612,0.01581459067951527,-0.026086338105479414,-0.02358276142424034,2.9221741429055516e-18,0.0,0.04796164855360985,-0.023980824276804924,0.0,0.0,0.008893338105214617,0.1630782535149187
6.97222638130188,0.503145694732666,0.06596117466688156,-0.18867963552474976,0.6488738656044006,-0.25003886222839355,0.3492862266947813,0.19224506117280138,0.24593819468335554,0.34928622669478115,0.1922450611728013,0.2459381946833555,0.023326278903337876,0.014230163581888434,-0.025127238161901745,-0.022447602064178968,5.93500584314757e-18,0.0,0.04796164855360985,-0.04796164855360985,0.0,0.0,0.00878332573545799,0.1630005838612381
6.992227077484131,0.503145694732666,0.06596117466688156,-0.1902136206626892,0.6488738656044006,-0.25003886222839355,0.3492862266947813,0.19224506117280138,0.24593819468335554,0.34936000396645717,0.19228566774421044,0.2464530996525319,0.023321734092415225,0.01468012797833155,-0.023761449096953078,-0.021574177083753126,-2.6473810247364103e-18,0.0,0.023980824276804924,-0.07194247096776962,0.0,0.0,0.00851475302933299,0.16292268976427624
7.012277126312256,0.503145694732666,0.06596117466688156,-0.19328159093856812,0.6488738656044006,-0.25003886222839355,0.34943308918188026,0.1923258934119752,0.2469681331987012,0.34950548216907273,0.19236573808144017,0.24748329410993244,0.023312777328352963,0.015569307380905574,-0.021024748598480157,-0.019818178760468978,-1.997826607264067e-18,0.0,0.023980824276804924,-0.0959232971072197,0.0,0.0,0.008053589973631555,0.16276623248490868
7.032230377197266,0.503145694732666,0.06596117466688156,-0.19634954631328583,0.6488738656044006,-0.25003886222839355,0.34957718206454896,0.19240520127734784,0.24799857616787851,0.3496481900925925,0.19244428367353664,0.24851398817103867,0.0233039975028735,0.016444173038985484,-0.01828123488441755,-0.018049968733366537,0.0,0.0,0.023980824276804924,-0.0959232971072197,0.0,0.0,0.007708492107588113,0.16260888715699934
7.05222749710083,0.503145694732666,0.06596117466688156,-0.19788353145122528,0.6488738656044006,-0.25003886222839355,0.3496481900925925,0.19244428367353666,0.2485139881710387,0.34971850538624943,0.19248298479284037,0.2490295239016944,0.02329967381340278,0.016876250518154754,-0.016906912685125244,-0.017161268286936395,-3.1248972211203753e-19,0.0,0.0,-0.0959232971072197,0.0,0.0,0.0075846279209742596,0.16252988204054183
7.072225332260132,0.503145694732666,0.06596117466688156,-0.200951486825943,0.6488738656044006,-0.25003886222839355,0.34985705644398196,0.19255924247073794,0.25006095668187717,0.3498570564439819,0.1925592424707379,0.2500609566818771,0.02329115878564434,0.017729703454981798,-0.014153166953280078,-0.015374676510268345,-4.614248378270482e-19,0.0,0.0,-0.0959232971072197,0.0,0.0,0.007442380075388731,0.1623712108988409
7.092225551605225,0.503145694732666,0.06596117466688156,-0.2040194571018219,0.6488738656044006,-0.25003886222839355,0.3499928352795368,0.1926339743340416,0.25109287481953235,0.3499928352795365,0.19263397433404145,0.2510928748195323,0.023282819895023434,0.01856891933470874,-0.01139259191102024,-0.013575786628814842,-1.5076534626829424e-18,0.0,0.0,-0.0959232971072197,0.0,0.0,0.0074466610515013625,0.16221166001902204
7.112283945083618,0.503145694732666,0.06596117466688156,-0.20555342733860016,0.6488738656044006,-0.25003886222839355,0.3499928352795368,0.1926339743340416,0.25109287481953235,0.3500596838127147,0.19267076736900235,0.25160900596979724,0.023278716469835353,0.018983191257395463,-0.010009763277300339,-0.012671733094641053,-8.501739054298953e-18,0.0,0.0,-0.11990412324666977,0.0,0.0,0.007504006485046786,0.16213155696896245
7.132288932800293,0.503145694732666,0.06596117466688156,-0.2070874124765396,0.6488738656044006,-0.25003886222839355,0.3500596838127148,0.1926707673690024,0.25160900596979735,0.3501258392959593,0.19270717895340303,0.2521252585778277,0.023274656946107447,0.01939391703685326,-0.008625218970414818,-0.011764587766518215,-1.2996905848288951e-18,0.0,0.0,-0.11990412324666977,0.0,0.0,0.007597223069564669,0.16205123486696696
7.152228116989136,0.503145694732666,0.06596117466688156,-0.20862139761447906,0.6488738656044006,-0.25003886222839355,0.34982981752110787,0.19324403984606453,0.25212525857782786,0.35019130092085643,0.19274320864229716,0.25264162641563737,0.023270641330295987,0.019801095985737146,-0.0072389730218359845,-0.010854355805629205,-2.220693924384352e-20,0.0,0.0,-0.0959232971072197,0.0,0.0,0.007725011778071568,0.16197069497764835
7.172228574752808,0.503145694732666,0.06596117466688156,-0.20862139761447906,0.6488738656044006,-0.25003886222839355,0.35019130092085654,0.19274320864229721,0.2526416264156374,0.35019130092085643,0.19274320864229716,0.25264162641563737,0.023270641330295987,0.019801095985737146,-0.0072389730218359845,-0.010854355805629205,-2.220693924384352e-20,0.0,0.0,-0.07194247096776962,0.0,0.0,0.007725011778071568,0.16197069497764835
7.192223787307739,0.503145694732666,0.06596117466688156,-0.20862139761447906,0.647339940071106,-0.25003886222839355,0.3502944822419398,0.19279999902756734,0.2528544532079849,0.3502944822419397,0.19279999902756734,0.25285445320798483,0.023264314558687972,0.019558168661496955,-0.0063426394065663845,-0.010107658079964346,-9.20813535127503e-22,0.0,0.0,-0.023980824276804924,0.0,0.0,0.007750782986926172,0.16187027486867425
7.212228059768677,0.503145694732666,0.06596117466688156,-0.20862139761447906,0.647339940071106,-0.25003886222839355,0.3502944822419398,0.19279999902756734,0.2528544532079849,0.3502944822419397,0.19279999902756734,0.25285445320798483,0.023264314558687972,0.019558168661496955,-0.0063426394065663845,-0.010107658079964346,-9.20813535127503e-22,0.0,0.0,0.0,0.0,0.0,0.007750782986926172,0.16187027486867425
7.2322680950164795,0.5046796798706055,0.06596117466688156,-0.20862139761447906,0.647339940071106,-0.25003886222839355,0.3502944822419398,0.19279999902756734,0.2528544532079849,0.34999831788411206,0.19333711850669213,0.2528544532079849,0.021034092332380256,0.01960301273457793,-0.006378840720978338,-0.010146873770232833,0.0,0.0,0.0,0.0,0.0,0.0,0.007248578877266472,0.16187027486867436
7.252225637435913,0.503145694732666,0.06596117466688156,-0.20862139761447906,0.647339940071106,-0.25003886222839355,0.3502944822419398,0.19279999902756734,0.2528544532079849,0.3502944822419397,0.19279999902756734,0.25285445320798483,0.023264314558687972,0.019558168661496955,-0.0063426394065663845,-0.010107658079964346,-9.20813535127503e-22,0.0,0.0,0.0,0.0,0.0,0.007750782986926172,0.16187027486867425
7.272222995758057,0.503145694732666,0.06596117466688156,-0.20862139761447906,0.647339940071106,-0.25003886222839355,0.3502944822419398,0.19279999902756734,0.2528544532079849,0.3502944822419397,0.19279999902756734,0.25285445320798483,0.023264314558687972,0.019558168661496955,-0.0063426394065663845,-0.010107658079964346,-9.20813535127503e-22,0.0,0.0,0.0,0.0,0.0,0.007750782986926172,0.16187027486867425
7.292222738265991,0.503145694732666,0.06596117466688156,-0.20862139761447906,0.647339940071106,-0.25003886222839355,0.3502944822419398,0.19279999902756734,0.2528544532079849,0.3502944822419397,0.19279999902756734,0.25285445320798483,0.023264314558687972,0.019558168661496955,-0.0063426394065663845,-0.010107658079964346,-9.20813535127503e-22,0.0,0.0,0.0,0.0,0.0,0.007750782986926172,0.16187027486867425
7.312223196029663,0.503145694732666,0.06596117466688156,-0.20862139761447906,0.647339940071106,-0.25003886222839355,0.3502944822419398,0.19279999902756734,0.2528544532079849,0.3502944822419397,0.19279999902756734,0.25285445320798483,0.023264314558687972,0.019558168661496955,-0.0063426394065663845,-0.010107658079964346,-9.20813535127503e-22,0.0,0.0,0.0,0.0,0.0,0.007750782986926172,0.16187027486867425
7.33222770690918,0.503145694732666,0.06596117466688156,-0.20862139761447906,0.647339940071106,-0.25003886222839355,0.3502944822419398,0.19279999902756734,0.2528544532079849,0.3502944822419397,0.19279999902756734,0.25285445320798483,0.023264314558687972,0.019558168661496955,-0.0063426394065663845,-0.010107658079964346,-9.20813535127503e-22,0.0,0.0,0.0,0.0,0.0,0.007750782986926172,0.16187027486867425
7.352226734161377,0.503145694732666,0.06596117466688156,-0.20862139761447906,0.647339940071106,-0.25003886222839355,0.3502944822419398,0.19279999902756734,0.2528544532079849,0.3502944822419397,0.19279999902756734,0.25285445320798483,0.023264314558687972,0.019558168661496955,-0.0063426394065663845,-0.010107658079964346,-9.20813535127503e-22,0.0,0.0,0.0,0.0,0.0,0.007750782986926172,0.16187027486867425
7.372225284576416,0.503145694732666,0.06596117466688156,-0.20862139761447906,0.647339940071106,-0.25003886222839355,0.3502944822419398,0.19279999902756734,0.2528544532079849,0.3502944822419397,0.19279999902756734,0.25285445320798483,0.023264314558687972,0.019558168661496955,-0.0063426394065663845,-0.010107658079964346,-9.20813535127503e-22,0.0,0.0,0.0,0.0,0.0,0.007750782986926172,0.16187027486867425
7.392227649688721,0.503145694732666,0.06596117466688156,-0.20862139761447906,0.647339940071106,-0.25003886222839355,0.3502944822419398,0.19279999902756734,0.2528544532079849,0.3502944822419397,0.19279999902756734,0.25285445320798483,0.023264314558687972,0.019558168661496955,-0.0063426394065663845,-0.010107658079964346,-9.20813535127503e-22,0.0,0.0,0.0,0.0,0.0,0.007750782986926172,0.16187027486867425
7.412269592285156,0.503145694732666,0.06596117466688156,-0.20862139761447906,0.647339940071106,-0.25003886222839355,0.3502944822419398,0.19279999902756734,0.2528544532079849,0.3502944822419397,0.19279999902756734,0.25285445320798483,0.023264314558687972,0.019558168661496955,-0.0063426394065663845,-0.010107658079964346,-9.20813535127503e-22,0.0,0.0,0.0,0.0,0.0,0.007750782986926172,0.16187027486867425
7.4322733879089355,0.503145694732666,0.0644271969795227,-0.20862139761447906,0.647339940071106,-0.25003886222839355,0.3502944822419398,0.19279999902756734,0.2528544532079849,0.3500951375488966,0.19269028089447288,0.25346763602567685,0.023276540740807403,0.0215387378136155,-0.005894864155779479,-0.010323914948973317,1.2393622476853672e-18,0.0,0.0,0.0,0.0,0.0,0.008091078059287922,0.16187027486867422
7.452269554138184,0.503145694732666,0.06596117466688156,-0.20862139761447906,0.647339940071106,-0.25003886222839355,0.3502944822419398,0.19279999902756734,0.2528544532079849,0.3502944822419397,0.19279999902756734,0.25285445320798483,0.023264314558687972,0.019558168661496955,-0.0063426394065663845,-0.010107658079964346,-9.20813535127503e-22,0.0,0.0,0.0,0.0,0.0,0.007750782986926172,0.16187027486867425
7.4722254276275635,0.503145694732666,0.06596117466688156,-0.20862139761447906,0.647339940071106,-0.25003886222839355,0.3502944822419398,0.19279999902756734,0.2528544532079849,0.3502944822419397,0.19279999902756734,0.25285445320798483,0.023264314558687972,0.019558168661496955,-0.0063426394065663845,-0.010107658079964346,-9.20813535127503e-22,0.0,0.0,0.0,0.0,0.0,0.007750782986926172,0.16187027486867425
7.492225408554077,0.503145694732666,0.06596117466688156,-0.20862139761447906,0.647339940071106,-0.25003886222839355,0.3502944822419398,0.19279999902756734,0.2528544532079849,0.3502944822419397,0.19279999902756734,0.25285445320798483,0.023264314558687972,0.019558168661496955,-0.0063426394065663845,-0.010107658079964346,-9.20813535127503e-22,0.0,0.0,0.0,0.0,0.0,0.007750782986926172,0.16187027486867425
7.512224435806274,0.503145694732666,0.06596117466688156,-0.20862139761447906,0.647339940071106,-0.25003886222839355,0.3502944822419398,0.19279999902756734,0.2528544532079849,0.3502944822419397,0.19279999902756734,0.25285445320798483,0.023264314558687972,0.019558168661496955,-0.0063426394065663845,-0.010107658079964346,-9.20813535127503e-22,0.0,0.0,0.0,0.0,0.0,0.007750782986926172,0.16187027486867425
7.532223224639893,0.503145694732666,0.06596117466688156,-0.20862139761447906,0.647339940071106,-0.25003886222839355,0.3502944822419398,0.19279999902756734,0.2528544532079849,0.3502944822419397,0.19279999902756734,0.25285445320798483,0.023264314558687972,0.019558168661496955,-0.0063426394065663845,-0.010107658079964346,-9.20813535127503e-22,0.0,0.0,0.0,0.0,0.0,0.007750782986926172,0.16187027486867425
7.552225351333618,0.503145694732666,0.06596117466688156,-0.20862139761447906,0.647339940071106,-0.25003886222839355,0.3502944822419398,0.19279999902756734,0.2528544532079849,0.3502944822419397,0.19279999902756734,0.25285445320798483,0.023264314558687972,0.019558168661496955,-0.0063426394065663845,-0.010107658079964346,-9.20813535127503e-22,0.0,0.0,0.0,0.0,0.0,0.007750782986926172,0.16187027486867425
7.572226285934448,0.503145694732666,0.06596117466688156,-0.20862139761447906,0.647339940071106,-0.25003886222839355,0.3502944822419398,0.19279999902756734,0.2528544532079849,0.3502944822419397,0.19279999902756734,0.25285445320798483,0.023264314558687972,0.019558168661496955,-0.0063426394065663845,-0.010107658079964346,-9.20813535127503e-22,0.0,0.0,0.0,0.0,0.0,0.007750782986926172,0.16187027486867425
7.592223882675171,0.503145694732666,0.06596117466688156,-0.20862139761447906,0.647339940071106,-0.25003886222839355,0.3502944822419398,0.19279999902756734,0.2528544532079849,0.3502944822419397,0.19279999902756734,0.25285445320798483,0.023264314558687972,0.019558168661496955,-0.0063426394065663845,-0.010107658079964346,-9.20813535127503e-22,0.0,0.0,0.0,0.0,0.0,0.007750782986926172,0.16187027486867425
7.612225532531738,0.503145694732666,0.06596117466688156,-0.20862139761447906,0.647339940071106,-0.25003886222839355,0.3502944822419398,0.19279999902756734,0.2528544532079849,0.3502944822419397,0.19279999902756734,0.25285445320798483,0.023264314558687972,0.019558168661496955,-0.0063426394065663845,-0.010107658079964346,-9.20813535127503e-22,0.0,0.0,0.0,0.0,0.0,0.007750782986926172,0.16187027486867425
7.63222599029541,0.503145694732666,0.06596117466688156,-0.20862139761447906,0.647339940071106,-0.25003886222839355,0.35009513754889643,0.19269028089447277,0.2534676360256768,0.3502944822419397,0.19279999902756734,0.25285445320798483,0.023264314558687972,0.019558168661496955,-0.0063426394065663845,-0.010107658079964346,-9.20813535127503e-22,0.0,0.0,0.0,0.0,0.0,0.007750782986926172,0.16187027486867425
7.652225494384766,0.503145694732666,0.06596117466688156,-0.20862139761447906,0.647339940071106,-0.25003886222839355,0.3502944822419398,0.19279999902756734,0.2528544532079849,0.3502944822419397,0.19279999902756734,0.25285445320798483,0.023264314558687972,0.019558168661496955,-0.0063426394065663845,-0.010107658079964346,-9.20813535127503e-22,0.0,0.0,0.0,0.0,0.0,0.007750782986926172,0.16187027486867425
7.67222261428833,0.503145694732666,0.06596117466688156,-0.20862139761447906,0.647339940071106,-0.25003886222839355,0.3502944822419398,0.19279999902756734,0.2528544532079849,0.3502944822419397,0.19279999902756734,0.25285445320798483,0.023264314558687972,0.019558168661496955,-0.0063426394065663845,-0.010107658079964346,-9.20813535127503e-22,0.0,0.0,0.0,0.0,0.0,0.007750782986926172,0.16187027486867425
7.692259788513184,0.503145694732666,0.06596117466688156,-0.20862139761447906,0.647339940071106,-0.25003886222839355,0.3502944822419398,0.19279999902756734,0.2528544532079849,0.3502944822419397,0.19279999902756734,0.25285445320798483,0.023264314558687972,0.019558168661496955,-0.0063426394065663845,-0.010107658079964346,-9.20813535127503e-22,0.0,0.0,0.0,0.0,0.0,0.007750782986926172,0.16187027486867425
7.712249279022217,0.503145694732666,0.06596117466688156,-0.20862139761447906,0.647339940071106,-0.25003886222839355,0.3502944822419398,0.19279999902756734,0.2528544532079849,0.3502944822419397,0.19279999902756734,0.25285445320798483,0.023264314558687972,0.019558168661496955,-0.0063426394065663845,-0.010107658079964346,-9.20813535127503e-22,0.0,0.0,0.0,0.0,0.0,0.007750782986926172,0.16187027486867425
7.7322564125061035,0.503145694732666,0.06596117466688156,-0.20862139761447906,0.647339940071106,-0.25003886222839355,0.3502944822419398,0.19279999902756734,0.2528544532079849,0.3502944822419397,0.19279999902756734,0.25285445320798483,0.023264314558687972,0.019558168661496955,-0.0063426394065663845,-0.010107658079964346,-9.20813535127503e-22,0.0,0.0,0.0,0.0,0.0,0.007750782986926172,0.16187027486867425
7.752226114273071,0.503145694732666,0.06596117466688156,-0.20862139761447906,0.647339940071106,-0.25003886222839355,0.3502944822419398,0.19279999902756734,0.2528544532079849,0.3502944822419397,0.19279999902756734,0.25285445320798483,0.023264314558687972,0.019558168661496955,-0.0063426394065663845,-0.010107658079964346,-9.20813535127503e-22,0.0,0.0,0.0,0.0,0.0,0.007750782986926172,0.16187027486867425
7.772226572036743,0.503145694732666,0.06596117466688156,-0.20862139761447906,0.647339940071106,-0.25003886222839355,0.3502944822419398,0.19279999902756734,0.2528544532079849,0.3502944822419397,0.19279999902756734,0.25285445320798483,0.023264314558687972,0.019558168661496955,-0.0063426394065663845,-0.010107658079964346,-9.20813535127503e-22,0.0,0.0,0.0,0.0,0.0,0.007750782986926172,0.16187027486867425
7.792227268218994,0.5046796798706055,0.06596117466688156,-0.20862139761447906,0.647339940071106,-0.25003886222839355,0.3502944822419398,0.19279999902756734,0.2528544532079849,0.34999831788411206,0.19333711850669213,0.2528544532079849,0.021034092332380256,0.01960301273457793,-0.006378840720978338,-0.010146873770232833,0.0,0.0,0.0,0.0,0.0,0.0,0.007248578877266472,0.16187027486867436
7.8122265338897705,0.503145694732666,0.06596117466688156,-0.20862139761447906,0.647339940071106,-0.25003886222839355,0.35022930650888395,0.1927641266918418,0.25233790445095233,0.3502944822419397,0.19279999902756734,0.25285445320798483,0.023264314558687972,0.019558168661496955,-0.0063426394065663845,-0.010107658079964346,-9.20813535127503e-22,0.0,0.0,0.0,0.0,0.0,0.007750782986926172,0.16187027486867425
7.832222938537598,0.503145694732666,0.06596117466688156,-0.20862139761447906,0.647339940071106,-0.25003886222839355,0.3502944822419398,0.19279999902756734,0.2528544532079849,0.3502944822419397,0.19279999902756734,0.25285445320798483,0.023264314558687972,0.019558168661496955,-0.0063426394065663845,-0.010107658079964346,-9.20813535127503e-22,0.0,0.0,0.0,0.0,0.0,0.007750782986926172,0.16187027486867425
7.8522257804870605,0.503145694732666,0.06596117466688156,-0.20862139761447906,0.647339940071106,-0.25003886222839355,0.3502944822419398,0.19279999902756734,0.2528544532079849,0.3502944822419397,0.19279999902756734,0.25285445320798483,0.023264314558687972,0.019558168661496955,-0.0063426394065663845,-0.010107658079964346,-9.20813535127503e-22,0.0,0.0,0.0,0.0,0.0,0.007750782986926172,0.16187027486867425
7.872225522994995,0.503145694732666,0.06596117466688156,-0.20862139761447906,0.647339940071106,-0.25003886222839355,0.3502944822419398,0.19279999902756734,0.2528544532079849,0.3502944822419397,0.19279999902756734,0.25285445320798483,0.023264314558687972,0.019558168661496955,-0.0063426394065663845,-0.010107658079964346,-9.20813535127503e-22,0.0,0.0,0.0,0.0,0.0,0.007750782986926172,0.16187027486867425
7.89222526550293,0.503145694732666,0.06596117466688156,-0.20862139761447906,0.647339940071106,-0.25003886222839355,0.3502944822419398,0.19279999902756734,0.2528544532079849,0.3502944822419397,0.19279999902756734,0.25285445320798483,0.023264314558687972,0.019558168661496955,-0.0063426394065663845,-0.010107658079964346,-9.20813535127503e-22,0.0,0.0,0.0,0.0,0.0,0.007750782986926172,0.16187027486867425
7.912223815917969,0.503145694732666,0.06596117466688156,-0.20862139761447906,0.647339940071106,-0.25003886222839355,0.3502944822419398,0.19279999902756734,0.2528544532079849,0.3502944822419397,0.19279999902756734,0.25285445320798483,0.023264314558687972,0.019558168661496955,-0.0063426394065663845,-0.010107658079964346,-9.20813535127503e-22,0.0,0.0,0.0,0.0,0.0,0.007750782986926172,0.16187027486867425
7.932223558425903,0.503145694732666,0.0644271969795227,-0.20862139761447906,0.647339940071106,-0.25003886222839355,0.35009513754889643,0.19269028089447277,0.2534676360256768,0.3500951375488966,0.19269028089447288,0.25346763602567685,0.023276540740807403,0.0215387378136155,-0.005894864155779479,-0.010323914948973317,1.2393622476853672e-18,0.0,0.0,0.0,0.0,0.0,0.008091078059287922,0.16187027486867422
7.952237129211426,0.503145694732666,0.06596117466688156,-0.20862139761447906,0.647339940071106,-0.25003886222839355,0.35009513754889643,0.19269028089447277,0.2534676360256768,0.3502944822419397,0.19279999902756734,0.25285445320798483,0.023264314558687972,0.019558168661496955,-0.0063426394065663845,-0.010107658079964346,-9.20813535127503e-22,0.0,0.0,0.0,0.0,0.0,0.007750782986926172,0.16187027486867425
7.9722394943237305,0.503145694732666,0.06596117466688156,-0.20862139761447906,0.647339940071106,-0.25003886222839355,0.3502944822419398,0.19279999902756734,0.2528544532079849,0.3502944822419397,0.19279999902756734,0.25285445320798483,0.023264314558687972,0.019558168661496955,-0.0063426394065663845,-0.010107658079964346,-9.20813535127503e-22,0.0,0.0,0.0,0.0,0.0,0.007750782986926172,0.16187027486867425
7.992234468460083,0.503145694732666,0.06596117466688156,-0.20862139761447906,0.647339940071106,-0.25003886222839355,0.3502944822419398,0.19279999902756734,0.2528544532079849,0.3502944822419397,0.19279999902756734,0.25285445320798483,0.023264314558687972,0.019558168661496955,-0.0063426394065663845,-0.010107658079964346,-9.20813535127503e-22,0.0,0.0,0.0,0.0,0.0,0.007750782986926172,0.16187027486867425
8.012239933013916,0.503145694732666,0.06596117466688156,-0.20862139761447906,0.647339940071106,-0.25003886222839355,0.3502944822419398,0.19279999902756734,0.2528544532079849,0.3502944822419397,0.19279999902756734,0.25285445320798483,0.023264314558687972,0.019558168661496955,-0.0063426394065663845,-0.010107658079964346,-9.20813535127503e-22,0.0,0.0,0.0,0.0,0.0,0.007750782986926172,0.16187027486867425
8.032226324081421,0.503145694732666,0.06596117466688156,-0.20862139761447906,0.647339940071106,-0.25003886222839355,0.3502944822419398,0.19279999902756734,0.2528544532079849,0.3502944822419397,0.19279999902756734,0.25285445320798483,0.023264314558687972,0.019558168661496955,-0.0063426394065663845,-0.010107658079964346,-9.20813535127503e-22,0.0,0.0,0.0,0.0,0.0,0.007750782986926172,0.16187027486867425
8.052227258682251,0.503145694732666,0.06596117466688156,-0.20862139761447906,0.647339940071106,-0.25003886222839355,0.35009513754889643,0.19269028089447277,0.2534676360256768,0.3502944822419397,0.19279999902756734,0.25285445320798483,0.023264314558687972,0.019558168661496955,-0.0063426394065663845,-0.010107658079964346,-9.20813535127503e-22,0.0,0.0,0.0,0.0,0.0,0.007750782986926172,0.16187027486867425
8.072223424911499,0.503145694732666,0.06596117466688156,-0.20862139761447906,0.647339940071106,-0.25003886222839355,0.3502944822419398,0.19279999902756734,0.2528544532079849,0.3502944822419397,0.19279999902756734,0.25285445320798483,0.023264314558687972,0.019558168661496955,-0.0063426394065663845,-0.010107658079964346,-9.20813535127503e-22,0.0,0.0,0.0,0.0,0.0,0.007750782986926172,0.16187027486867425
8.092224359512329,0.503145694732666,0.0644271969795227,-0.20862139761447906,0.647339940071106,-0.25003886222839355,0.35009513754889643,0.19269028089447277,0.2534676360256768,0.3500951375488966,0.19269028089447288,0.25346763602567685,0.023276540740807403,0.0215387378136155,-0.005894864155779479,-0.010323914948973317,1.2393622476853672e-18,0.0,0.0,0.0,0.0,0.0,0.008091078059287922,0.16187027486867422
8.112224102020264,0.503145694732666,0.06596117466688156,-0.20862139761447906,0.647339940071106,-0.25003886222839355,0.3502944822419398,0.19279999902756734,0.2528544532079849,0.3502944822419397,0.19279999902756734,0.25285445320798483,0.023264314558687972,0.019558168661496955,-0.0063426394065663845,-0.010107658079964346,-9.20813535127503e-22,0.0,0.0,0.0,0.0,0.0,0.007750782986926172,0.16187027486867425
8.132225036621094,0.503145694732666,0.06596117466688156,-0.20862139761447906,0.647339940071106,-0.25003886222839355,0.3502944822419398,0.19279999902756734,0.2528544532079849,0.3502944822419397,0.19279999902756734,0.25285445320798483,0.023264314558687972,0.019558168661496955,-0.0063426394065663845,-0.010107658079964346,-9.20813535127503e-22,0.0,0.0,0.0,0.0,0.0,0.007750782986926172,0.16187027486867425
8.15222692489624,0.503145694732666,0.06596117466688156,-0.20862139761447906,0.647339940071106,-0.25003886222839355,0.3502944822419398,0.19279999902756734,0.2528544532079849,0.3502944822419397,0.19279999902756734,0.25285445320798483,0.023264314558687972,0.019558168661496955,-0.0063426394065663845,-0.010107658079964346,-9.20813535127503e-22,0.0,0.0,0.0,0.0,0.0,0.007750782986926172,0.16187027486867425
8.172227621078491,0.503145694732666,0.0644271969795227,-0.20862139761447906,0.647339940071106,-0.25003886222839355,0.3502944822419398,0.19279999902756734,0.2528544532079849,0.3500951375488966,0.19269028089447288,0.25346763602567685,0.023276540740807403,0.0215387378136155,-0.005894864155779479,-0.010323914948973317,1.2393622476853672e-18,0.0,0.0,0.0,0.0,0.0,0.008091078059287922,0.16187027486867422
8.192224740982056,0.503145694732666,0.06596117466688156,-0.20862139761447906,0.647339940071106,-0.25003886222839355,0.3502944822419398,0.19279999902756734,0.2528544532079849,0.3502944822419397,0.19279999902756734,0.25285445320798483,0.023264314558687972,0.019558168661496955,-0.0063426394065663845,-0.010107658079964346,-9.20813535127503e-22,0.0,0.0,0.0,0.0,0.0,0.007750782986926172,0.16187027486867425
8.212224006652832,0.503145694732666,0.06596117466688156,-0.20862139761447906,0.647339940071106,-0.25003886222839355,0.3502944822419398,0.19279999902756734,0.2528544532079849,0.3502944822419397,0.19279999902756734,0.25285445320798483,0.023264314558687972,0.019558168661496955,-0.0063426394065663845,-0.010107658079964346,-9.20813535127503e-22,0.0,0.0,0.0,0.0,0.0,0.007750782986926172,0.16187027486867425
8.23222303390503,0.503145694732666,0.06596117466688156,-0.20862139761447906,0.647339940071106,-0.25003886222839355,0.3502944822419398,0.19279999902756734,0.2528544532079849,0.3502944822419397,0.19279999902756734,0.25285445320798483,0.023264314558687972,0.019558168661496955,-0.0063426394065663845,-0.010107658079964346,-9.20813535127503e-22,0.0,0.0,0.0,0.0,0.0,0.007750782986926172,0.16187027486867425
8.252224922180176,0.503145694732666,0.06596117466688156,-0.20862139761447906,0.6488738656044006,-0.25003886222839355,0.35019130092085654,0.19274320864229721,0.2526416264156374,0.35019130092085643,0.19274320864229716,0.25264162641563737,0.023270641330295987,0.019801095985737146,-0.0072389730218359845,-0.010854355805629205,-2.220693924384352e-20,0.0,0.0,0.0,0.0,0.0,0.007725011778071568,0.16197069497764835
8.272225856781006,0.503145694732666,0.06596117466688156,-0.20862139761447906,0.647339940071106,-0.25003886222839355,0.35019130092085654,0.19274320864229721,0.2526416264156374,0.3502944822419397,0.19279999902756734,0.25285445320798483,0.023264314558687972,0.019558168661496955,-0.0063426394065663845,-0.010107658079964346,-9.20813535127503e-22,0.0,0.0,0.0,0.0,0.0,0.007750782986926172,0.16187027486867425
8.292227983474731,0.503145694732666,0.06596117466688156,-0.20862139761447906,0.647339940071106,-0.25003886222839355,0.3502944822419398,0.19279999902756734,0.2528544532079849,0.3502944822419397,0.19279999902756734,0.25285445320798483,0.023264314558687972,0.019558168661496955,-0.0063426394065663845,-0.010107658079964346,-9.20813535127503e-22,0.0,0.0,0.0,0.0,0.0,0.007750782986926172,0.16187027486867425
8.312227487564087,0.503145694732666,0.06596117466688156,-0.20862139761447906,0.647339940071106,-0.25003886222839355,0.3502944822419398,0.19279999902756734,0.2528544532079849,0.3502944822419397,0.19279999902756734,0.25285445320798483,0.023264314558687972,0.019558168661496955,-0.0063426394065663845,-0.010107658079964346,-9.20813535127503e-22,0.0,0.0,0.0,0.0,0.0,0.007750782986926172,0.16187027486867425
8.332226514816284,0.503145694732666,0.06596117466688156,-0.20862139761447906,0.647339940071106,-0.25003886222839355,0.3502944822419398,0.19279999902756734,0.2528544532079849,0.3502944822419397,0.19279999902756734,0.25285445320798483,0.023264314558687972,0.019558168661496955,-0.0063426394065663845,-0.010107658079964346,-9.20813535127503e-22,0.0,0.0,0.0,0.0,0.0,0.007750782986926172,0.16187027486867425
8.352223634719849,0.503145694732666,0.06596117466688156,-0.20862139761447906,0.647339940071106,-0.25003886222839355,0.3502944822419398,0.19279999902756734,0.2528544532079849,0.3502944822419397,0.19279999902756734,0.25285445320798483,0.023264314558687972,0.019558168661496955,-0.0063426394065663845,-0.010107658079964346,-9.20813535127503e-22,0.0,0.0,0.0,0.0,0.0,0.007750782986926172,0.16187027486867425
8.37222671508789,0.503145694732666,0.06596117466688156,-0.20862139761447906,0.647339940071106,-0.25003886222839355,0.3502944822419398,0.19279999902756734,0.2528544532079849,0.3502944822419397,0.19279999902756734,0.25285445320798483,0.023264314558687972,0.019558168661496955,-0.0063426394065663845,-0.010107658079964346,-9.20813535127503e-22,0.0,0.0,0.0,0.0,0.0,0.007750782986926172,0.16187027486867425
8.3922278881073,0.503145694732666,0.06596117466688156,-0.20862139761447906,0.647339940071106,-0.25003886222839355,0.3502944822419398,0.19279999902756734,0.2528544532079849,0.3502944822419397,0.19279999902756734,0.25285445320798483,0.023264314558687972,0.019558168661496955,-0.0063426394065663845,-0.010107658079964346,-9.20813535127503e-22,0.0,0.0,0.0,0.0,0.0,0.007750782986926172,0.16187027486867425
8.412227630615234,0.503145694732666,0.06596117466688156,-0.20862139761447906,0.647339940071106,-0.25003886222839355,0.35009513754889643,0.19269028089447277,0.2534676360256768,0.3502944822419397,0.19279999902756734,0.25285445320798483,0.023264314558687972,0.019558168661496955,-0.0063426394065663845,-0.010107658079964346,-9.20813535127503e-22,0.0,0.0,0.0,0.0,0.0,0.007750782986926172,0.16187027486867425
8.432225465774536,0.5046796798706055,0.06596117466688156,-0.20862139761447906,0.647339940071106,-0.25003886222839355,0.3502944822419398,0.19279999902756734,0.2528544532079849,0.34999831788411206,0.19333711850669213,0.2528544532079849,0.021034092332380256,0.01960301273457793,-0.006378840720978338,-0.010146873770232833,0.0,0.0,0.0,0.0,0.0,0.0,0.007248578877266472,0.16187027486867436
8.452224493026733,0.503145694732666,0.06596117466688156,-0.20862139761447906,0.647339940071106,-0.25003886222839355,0.3502944822419398,0.19279999902756734,0.2528544532079849,0.3502944822419397,0.19279999902756734,0.25285445320798483,0.023264314558687972,0.019558168661496955,-0.0063426394065663845,-0.010107658079964346,-9.20813535127503e-22,0.0,0.0,0.0,0.0,0.0,0.007750782986926172,0.16187027486867425
8.472223281860352,0.503145694732666,0.06596117466688156,-0.20862139761447906,0.647339940071106,-0.25003886222839355,0.3502944822419398,0.19279999902756734,0.2528544532079849,0.3502944822419397,0.19279999902756734,0.25285445320798483,0.023264314558687972,0.019558168661496955,-0.0063426394065663845,-0.010107658079964346,-9.20813535127503e-22,0.0,0.0,0.0,0.0,0.0,0.007750782986926172,0.16187027486867425
8.492230653762817,0.503145694732666,0.06596117466688156,-0.20862139761447906,0.647339940071106,-0.25003886222839355,0.3502944822419398,0.19279999902756734,0.2528544532079849,0.3502944822419397,0.19279999902756734,0.25285445320798483,0.023264314558687972,0.019558168661496955,-0.0063426394065663845,-0.010107658079964346,-9.20813535127503e-22,0.0,0.0,0.0,0.0,0.0,0.007750782986926172,0.16187027486867425
8.512263298034668,0.503145694732666,0.06596117466688156,-0.20862139761447906,0.647339940071106,-0.25003886222839355,0.3502944822419398,0.19279999902756734,0.2528544532079849,0.3502944822419397,0.19279999902756734,0.25285445320798483,0.023264314558687972,0.019558168661496955,-0.0063426394065663845,-0.010107658079964346,-9.20813535127503e-22,0.0,0.0,0.0,0.0,0.0,0.007750782986926172,0.16187027486867425
8.532224178314209,0.503145694732666,0.06596117466688156,-0.20862139761447906,0.647339940071106,-0.25003886222839355,0.3502944822419398,0.19279999902756734,0.2528544532079849,0.3502944822419397,0.19279999902756734,0.25285445320798483,0.023264314558687972,0.019558168661496955,-0.0063426394065663845,-0.010107658079964346,-9.20813535127503e-22,0.0,0.0,0.0,0.0,0.0,0.007750782986926172,0.16187027486867425
8.552259922027588,0.503145694732666,0.06596117466688156,-0.20862139761447906,0.647339940071106,-0.25003886222839355,0.3502944822419398,0.19279999902756734,0.2528544532079849,0.3502944822419397,0.19279999902756734,0.25285445320798483,0.023264314558687972,0.019558168661496955,-0.0063426394065663845,-0.010107658079964346,-9.20813535127503e-22,0.0,0.0,0.0,0.0,0.0,0.007750782986926172,0.16187027486867425
8.57223129272461,0.503145694732666,0.06596117466688156,-0.20862139761447906,0.647339940071106,-0.25003886222839355,0.3502944822419398,0.19279999902756734,0.2528544532079849,0.3502944822419397,0.19279999902756734,0.25285445320798483,0.023264314558687972,0.019558168661496955,-0.0063426394065663845,-0.010107658079964346,-9.20813535127503e-22,0.0,0.0,0.0,0.0,0.0,0.007750782986926172,0.16187027486867425
8.59223198890686,0.503145694732666,0.06596117466688156,-0.20862139761447906,0.647339940071106,-0.25003886222839355,0.3502944822419398,0.19279999902756734,0.2528544532079849,0.3502944822419397,0.19279999902756734,0.25285445320798483,0.023264314558687972,0.019558168661496955,-0.0063426394065663845,-0.010107658079964346,-9.20813535127503e-22,0.0,0.0,0.0,0.0,0.0,0.007750782986926172,0.16187027486867425
8.612227439880371,0.503145694732666,0.06596117466688156,-0.20862139761447906,0.647339940071106,-0.25003886222839355,0.3502944822419398,0.19279999902756734,0.2528544532079849,0.3502944822419397,0.19279999902756734,0.25285445320798483,0.023264314558687972,0.019558168661496955,-0.0063426394065663845,-0.010107658079964346,-9.20813535127503e-22,0.0,0.0,0.0,0.0,0.0,0.007750782986926172,0.16187027486867425
8.63222622871399,0.503145694732666,0.06596117466688156,-0.20862139761447906,0.647339940071106,-0.25003886222839355,0.3499983178841121,0.19333711850669216,0.252854453207985,0.3502944822419397,0.19279999902756734,0.25285445320798483,0.023264314558687972,0.019558168661496955,-0.0063426394065663845,-0.010107658079964346,-9.20813535127503e-22,0.0,0.0,0.0,0.0,0.0,0.007750782986926172,0.16187027486867425
8.652231454849243,0.503145694732666,0.06596117466688156,-0.20862139761447906,0.6458059549331665,-0.25003886222839355,0.3503973814322044,0.19285663412971332,0.2530674686921947,0.35039738143220434,0.1928566341297133,0.25306746869219465,0.023258008357033184,0.019314707818872595,-0.005445691570046881,-0.009361582104867193,1.9569897942663408e-18,0.0,0.0,0.0,0.0,0.0,0.007784275954578708,0.16176981149760034
8.672231912612915,0.503145694732666,0.06596117466688156,-0.20862139761447906,0.647339940071106,-0.25003886222839355,0.3502944822419398,0.19279999902756734,0.2528544532079849,0.3502944822419397,0.19279999902756734,0.25285445320798483,0.023264314558687972,0.019558168661496955,-0.0063426394065663845,-0.010107658079964346,-9.20813535127503e-22,0.0,0.0,0.0,0.0,0.0,0.007750782986926172,0.16187027486867425
8.692230463027954,0.503145694732666,0.06596117466688156,-0.20862139761447906,0.647339940071106,-0.25003886222839355,0.3502944822419398,0.19279999902756734,0.2528544532079849,0.3502944822419397,0.19279999902756734,0.25285445320798483,0.023264314558687972,0.019558168661496955,-0.0063426394065663845,-0.010107658079964346,-9.20813535127503e-22,0.0,0.0,0.0,0.0,0.0,0.007750782986926172,0.16187027486867425
8.712231397628784,0.503145694732666,0.06596117466688156,-0.20862139761447906,0.647339940071106,-0.25003886222839355,0.3502944822419398,0.19279999902756734,0.2528544532079849,0.3502944822419397,0.19279999902756734,0.25285445320798483,0.023264314558687972,0.019558168661496955,-0.0063426394065663845,-0.010107658079964346,-9.20813535127503e-22,0.0,0.0,0.0,0.0,0.0,0.007750782986926172,0.16187027486867425
8.73223328590393,0.503145694732666,0.06596117466688156,-0.20862139761447906,0.647339940071106,-0.25003886222839355,0.3499983178841121,0.19333711850669216,0.252854453207985,0.3502944822419397,0.19279999902756734,0.25285445320798483,0.023264314558687972,0.019558168661496955,-0.0063426394065663845,-0.010107658079964346,-9.20813535127503e-22,0.0,0.0,0.0,0.0,0.0,0.007750782986926172,0.16187027486867425
8.752224922180176,0.5046796798706055,0.06596117466688156,-0.20862139761447906,0.647339940071106,-0.25003886222839355,0.3499983178841121,0.19333711850669216,0.252854453207985,0.34999831788411206,0.19333711850669213,0.2528544532079849,0.021034092332380256,0.01960301273457793,-0.006378840720978338,-0.010146873770232833,0.0,0.0,0.0,0.0,0.0,0.0,0.007248578877266472,0.16187027486867436
8.772231340408325,0.503145694732666,0.06596117466688156,-0.20862139761447906,0.647339940071106,-0.25003886222839355,0.3502944822419398,0.19279999902756734,0.2528544532079849,0.3502944822419397,0.19279999902756734,0.25285445320798483,0.023264314558687972,0.019558168661496955,-0.0063426394065663845,-0.010107658079964346,-9.20813535127503e-22,0.0,0.0,0.0,0.0,0.0,0.007750782986926172,0.16187027486867425
8.792249917984009,0.5046796798706055,0.06596117466688156,-0.20862139761447906,0.647339940071106,-0.25003886222839355,0.3502944822419398,0.19279999902756734,0.2528544532079849,0.34999831788411206,0.19333711850669213,0.2528544532079849,0.021034092332380256,0.01960301273457793,-0.006378840720978338,-0.010146873770232833,0.0,0.0,0.0,0.0,0.0,0.0,0.007248578877266472,0.16187027486867436
8.812230110168457,0.503145694732666,0.06596117466688156,-0.2070874124765396,0.6488738656044006,-0.25003886222839355,0.3502944822419398,0.19279999902756734,0.2528544532079849,0.3501258392959593,0.19270717895340303,0.2521252585778277,0.023274656946107447,0.01939391703685326,-0.008625218970414818,-0.011764587766518215,-1.2996905848288951e-18,0.0,0.0,0.0,0.0,0.0,0.007597223069564669,0.16205123486696696
8.832228899002075,0.503145694732666,0.06596117466688156,-0.20862139761447906,0.647339940071106,-0.25003886222839355,0.3502944822419398,0.19279999902756734,0.2528544532079849,0.3502944822419397,0.19279999902756734,0.25285445320798483,0.023264314558687972,0.019558168661496955,-0.0063426394065663845,-0.010107658079964346,-9.20813535127503e-22,0.0,0.0,0.0,0.0,0.0,0.007750782986926172,0.16187027486867425
8.852222681045532,0.503145694732666,0.06596117466688156,-0.2070874124765396,0.647339940071106,-0.25003886222839355,0.35022930650888395,0.1927641266918418,0.25233790445095233,0.3502293065088839,0.1927641266918418,0.2523379044509522,0.023268310558531013,0.0191530366110363,-0.007730021800209936,-0.011019131362524122,-4.1425860211038767e-20,0.0,0.0,0.0,0.0,0.0,0.007607643605513826,0.16195092911133963
8.872244119644165,0.503145694732666,0.06596117466688156,-0.20862139761447906,0.647339940071106,-0.25003886222839355,0.35022930650888395,0.1927641266918418,0.25233790445095233,0.3502944822419397,0.19279999902756734,0.25285445320798483,0.023264314558687972,0.019558168661496955,-0.0063426394065663845,-0.010107658079964346,-9.20813535127503e-22,0.0,0.0,0.0,0.0,0.0,0.007750782986926172,0.16187027486867425
8.892228841781616,0.503145694732666,0.06596117466688156,-0.20862139761447906,0.647339940071106,-0.25003886222839355,0.3502944822419398,0.19279999902756734,0.2528544532079849,0.3502944822419397,0.19279999902756734,0.25285445320798483,0.023264314558687972,0.019558168661496955,-0.0063426394065663845,-0.010107658079964346,-9.20813535127503e-22,0.0,0.0,0.0,0.0,0.0,0.007750782986926172,0.16187027486867425
8.912230730056763,0.503145694732666,0.06596117466688156,-0.20862139761447906,0.647339940071106,-0.25003886222839355,0.3502944822419398,0.19279999902756734,0.2528544532079849,0.3502944822419397,0.19279999902756734,0.25285445320798483,0.023264314558687972,0.019558168661496955,-0.0063426394065663845,-0.010107658079964346,-9.20813535127503e-22,0.0,0.0,0.0,0.0,0.0,0.007750782986926172,0.16187027486867425
8.932231664657593,0.503145694732666,0.06596117466688156,-0.20862139761447906,0.647339940071106,-0.25003886222839355,0.3502944822419398,0.19279999902756734,0.2528544532079849,0.3502944822419397,0.19279999902756734,0.25285445320798483,0.023264314558687972,0.019558168661496955,-0.0063426394065663845,-0.010107658079964346,-9.20813535127503e-22,0.0,0.0,0.0,0.0,0.0,0.007750782986926172,0.16187027486867425
8.952224016189575,0.503145694732666,0.06596117466688156,-0.20862139761447906,0.647339940071106,-0.25003886222839355,0.3502944822419398,0.19279999902756734,0.2528544532079849,0.3502944822419397,0.19279999902756734,0.25285445320798483,0.023264314558687972,0.019558168661496955,-0.0063426394065663845,-0.010107658079964346,-9.20813535127503e-22,0.0,0.0,0.0,0.0,0.0,0.007750782986926172,0.16187027486867425
8.972223281860352,0.503145694732666,0.06596117466688156,-0.20862139761447906,0.647339940071106,-0.25003886222839355,0.3502944822419398,0.19279999902756734,0.2528544532079849,0.3502944822419397,0.19279999902756734,0.25285445320798483,0.023264314558687972,0.019558168661496955,-0.0063426394065663845,-0.010107658079964346,-9.20813535127503e-22,0.0,0.0,0.0,0.0,0.0,0.007750782986926172,0.16187027486867425
8.992230892181396,0.503145694732666,0.06596117466688156,-0.20862139761447906,0.647339940071106,-0.25003886222839355,0.3502944822419398,0.19279999902756734,0.2528544532079849,0.3502944822419397,0.19279999902756734,0.25285445320798483,0.023264314558687972,0.019558168661496955,-0.0063426394065663845,-0.010107658079964346,-9.20813535127503e-22,0.0,0.0,0.0,0.0,0.0,0.007750782986926172,0.16187027486867425
9.01223111152649,0.503145694732666,0.06596117466688156,-0.20862139761447906,0.647339940071106,-0.25003886222839355,0.35009513754889643,0.19269028089447277,0.2534676360256768,0.3502944822419397,0.19279999902756734,0.25285445320798483,0.023264314558687972,0.019558168661496955,-0.0063426394065663845,-0.010107658079964346,-9.20813535127503e-22,0.0,0.0,0.0,0.0,0.0,0.007750782986926172,0.16187027486867425
9.03222370147705,0.503145694732666,0.06596117466688156,-0.20862139761447906,0.647339940071106,-0.25003886222839355,0.3502944822419398,0.19279999902756734,0.2528544532079849,0.3502944822419397,0.19279999902756734,0.25285445320798483,0.023264314558687972,0.019558168661496955,-0.0063426394065663845,-0.010107658079964346,-9.20813535127503e-22,0.0,0.0,0.0,0.0,0.0,0.007750782986926172,0.16187027486867425
9.052231788635254,0.503145694732666,0.06596117466688156,-0.20862139761447906,0.647339940071106,-0.25003886222839355,0.3502944822419398,0.19279999902756734,0.2528544532079849,0.3502944822419397,0.19279999902756734,0.25285445320798483,0.023264314558687972,0.019558168661496955,-0.0063426394065663845,-0.010107658079964346,-9.20813535127503e-22,0.0,0.0,0.0,0.0,0.0,0.007750782986926172,0.16187027486867425
9.072229385375977,0.503145694732666,0.06596117466688156,-0.20862139761447906,0.647339940071106,-0.25003886222839355,0.3502944822419398,0.19279999902756734,0.2528544532079849,0.3502944822419397,0.19279999902756734,0.25285445320798483,0.023264314558687972,0.019558168661496955,-0.0063426394065663845,-0.010107658079964346,-9.20813535127503e-22,0.0,0.0,0.0,0.0,0.0,0.007750782986926172,0.16187027486867425
9.092231035232544,0.5046796798706055,0.06596117466688156,-0.20862139761447906,0.647339940071106,-0.25003886222839355,0.3502944822419398,0.19279999902756734,0.2528544532079849,0.34999831788411206,0.19333711850669213,0.2528544532079849,0.021034092332380256,0.01960301273457793,-0.006378840720978338,-0.010146873770232833,0.0,0.0,0.0,0.0,0.0,0.0,0.007248578877266472,0.16187027486867436
9.112231969833374,0.503145694732666,0.06596117466688156,-0.20862139761447906,0.647339940071106,-0.25003886222839355,0.3502944822419398,0.19279999902756734,0.2528544532079849,0.3502944822419397,0.19279999902756734,0.25285445320798483,0.023264314558687972,0.019558168661496955,-0.0063426394065663845,-0.010107658079964346,-9.20813535127503e-22,0.0,0.0,0.0,0.0,0.0,0.007750782986926172,0.16187027486867425
9.132224559783936,0.503145694732666,0.06596117466688156,-0.2070874124765396,0.647339940071106,-0.25003886222839355,0.35022930650888395,0.1927641266918418,0.25233790445095233,0.3502293065088839,0.1927641266918418,0.2523379044509522,0.023268310558531013,0.0191530366110363,-0.007730021800209936,-0.011019131362524122,-4.1425860211038767e-20,0.0,0.0,0.0,0.0,0.0,0.007607643605513826,0.16195092911133963
9.152230501174927,0.503145694732666,0.06596117466688156,-0.20862139761447906,0.647339940071106,-0.25003886222839355,0.35022930650888395,0.1927641266918418,0.25233790445095233,0.3502944822419397,0.19279999902756734,0.25285445320798483,0.023264314558687972,0.019558168661496955,-0.0063426394065663845,-0.010107658079964346,-9.20813535127503e-22,0.0,0.0,0.0,0.0,0.0,0.007750782986926172,0.16187027486867425
9.172241449356079,0.503145694732666,0.06596117466688156,-0.2070874124765396,0.647339940071106,-0.25003886222839355,0.3499983178841121,0.19333711850669216,0.252854453207985,0.3502293065088839,0.1927641266918418,0.2523379044509522,0.023268310558531013,0.0191530366110363,-0.007730021800209936,-0.011019131362524122,-4.1425860211038767e-20,0.0,0.0,0.0,0.0,0.0,0.007607643605513826,0.16195092911133963
9.192232370376587,0.503145694732666,0.06596117466688156,-0.20862139761447906,0.647339940071106,-0.25003886222839355,0.3502944822419398,0.19279999902756734,0.2528544532079849,0.3502944822419397,0.19279999902756734,0.25285445320798483,0.023264314558687972,0.019558168661496955,-0.0063426394065663845,-0.010107658079964346,-9.20813535127503e-22,0.0,0.0,0.0,0.0,0.0,0.007750782986926172,0.16187027486867425
9.21223521232605,0.503145694732666,0.06596117466688156,-0.20862139761447906,0.647339940071106,-0.25003886222839355,0.3502944822419398,0.19279999902756734,0.2528544532079849,0.3502944822419397,0.19279999902756734,0.25285445320798483,0.023264314558687972,0.019558168661496955,-0.0063426394065663845,-0.010107658079964346,-9.20813535127503e-22,0.0,0.0,0.0,0.0,0.0,0.007750782986926172,0.16187027486867425
9.232231616973877,0.5046796798706055,0.06596117466688156,-0.20862139761447906,0.647339940071106,-0.25003886222839355,0.3502944822419398,0.19279999902756734,0.2528544532079849,0.34999831788411206,0.19333711850669213,0.2528544532079849,0.021034092332380256,0.01960301273457793,-0.006378840720978338,-0.010146873770232833,0.0,0.0,0.0,0.0,0.0,0.0,0.007248578877266472,0.16187027486867436
9.252224445343018,0.503145694732666,0.06596117466688156,-0.20862139761447906,0.647339940071106,-0.25003886222839355,0.3502944822419398,0.19279999902756734,0.2528544532079849,0.3502944822419397,0.19279999902756734,0.25285445320798483,0.023264314558687972,0.019558168661496955,-0.0063426394065663845,-0.010107658079964346,-9.20813535127503e-22,0.0,0.0,0.0,0.0,0.0,0.007750782986926172,0.16187027486867425
9.272230863571167,0.503145694732666,0.06596117466688156,-0.20862139761447906,0.647339940071106,-0.25003886222839355,0.3502944822419398,0.19279999902756734,0.2528544532079849,0.3502944822419397,0.19279999902756734,0.25285445320798483,0.023264314558687972,0.019558168661496955,-0.0063426394065663845,-0.010107658079964346,-9.20813535127503e-22,0.0,0.0,0.0,0.0,0.0,0.007750782986926172,0.16187027486867425
9.292230129241943,0.503145694732666,0.06596117466688156,-0.20862139761447906,0.647339940071106,-0.25003886222839355,0.3502944822419398,0.19279999902756734,0.2528544532079849,0.3502944822419397,0.19279999902756734,0.25285445320798483,0.023264314558687972,0.019558168661496955,-0.0063426394065663845,-0.010107658079964346,-9.20813535127503e-22,0.0,0.0,0.0,0.0,0.0,0.007750782986926172,0.16187027486867425
9.312224388122559,0.503145694732666,0.06596117466688156,-0.20862139761447906,0.647339940071106,-0.25003886222839355,0.3502944822419398,0.19279999902756734,0.2528544532079849,0.3502944822419397,0.19279999902756734,0.25285445320798483,0.023264314558687972,0.019558168661496955,-0.0063426394065663845,-0.010107658079964346,-9.20813535127503e-22,0.0,0.0,0.0,0.0,0.0,0.007750782986926172,0.16187027486867425
9.332231760025024,0.503145694732666,0.06596117466688156,-0.20862139761447906,0.647339940071106,-0.25003886222839355,0.3502944822419398,0.19279999902756734,0.2528544532079849,0.3502944822419397,0.19279999902756734,0.25285445320798483,0.023264314558687972,0.019558168661496955,-0.0063426394065663845,-0.010107658079964346,-9.20813535127503e-22,0.0,0.0,0.0,0.0,0.0,0.007750782986926172,0.16187027486867425
9.35223388671875,0.503145694732666,0.06596117466688156,-0.20862139761447906,0.647339940071106,-0.25003886222839355,0.3502944822419398,0.19279999902756734,0.2528544532079849,0.3502944822419397,0.19279999902756734,0.25285445320798483,0.023264314558687972,0.019558168661496955,-0.0063426394065663845,-0.010107658079964346,-9.20813535127503e-22,0.0,0.0,0.0,0.0,0.0,0.007750782986926172,0.16187027486867425
9.372230052947998,0.5046796798706055,0.06596117466688156,-0.20862139761447906,0.647339940071106,-0.25003886222839355,0.3502944822419398,0.19279999902756734,0.2528544532079849,0.34999831788411206,0.19333711850669213,0.2528544532079849,0.021034092332380256,0.01960301273457793,-0.006378840720978338,-0.010146873770232833,0.0,0.0,0.0,0.0,0.0,0.0,0.007248578877266472,0.16187027486867436
9.392232656478882,0.503145694732666,0.06596117466688156,-0.20862139761447906,0.647339940071106,-0.25003886222839355,0.3502944822419398,0.19279999902756734,0.2528544532079849,0.3502944822419397,0.19279999902756734,0.25285445320798483,0.023264314558687972,0.019558168661496955,-0.0063426394065663845,-0.010107658079964346,-9.20813535127503e-22,0.0,0.0,0.0,0.0,0.0,0.007750782986926172,0.16187027486867425
9.412230730056763,0.503145694732666,0.06596117466688156,-0.2070874124765396,0.647339940071106,-0.25003886222839355,0.35022930650888395,0.1927641266918418,0.25233790445095233,0.3502293065088839,0.1927641266918418,0.2523379044509522,0.023268310558531013,0.0191530366110363,-0.007730021800209936,-0.011019131362524122,-4.1425860211038767e-20,0.0,0.0,0.0,0.0,0.0,0.007607643605513826,0.16195092911133963
9.432230949401855,0.503145694732666,0.06596117466688156,-0.20862139761447906,0.647339940071106,-0.25003886222839355,0.35022930650888395,0.1927641266918418,0.25233790445095233,0.3502944822419397,0.19279999902756734,0.25285445320798483,0.023264314558687972,0.019558168661496955,-0.0063426394065663845,-0.010107658079964346,-9.20813535127503e-22,0.0,0.0,0.0,0.0,0.0,0.007750782986926172,0.16187027486867425
9.45226764678955,0.503145694732666,0.06596117466688156,-0.20862139761447906,0.647339940071106,-0.25003886222839355,0.35022930650888395,0.1927641266918418,0.25233790445095233,0.3502944822419397,0.19279999902756734,0.25285445320798483,0.023264314558687972,0.019558168661496955,-0.0063426394065663845,-0.010107658079964346,-9.20813535127503e-22,0.0,0.0,0.0,0.0,0.0,0.007750782986926172,0.16187027486867425
9.472269535064697,0.5046796798706055,0.06596117466688156,-0.20862139761447906,0.647339940071106,-0.25003886222839355,0.3502944822419398,0.19279999902756734,0.2528544532079849,0.34999831788411206,0.19333711850669213,0.2528544532079849,0.021034092332380256,0.01960301273457793,-0.006378840720978338,-0.010146873770232833,0.0,0.0,0.0,0.0,0.0,0.0,0.007248578877266472,0.16187027486867436
9.492228031158447,0.503145694732666,0.06596117466688156,-0.20862139761447906,0.647339940071106,-0.25003886222839355,0.3502944822419398,0.19279999902756734,0.2528544532079849,0.3502944822419397,0.19279999902756734,0.25285445320798483,0.023264314558687972,0.019558168661496955,-0.0063426394065663845,-0.010107658079964346,-9.20813535127503e-22,0.0,0.0,0.0,0.0,0.0,0.007750782986926172,0.16187027486867425
9.512267112731934,0.503145694732666,0.06596117466688156,-0.2070874124765396,0.647339940071106,-0.25003886222839355,0.35022930650888395,0.1927641266918418,0.25233790445095233,0.3502293065088839,0.1927641266918418,0.2523379044509522,0.023268310558531013,0.0191530366110363,-0.007730021800209936,-0.011019131362524122,-4.1425860211038767e-20,0.0,0.0,0.0,0.0,0.0,0.007607643605513826,0.16195092911133963
9.532267570495605,0.503145694732666,0.06596117466688156,-0.2070874124765396,0.647339940071106,-0.25003886222839355,0.35022930650888395,0.1927641266918418,0.25233790445095233,0.3502293065088839,0.1927641266918418,0.2523379044509522,0.023268310558531013,0.0191530366110363,-0.007730021800209936,-0.011019131362524122,-4.1425860211038767e-20,0.0,0.0,0.0,0.0,0.0,0.007607643605513826,0.16195092911133963
9.552271127700806,0.503145694732666,0.06596117466688156,-0.20862139761447906,0.647339940071106,-0.25003886222839355,0.35022930650888395,0.1927641266918418,0.25233790445095233,0.3502944822419397,0.19279999902756734,0.25285445320798483,0.023264314558687972,0.019558168661496955,-0.0063426394065663845,-0.010107658079964346,-9.20813535127503e-22,0.0,0.0,0.0,0.0,0.0,0.007750782986926172,0.16187027486867425
9.572273015975952,0.503145694732666,0.06596117466688156,-0.20862139761447906,0.647339940071106,-0.25003886222839355,0.3502944822419398,0.19279999902756734,0.2528544532079849,0.3502944822419397,0.19279999902756734,0.25285445320798483,0.023264314558687972,0.019558168661496955,-0.0063426394065663845,-0.010107658079964346,-9.20813535127503e-22,0.0,0.0,0.0,0.0,0.0,0.007750782986926172,0.16187027486867425
